"id","惟农大与青春不可辜负 女/河南         ","209","473","132"
"id","用户6394388952 男/北京         ","0","62","2"
"id","念北49136 男/其他         ","2","128","2"
"id","黄石校园事儿","58","53","1623"
"id","热情噗嗤哈012 男/其他         ","0","63","2"
"id","白樱45309 男/其他         ","0","78","2"
"id","妳的太子06481 男/其他         ","0","65","2"
"id","杨亚荣15414 男/其他         ","0","64","2"
"id","地狱柔情神42975 男/其他         ","0","59","2"
"id","用户6394356298 男/山东         ","0","91","2"
"id","用户6394354903 男/其他         ","0","63","2"
"id","宅女闫少皇 男/其他         ","0","61","2"
"id","苏泽明34335 男/其他         ","0","58","2"
"id","伊人儿66674 男/其他         ","0","63","2"
"id","洛水北洋 男/天津         ","10","100","77"
"id","本人qzuser00157 男/其他         ","0","60","2"
"id","用户6388275417 男/其他         ","0","61","2"
"id","觅觅且寻寻","727","550","119"
"id","失之命76225 男/其他         ","0","64","2"
"id","相依诠释了此兮98650 男/其他         ","0","50","2"
"id","身处花海 男/湖南         ","8","49","17"
"id","无棣6313840764 男/江西         ","23","222","30"
"id","最好的qzuser61674 男/其他         ","0","62","2"
"id","用户6394307179 男/其他         ","0","65","2"
"id","诗意半微凉38413 女/其他         ","234","202","26"
"id","千千看客心 女/江苏         ","126","193","50"
"id","用户6388218379 男/其他         ","0","64","2"
"id","姚山35515 男/其他         ","1","63","2"
"id","紫之守望85886 男/其他         ","0","61","2"
"id","用户6388206802 男/其他         ","0","63","2"
"id","放下過後耿澄明","77","194","53"
"id","用户6394267729 男/其他         ","0","62","2"
"id","爱乐乐20140901 女/浙江         ","10","82","33"
"id","挚丽42667 男/其他         ","0","17","2"
"id","国民偶像赵秋","15","235","55"
"id","用户6382870497 男/其他         ","0","58","2"
"id","柚栀18195 男/其他         ","0","63","2"
"id","偏爱95829 男/其他         ","0","64","3"
"id","雷魔18280 男/其他         ","0","53","4"
"id","氧气BookBar 男/辽宁         ","58","98","13"
"id","用户6283881803 男/其他         ","1","61","4"
"id","用户6382628350 男/海外         ","1","80","4"
"id","qzuser988105366 男/其他         ","0","60","4"
"id","多瑙河之波v","31","99","37"
"id","林达资本","154","656","551"
"id","用户6386393553 男/其他         ","0","60","6"
"id","执笔情话lsy","380","113","41"
"id","孤独又灿烂的星球","283","185","86"
"id","我的梦85510 男/其他         ","0","65","2"
"id","用户6382832904 男/其他         ","0","64","2"
"id","唐st52467 男/其他         ","0","60","3"
"id","末日孤歌- 男/上海         ","22","138","89"
"id","蓝鲸少女与海57876 男/其他         ","1","63","3"
"id","幺幺81477 男/其他         ","0","61","3"
"id","强颜欢笑16205 男/其他         ","4","61","9"
"id","遇见你们是我最好的开始02926 男/其他         ","0","28","4"
"id","faker199811 男/其他         ","0","59","4"
"id","发撒发撒上","3","121","40"
"id","用户6386349996 男/其他         ","0","62","3"
"id","用户6382572741 男/其他         ","0","60","4"
"id","用户6386342749 男/其他         ","0","62","3"
"id","许嘉_麟","228","215","138"
"id","用户6188343488 女/其他         ","0","78","6"
"id","忆了流年荒了屿99051 男/其他         ","0","61","3"
"id","小杜32349 男/其他         ","0","64","3"
"id","用户6382560962 男/其他         ","0","60","2"
"id","用户6382560908 男/其他         ","0","59","3"
"id","用户6388139830 男/广东         ","3","77","5"
"id","用户6388137629","5","310","49"
"id","建伟1372 男/其他         ","0","60","3"
"id","帝王小丑65680 男/其他         ","0","61","3"
"id","用户6388136381 男/其他         ","1","63","3"
"id","用户6248610642 男/其他         ","0","58","3"
"id","两袖清风口袋空空90007 男/其他         ","0","63","3"
"id","暗黑向祖宗","0","21","4"
"id","用户5641496818 女/广西         ","12","57","77"
"id","蓝丘__ 男/江西         ","35","36","45"
"id","用户6392968399 男/其他         ","0","60","3"
"id","用户6382765418 男/其他         ","0","63","1"
"id","郭有明05489 男/其他         ","0","63","2"
"id","2008海军","212","70","154"
"id","空空征雁1983 女/江苏         ","183","566","103"
"id","张明辉啦 男/湖南         ","78","163","157"
"id","用户6386295911 男/其他         ","0","64","2"
"id","用户6388100923 男/其他         ","0","59","2"
"id","用户6386293426 男/其他         ","0","60","2"
"id","大旺宗元69905","48","5384","940"
"id","用户6382531779 男/其他         ","0","62","0"
"id","用户6392943830 男/其他         ","0","63","2"
"id","用户6386287683 男/其他         ","0","64","2"
"id","用户6329679104 男/其他         ","0","63","1"
"id","用户6388089342 男/其他         ","0","58","1"
"id","鬮乂嫟_14492 男/其他         ","0","61","1"
"id","郭曼巴 男/福建         ","21","262","51"
"id","孔佳伟59751 男/其他         ","1","61","1"
"id","可以的BABY99386 男/其他         ","0","62","2"
"id","纯鲜料酒","86","333","158"
"id","杨扒98529 男/其他         ","0","64","1"
"id","用户6386277566 男/其他         ","0","62","1"
"id","LYH5902851888 女/四川         ","14","136","12"
"id","用户6382744732 男/其他         ","1","59","2"
"id","吴秀秀08720 男/其他         ","0","62","1"
"id","用户6382515041 男/其他         ","1","61","1"
"id","陕西安康富硒特产旗舰店 男/陕西         ","42","69","24"
"id","YHJ86030 男/其他         ","0","59","3"
"id","心清如水13057 男/其他         ","0","63","2"
"id","日照IFC斌","48","648","181"
"id","降妖除魔团喷哥 男/黑龙江         ","14","191","73"
"id","幸运印花小陈","0","226","2"
"id","用户6392265611 男/其他         ","0","65","1"
"id","用户6388057078 男/新疆         ","0","60","1"
"id","用户6386256676 男/其他         ","0","60","1"
"id","马云的合作伙伴","360","2174","104863"
"id","用户6382503949 男/江西         ","0","57","1"
"id","陈星48663 男/其他         ","0","61","2"
"id","方后的马甲hrvn","20","26","19"
"id","御清风3 男/其他         ","0","63","1"
"id","4eab198c5c7f","41","67","53"
"id","应考的春天cdrz","50","93","52"
"id","坚守狂想曲 男/其他         ","0","61","1"
"id","议题的美丽家园ygdi","69","146","128"
"id","周博潇北京","25","5775","1490"
"id","常州李林","497","4354","1231"
"id","纠杰21021 男/其他         ","0","62","1"
"id","用户6382703533 男/其他         ","1","60","1"
"id","王大怪人201606","3","43","6"
"id","余生陪我走25602 男/其他         ","0","62","1"
"id","用户6392174687 男/其他         ","0","65","2"
"id","法正07865","7","728","259"
"id","文质彬彬198406 男/其他         ","0","61","1"
"id","用户5860190269 男/重庆         ","802","327","52"
"id","周静69645 男/其他         ","0","59","13"
"id","镜花水月74528 男/其他         ","0","59","2"
"id","阳光红尘无悔_676 男/湖南         ","15","388","43"
"id","用户5707284135 男/其他         ","211","244","11"
"id","蓓俪芙全国总代一陈燕 女/广东         ","62","879","136"
"id","亦乔6388685273","11","2542","166"
"id","x黄和林 男/江西         ","51","614","294"
"id","宝孕来","53","3144","103907"
"id","柠檬味的茉莉moli 女/其他         ","6","51","26"
"id","Witty-Stars","164","450","125"
"id","A-暖风 男/其他         ","21","59","44"
"id","姿韻一夏","6","273","11"
"id","林之熊的博客 男/黑龙江         ","202","3496","737"
"id","玲62738 男/其他         ","0","60","1"
"id","用户6392065772 男/其他         ","23","110","4"
"id","侯静静76407 男/其他         ","4","170","47"
"id","用户6362265673","67","184","127"
"id","向大侠地盘","8","157","28"
