id,阳酥小窝 男/其他         ,0,62,1
id,青海龙凤15122 男/其他         ,0,61,1
id,孟津太阳神国灸养生,10116,5898,883
id,某座山的居士 男/其他         ,0,60,1
id,张富勇F,8238,1076,415
id,好好爱自己-016,134,180,85
id,xiaoxiao燕子A 男/山东         ,210,3072,546
id,丹江洗尘 男/其他         ,51,1281,727
id,顺然远程1983,21251,8826,1261
id,默02931 男/其他         ,0,60,2
id,荣兰201710 男/其他         ,0,59,3
id,用户6394301836 男/其他         ,0,59,2
id,用户6388227033 男/其他         ,0,62,2
id,恋旧的素颜1798 男/其他         ,0,69,4
id,用户6394291240 男/其他         ,0,60,2
id,心病70146 男/其他         ,0,63,2
id,用户6382634719 男/其他         ,0,62,2
id,用户3804931632 女/广东         ,52,2191,1450
id,亽玍侞夣57564 男/其他         ,0,61,2
id,用户6382829651 男/其他         ,0,62,2
id,用户6388915509 男/其他         ,0,74,2
id,用户6378279068 男/其他         ,5,115,2
id,各号注意我是北京 男/上海         ,4672,667,572
id,相见不如怀念55476 男/其他         ,0,63,2
id,乔彬40708 男/其他         ,0,63,4
id,用户6382809157 男/海外         ,1,80,2
id,淘宝内部券白菜 女/其他         ,222,505,153
id,小明198508 男/其他         ,0,58,13
id,王者荣耀爬坑宝典,117,1106,11155
id,瞒11721 男/其他         ,0,60,2
id,阳光朋73827 男/其他         ,0,63,2
id,用户6393018019 男/其他         ,0,120,3
id,LUNA23441 男/其他         ,0,63,2
id,用户6382535998 男/海外         ,1,80,2
id,冰尤33543 男/其他         ,0,118,3
id,用户6388097509 男/其他         ,0,69,2
id,qzuser711992017 男/其他         ,1,60,2
id,用户6392942247 男/北京         ,0,72,3
id,波子哥6365130669,63,231,25
id,有为青年qzuser38064 男/其他         ,0,60,2
id,开心70921 男/其他         ,0,72,3
id,用户6392305540 男/湖北         ,0,59,2
id,用户6382744097 男/海外         ,1,79,2
id,至臻尚品汇 女/河北         ,19,4786,3056
id,至臻-尚品 女/河北         ,41,4244,1923
id,哲思馨语 女/北京         ,3835,4538,2574
id,伍明伦95098 男/其他         ,0,65,2
id,我好冷516 男/其他         ,0,73,2
id,Hermes丨,1648,2844,11940
id,用户6392245511 男/其他         ,0,69,3
id,若不相欠怎么相见199511 男/其他         ,1,60,36
id,用户6392203057 男/其他         ,0,69,2
id,诗韵馨语,8482,5823,6026
id,岳铁煊13439 男/其他         ,0,61,3
id,用户6388015415 男/其他         ,0,64,2
id,用户6305899259 男/其他         ,0,61,2
id,用户6392161719 男/其他         ,0,65,3
id,用户6392119561 男/其他         ,0,60,2
id,伊然清新007 男/其他         ,0,62,2
id,李宇轩96130 男/其他         ,0,63,2
id,用户6380817833 男/其他         ,1,67,2
id,用户6384788087 男/其他         ,0,64,2
id,用户6387949184 男/其他         ,5,61,3
id,久伴我47832 男/其他         ,0,61,2
id,WangTao868 男/北京         ,513,3944,2458
id,二次元QuLiye1986 男/其他         ,0,61,4
id,小鬼东585,72,501,88
id,用户6380787542 男/河北         ,0,60,2
id,笑容不是為你棒棒的 男/其他         ,0,66,4
id,用户6173274522 男/其他         ,1,65,2
id,潇洒老常1 男/其他         ,1,60,2
id,用户6391957577 男/其他         ,0,57,5
id,小懒娘仲泽溢,265,2865,902
id,用户6391909476 男/其他         ,0,65,2
id,看穿人心36428 男/其他         ,0,61,2
id,小丑35681 男/其他         ,0,61,3
id,杨萍72224 男/其他         ,0,66,4
id,qwertyuiopas74026 男/其他         ,2,62,5
id,嫩江明月 男/黑龙江         ,1095,505,110
id,用户6380468877 男/其他         ,0,77,2
id,用户6390486575 男/其他         ,0,62,2
id,用户6271323133 男/其他         ,3,2,2
id,白羊春天丰胸灸中药调理依依,450,3905,7727
id,DA1999125 女/河南         ,7,60,4
id,安利微商创办人自信 女/云南         ,814,3899,717
id,用户6390339958 男/其他         ,0,61,3
id,用户6383662377 男/其他         ,0,63,2
id,海上201304 男/其他         ,0,64,3
id,用户6165978807 男/其他         ,0,60,2
id,用户6162254657 男/其他         ,0,64,2
id,钟意61698 男/其他         ,0,64,3
id,傻傻的修 男/其他         ,3,62,3
id,魅心血蔷薇57616 男/其他         ,1,65,38
id,硪菂芯謝絶訪問 女/浙江         ,2,89,12
id,珍氏美SJJ,66,2042,1049
id,不靠譜青年27342 男/其他         ,0,62,2
id,用户6378810272 男/其他         ,0,64,2
id,轻欢05985 男/其他         ,1,77,3
id,潘爽22526 男/其他         ,0,63,2
id,用户6388734620,0,60,2
id,乾杯20279 男/其他         ,0,63,2
id,定帮06 男/其他         ,49,152,31
id,人员和人体有人要25725 男/其他         ,0,63,2
id,用户6388650904,0,59,2
id,qzuser85552空间 男/其他         ,0,62,2
id,梦08956 男/其他         ,0,58,2
id,用户6221468650 男/其他         ,0,65,2
id,AA-听雨声 男/其他         ,0,61,2
id,淑女是我的网名,77,764,116
id,不会飞de鱼 男/四川         ,14,158,20
id,情绪病16883 男/其他         ,0,65,2
id,萌萌的一生的承诺 男/其他         ,0,65,2
id,七月凉心,6,62,4
id,董水明69625 男/其他         ,0,62,2
id,高端文玩A静鑫阁主A,971,1875,12003
id,娜娜冉冉6383314756,0,71,6
id,赫连橡342957,11,70,5
id,东旭74798 男/其他         ,0,63,2
id,用户黄渤老知青,37,1355,338
id,租房卖房找我,62,1641,401
id,qzuser71063687 男/其他         ,0,63,2
id,晓盆友CZ,10,93,8
id,周超牙科_233 男/河北         ,1,80,3
id,霸道是我的个性32593 女/其他         ,0,79,3
id,千寻翡翠-郑韩相,6826,5645,3354
id,吟星蔚89386 男/其他         ,0,62,3
id,用户6221342026 男/其他         ,0,60,2
id,方圆珠宝宝石专拍,6731,4121,24096
id,谈股论金-杨,503,4977,3048
id,妖狐的世界 女/天津         ,265,121,45
id,曲眉770943 男/海外         ,14,70,3
id,云开雾散14326 男/其他         ,4,59,6
id,此用户名已被其他用户使用 男/其他         ,0,60,2
id,盲目的宇宙飞行士 男/重庆         ,5,535,27
id,Joy54235 男/其他         ,0,62,3
id,用户6386576578 男/其他         ,0,63,2
id,马小宪20k 男/海南         ,36,517,41
id,洒一地阳光会幸福001 男/其他         ,1,61,2
id,用户6381366506 男/其他         ,0,66,4
id,以太物88 男/广东         ,460,2889,624
id,一块帮公益发起人 男/山东         ,323,843,688
id,地板车子丶25686 男/其他         ,0,61,2
id,足彩NBA分析师-迪,2505,5313,1383
id,执执执D与子偕老T59509 男/其他         ,0,114,5
id,你是我的唯一29354 男/其他         ,0,69,2
id,不要焦躁nn,208,248,48
id,晨宇55366201710 男/其他         ,0,115,3
id,jenifer80320 男/其他         ,0,68,2
id,灰原的帽子 女/江苏         ,349,591,533
id,一年又一年陈鹏516,0,495,114
id,用户6196559590 女/其他         ,0,63,2
id,暮礼Smile 女/河南         ,4002,4958,6392
id,瑛梓鄧Tina 女/广东         ,4156,840,393
id,时装达人168,280,3088,1815
id,速改师 男/内蒙古         ,24,213,174
id,O三羊开泰O 男/天津         ,462,1631,1850
id,给你一白眼70626 男/其他         ,0,64,5
id,暧昧的稳,121,783,887
id,丁震宇12356366709466,0,56,7
id,那年认真的雪 男/湖北         ,1,65,17
id,爱谦1亿年 女/香港         ,3,339,79
id,贾舒涵kita 女/广东         ,31,116,81
id,用户6244266328 男/其他         ,0,62,2
id,宇稳灵儿 女/江苏         ,45,1007,132
id,f美x丽y坊 女/陕西         ,20,1470,154
id,纯水年华,507,9020,118924
id,近在咫尺37059 男/其他         ,0,64,2
id,寒山月5366,7,837,71
id,AA奢侈品复刻批发,174,902,1326
id,用户6381286815 男/其他         ,0,63,2
id,东北电商,60,2955,217
id,花花世界中的女人 女/广东         ,7690,122,281
id,焕我生活abcd,16,4288,257
id,荷cYe不颜,1,27,3
id,周红艳66,8,1292,237
id,小娇088 女/天津         ,308,277,87
id,山东华劳人力资源有限公司,81,551,96
id,原来我输了,28,231,30
id,漂亮的中年人6688 男/陕西         ,7,1442,257
id,诸扛省g5lh 男/广东         ,30,77,64
id,Smile7998355555 男/其他         ,0,66,2
id,北京PK赛车信誉群 女/安徽         ,17,226,20
id,百瑞赢总监-陈君临,1333,324,563
id,用户5622475889 女/其他         ,28,785,696
id,我佛慈悲说事9,2451,2547,540
id,唐汉子贤 男/湖北         ,126,1882,204
id,華-爱你一万年 男/陕西         ,163,379,60
id,富贵丶舌头 男/其他         ,464,1706,215
id,格尚众源众创空间,58,1027,11220
