"该条微博的发主昵称","发送时间","微博点赞数","微博转发数","微博评论数","微博内容"
"洛水北洋","09月19日 16:44 来自<a href=""https://weibo.cn/sinaurl?f=w&amp;u=vote.weibo.com"">投票</a>","1","0","0","我参与了@新浪电影 发起的投票 【2017国庆档，你想看什么？】，我投给了“《芳华》”这个选项。你也快来表态吧~2017国庆档，你想看什么？ ​​​"
"洛水北洋","09月17日 14:41 来自微博电影","0","0","0","#电影芳华# 我正在为《芳华》打榜！[good][good] 好电影需要用行动来支持，你也来为喜欢的电影加油吧！查看#微博电影榜#全部内容，快戳→_→ http://t.cn/Rt04lWM ​​​"
"洛水北洋","07月29日 19:37 来自iPhone 7","0","0","0","建军大业[星星][星星][星星][星星][星星]，#欢乐暑期档#之#电影建军大业#虽然战狼2票房领跑，不过没看过1，去看了《建军大业》，很震撼，很热血，不愧是《古惑仔》《无间道》的导演刘伟强的作品。节奏紧张，场面宏大，激动人心，令人动容。想想当年平均二十多岁的先辈们这么年轻就能做出如 ​​​ 全文"
"洛水北洋","02月15日 23:16 来自iPhone 7","1","0","0","#爱乐之城# 的确是多年未遇的好电影！很久没有看电影快看哭的感觉了。情节的确令人感动，尤其是最后的蒙太奇时真的是太虐心了。看电影全程沉浸在剧情中，真是一种享受，居然有了唯恐电影结束的感觉。看得出来是一部精雕细琢的电影，电影有上世纪经典电影的影子，有老电影的感觉。电影的音乐很动听，与 ​​​ 全文"
"洛水北洋","02月14日 17:30 来自iPhone 7","0","0","0","#爱乐之城# 怕今天被虐太狠，单身狗和基友只能在情人节之后一起去看电影了[眼泪]。明天，LALA LAND爱乐之城，走起！ 洛阳·洛龙区 ​​​"
"洛水北洋","2015-10-02 21:29:01 来自<a href=""https://weibo.cn/sinaurl?f=w&amp;u=http%3A%2F%2Fweibo.cn%2Fdpool%2Fttt%2Fscreenlist.php"">大屏幕</a>","0","0","0","#天大120年#百廿载浩浩汤汤，双甲子再创辉煌。建校于国危之际，扬誉于复兴之时！ ​​​"
"洛水北洋","2015-10-02 20:45:03 来自<a href=""https://weibo.cn/sinaurl?f=w&amp;u=http%3A%2F%2Fweibo.cn%2Fdpool%2Fttt%2Fscreenlist.php"">大屏幕</a>","0","0","0","#天大120年#百廿载浩浩汤汤，双甲子再创辉煌。建校于国危之际，扬誉于复兴之时！ ​​​"
"洛水北洋","2015-03-12 20:23:58 来自微博 weibo.com","0","0","0","天津大学美图 ​​​"
"洛水北洋","2015-03-12 00:09:51 来自微博 weibo.com","1","0","2","我发表了文章 洛水北洋宣讲小队宣讲历程精彩奉献 ​​​"
"觅觅且寻寻","今天 18:18 来自小米手机5","83703","62406","1020","#十九大#【#给青年的一封信# | 欣赏你一往无前的奋斗姿态】仔细想来，我们青年人身上的“焦虑”与“丧气”，不也是一种水涨船高的期待吗？放在一代人的角度看，我们奋斗的使命，已不是在一穷二白之上平地起高楼，而是向着更高远的目标冲刺。用力活着，才有分量；向前奔跑，才能抵达。  ​​​ 全文"
"觅觅且寻寻","10月19日 00:00 来自小米手机5","160","468","142","MAC chili 转[玫瑰]➕关[猪头]我 9.30 chou一位88[钱]若已➕ v[星星]：jiemaoguai2 则升级为同.款口.红（可折.现文.末还有[礼物]matte质地 但是不干去年就特别[火焰]了 特别显白试.色均为厚.涂 全脸有调色 以p456为准口.红from@睫毛怪日本代购 眼珠子from@小怪兽cherry2017 9.30 在添.加 v[星星]：cher ​​​ 全文"
"觅觅且寻寻","10月18日 23:59 来自小米手机5","91","663","245","【摩 飞 榨汁机】这个是原汁榨汁机，就是不能过滤渣渣的意思然后送两个随身杯。挺方便的，弄完换个盖子就可以带走了，然后特别好清洗呀！具体什么时候截止就看他们的库 存啦~清仓 卖完就木有啦然后link放quan转发本条微博通过@微博抽奖平台  抽一名小可爱送一个榨汁机哟 ​​​"
"觅觅且寻寻","10月18日 23:59 来自小米手机5","515","1212","468","有些宝宝总是说运气不好，丸子有办法来一串很美腻的水[星光]精手连～🦄天然水精可以带来好运哦～说桃花、学业、财运啥都可以旺～最最关键是超级少[心]女心上次没有啾到的宝宝看这里10.18 揪一个宝宝送图一10.19 揪一个仙女送图二10.20 揪一个小可爱送图三金[猪头]在这里哦！记得卷花+关主[星光] ​​​ 全文"
"觅觅且寻寻","10月18日 23:56 来自小米手机5","7283","53411","11133","[憧憬]丸子酱丸粉破40w[憧憬]11月6号由平台抽取一位送10000！！！全部送给一个人！！！是的，你没看错，就是一万大洋送一人！转+关@爱上护肤的丸子酱 [拳头]卷走，你就是那个Lucky[星光]star@微博抽奖平台 ​​​"
"觅觅且寻寻","10月18日 23:54 来自小米手机5","7397","53802","11616","[给力]就这么壕！！简单粗暴，自掏腰包8w1898件礼物！送902人！902人卷花+关祝@阿姨管饱 [礼物] 新款美图T8s一台700多件爆款零食、饮品送一人，管饱你每一天。[口红] 大牌口红:阿玛尼、YSL、迪奥、纪梵希、娇兰、雅诗兰黛、兰蔻、Nars、MAC、安娜苏。雨露均沾[心]约900人。从美妆、美食到家用电器！ ​​​ 全文"
"觅觅且寻寻","10月13日 22:57 来自小米手机5","8","8","1","某宝上有哪些价.格不高，格调高的小众腕.表？ ​​​"
"觅觅且寻寻","10月12日 22:42 来自小米手机5","16997","1701","1244","遇到小泡芙以后，陈小春的少女心发芽了哈哈哈哈哈哈，吹了一屋子粉红色气球给小泡芙布置房间[允悲][允悲]心疼Jasper 韩饭桶的秒拍视频 ​​​"
"觅觅且寻寻","10月10日 22:58 来自小米手机5","0","0","0","嫉妒使我面目全非～《「只有我觉得闺蜜很假吗？」「对，只有你。」》 「只有我觉得闺蜜很假吗？」「对，只有你。」 ​​​"
"觅觅且寻寻","10月10日 13:16 来自小米手机5","1357","2846","1011","#抽奖君的小福利# 75期，10份重瓣玫瑰花茶免费送给你们~~~转发微博，关注抽奖君我和@花丸小姐高端花茶 即可，明天抽~~ ​​​"
"觅觅且寻寻","10月10日 13:10 来自小米手机5","10401","10243","1486","你为什么要努力？这是我见过最现实的答案 ​​​"
"觅觅且寻寻","10月10日 13:03 来自小米手机5","0","0","0","好想骂一骂，只是你不值得了，真心讨厌你。 ​​​"
"觅觅且寻寻","10月10日 12:50 来自小米手机5","0","0","0","爱上了俊昊～ 2PM SHOW‎ (2011) 来自@豆瓣App ​​​"
"觅觅且寻寻","10月10日 12:50 来自小米手机5","0","0","0","认识自己，去努力，去生活 。 ​​​"
"觅觅且寻寻","10月10日 12:38 来自小米手机5","0","0","0","爱上了俊昊～ 2PM SHOW‎ (2011) 来自@豆瓣App ​​​"
"觅觅且寻寻","10月09日 22:44 来自小米手机5","32110","8417","3980","吴磊 雪 吴磊弟弟发的微博故事 来感受一下美少年的美颜暴击，雪中少年真的太好看了，笑容甜到哭泣[污][污][污] ​​​"
"觅觅且寻寻","10月09日 22:43 来自小米手机5","56300","7859","6106","吴磊 雪，吴磊今天的微博故事也太好看了吧！是初恋的感觉！初雪啦！来跟吴磊弟弟一起来看雪啦！ ​​​"
"觅觅且寻寻","10月09日 22:42 来自小米手机5","23626","5330","4663","【八组热议】今天的微博故事，雪中的吴磊，我的吗，是初恋没错了[跪了] ​​​"
"觅觅且寻寻","10月09日 13:23 来自小米手机5","1708","1396","70","美腿是怎样炼成的？周冬雨的美腿秘籍分享给你们啦，和我一起练起来吧[羞嗒嗒] ​​​"
"觅觅且寻寻","10月09日 13:22 来自小米手机5","7502","37331","13139","搞事！搞事！搞事！一天到晚就知道搞事情[憧憬][憧憬][憧憬] pk107、阿玛尼405、电动牙刷、榨汁机、粉红豹、零食大礼包.......还有钱，就是为了宠你们！！！ 详情戳图@微博抽奖平台 ​​​"
"觅觅且寻寻","10月09日 06:29 来自小米手机5","0","0","0","考崩了……[泪] ​​​"
"觅觅且寻寻","10月07日 12:54 来自小米手机5","49","50","0","#李俊昊只是相爱的关系##李俊昊# 【170930预告】‘只是相爱的关系’电视剧更新teaser【带我来这里的, 是谁… 那个女人..?】我们康斗小哥哥!!!!!![抓狂][抓狂][抓狂] Eternal_盛夏李俊昊个人站的秒拍视频 ​​​"
"觅觅且寻寻","10月07日 12:41 来自小米手机5","178","13","13","由2PM成员#李俊昊#与新人演员#元珍雅#担纲主演的JTBC新月火剧《只是相爱的关系》剧照公开，温暖眼神融化女心。 ​​​"
"觅觅且寻寻","10月07日 12:39 来自小米手机5","2","3","0","金科长 龙律bobo合集CUT！！！今年年末CP奖要到手了！！！cr：myjhappiness   秒拍视频 ​​​"
"觅觅且寻寻","10月07日 12:38 来自小米手机5","2","1","0","韩剧金科长以其鲜明的风格，紧凑的节奏和剧情成为2017年不可多得的一部职场剧，南宫岷用精湛的演技鲜活的刻画了一个混迹于市井却成为都市义士的小人物金成龙，安利一首剧中个人最喜欢的插曲，由歌手金容贞演唱的bravo,my life…… 头戴王冠的Fiona的微博视频 ​​​"
"觅觅且寻寻","10月07日 12:37 来自小米手机5","8","1","0","最近真的是入了#《金科长》# 的坑...前两天看完的，现在满脑子还都是这部剧的OST，金科长出场的音乐...  还有他说话的调调...哇，真的真的好久好久没看这么好看的剧了！男女主没有明显的感情线，或者说根本就没有...   但是剧情特别紧凑，特别是15集之后，在男主和男二以及男三合作之后，才是真正的 ​​​ 全文"
"觅觅且寻寻","10月04日 08:18 来自小米手机5","1","0","0","永怀梦想，有所追求。 ​​​"
"觅觅且寻寻","10月03日 13:31 来自小米手机5","49","23","3","这个酷毙了的中国男人，仅用3个字就影响中国20年！如今却因一个毒誓，沦落到倾家荡产整天哭哭啼啼…… ​​​"
"觅觅且寻寻","10月03日 13:30 来自小米手机5","49","23","3","这个酷毙了的中国男人，仅用3个字就影响中国20年！如今却因一个毒誓，沦落到倾家荡产整天哭哭啼啼…… ​​​"
"觅觅且寻寻","10月03日 13:23 来自小米手机5","460","385","151","近几年票房不高但是口碑很好的华语电影，你都看过么？ ​​​"
"觅觅且寻寻","10月02日 22:31 来自小米手机5","0","0","0","#带着微博去旅行#这是我的旅行美照～喜欢的小伙伴快来点赞吧！ ​​​"
"觅觅且寻寻","10月02日 13:58 来自小米手机5","45855","133934","61762","#大胃王密子君# 各位看官请注意，您即将接收一个重磅福利弹！！！为了答谢各位长期的支持，转评此微博，就有机会抽取密子君满满热情送出的iphoneX一部！将于10月25日抽取一位幸运的小伙伴！么么哒！,一起做一个快乐的吃货！赶快转发行动起来吧！话说这期视频你们还看吗？大胃王密子君的秒拍视频 ​​​"
"觅觅且寻寻","10月02日 11:29 来自小米手机5","24312","7991","604","祖国，谢谢你变成了我更喜欢的样子！生日快乐！[心] ​​​"
"觅觅且寻寻","10月01日 22:01 来自小米手机5","988","1282","272","有哪些格调高一点的言情小说值得推荐[并不简单]？ ​​​"
"觅觅且寻寻","10月01日 21:31 来自小米手机5","1759","212","447","你有哪些强行聊天的经历？ ​​​"
"觅觅且寻寻","10月01日 17:57 来自小米手机5","0","0","0","一个人越是见过更多的好山好景，就越不会被凡事所牵住。希望我能见更多的好山好景，最终变成更好的自己。 ​​​"
"觅觅且寻寻","09月29日 22:42 来自小米手机5","0","0","0","失望，旅行计划破产。这一年是出不去了！ ​​​"
"觅觅且寻寻","09月25日 12:35 来自小米手机5","0","0","0","我了个靠，婊啊婊…… ​​​"
"觅觅且寻寻","09月24日 15:15 来自小米手机5","9092","1501","1778","#陈小春#的怕老婆日常，要被笑疯了！哈哈哈哈哈哈洗澡也该带电话呀！！[笑cry] ​​​"
"身处花海","01月31日 15:46 来自粉丝红包","0","0","0","#BIGBIG张大大的红包#Boomshakalaka！我在BIGBIG张大大 的红包中抽到了@滴滴出行 提供的“滴滴贺岁感恩券”，2017年的小惊喜！也许你的惊喜更大哦~BIGBIG张大大 的红包 ​​​"
"身处花海","01月31日 15:46 来自粉丝红包","0","0","0","#杨幂的红包#Boomshakalaka！我在杨幂 的红包中抽到了@聚美陈欧 提供的“聚美百元礼包”，2017年的小惊喜！也许你的惊喜更大哦~杨幂 的红包 ​​​"
"身处花海","01月31日 15:45 来自粉丝红包","0","0","0","#唐嫣的红包#Boomshakalaka！我在唐嫣 的红包中抽到了@让红包飞 提供的“处女座财神卡”，2017年的小惊喜！也许你的惊喜更大哦~唐嫣 的红包 ​​​"
"身处花海","01月31日 15:45 来自粉丝红包","0","0","0","#唐嫣的红包#Boomshakalaka！我在唐嫣 的红包中抽到了@微博会员 提供的“50元会员红包”，2017年的小惊喜！也许你的惊喜更大哦~唐嫣 的红包 ​​​"
"身处花海","01月31日 15:45 来自粉丝红包","0","0","0","#唐嫣的红包#Boomshakalaka！我在唐嫣 的红包中抽到了@让红包飞 提供的“处女座财神卡”，2017年的小惊喜！也许你的惊喜更大哦~唐嫣 的红包 ​​​"
"身处花海","01月27日 22:42 来自粉丝红包","0","0","0","#倪妮的红包#Boomshakalaka！我在倪妮V 的红包中抽到了@让红包飞 提供的“限量版财神卡-包”，2017年的小惊喜！也许你的惊喜更大哦~倪妮V 的红包 ​​​"
"身处花海","2016-10-30 07:38:52 来自echo回声","0","0","0","英文改编翻唱 「Blue」 #那些好听的明星翻唱# http://t.cn/RLVH7lP (来自 @echo回声APP) ​​​"
"无棣6313840764","10月19日 16:22","0","0","0","只有你自己有实力，别人才会真正的重视你，别说什么自己被忽略，没有必要别人来关注你，你自己没有什么值得别人的眼神！所以，别为自己找借口！ ​​​"
"无棣6313840764","10月14日 23:00 来自OPPO R9s","0","0","0","与你相遇，但不想与现实相遇[污][污][污] ​​​"
"无棣6313840764","10月09日 05:52 来自OPPO R9s","0","0","1","千日恩毁于一朝恨，如果真的恨或是讨厌一个人，真的会让人忘记曾经于他相处的一切，啥？对我有意见，我不知道你为什么有，也不知道我做错了什么，如果真的有，请原谅我。如果真的不能原谅，呵呵，再见。当我选择做自己的时候，我便不会再去附和其他人，我就是我，我将不会去追求所有人的喜欢！ ​​​"
"无棣6313840764","10月06日 01:46 来自OPPO R9s","0","0","0","第一次实打实的熬夜竟是为了，哎，夜长梦多，早睡早起身体好怎么口能吗！╮(╯▽╰)╭[污][污][污]加油，星星我在路上，等我[二哈][二哈][二哈] 南昌·南昌航空大学 ​​​"
"无棣6313840764","10月01日 16:59 来自OPPO R9s","0","0","0","夜长梦很多，你就不要想起我～    一种信仰才能让人为之奋斗，为之献身。刻意的追求，总会让人不太自然。     我祈祷拥有一颗透明的星星，能指引我前进～ 抚州·巴山镇 ​​​"
"无棣6313840764","09月30日 22:24 来自OPPO R9s","2","0","0","酒是什么，当人们把它当作一种语言的时候，总有一批一批的人会去尝试将它熟练，我也不例外，当它成为一种必修课时，我觉得我将要挂了 南昌·南昌航空大学 ​​​"
"无棣6313840764","09月22日 06:17 来自OPPO R9s","1","0","0","每个人都有自己存在的理由，不必为谁而忙碌与奔波，每个人的苟且，只存在与自己内心，也许他在某一时期会展露出来，让别人认识到你，可是这一却显得那么无力与空洞，因为自己内心的荣耀将会掩饰这一切。无迁怒，不二过。当为之校准，为之恪守。保持自己的春暖飘香，必会引得一片盎然春色。  ​​​ 全文"
"无棣6313840764","09月01日 15:13 来自分享按钮","0","0","0","与 ​​​"
"无棣6313840764","07月24日 13:01 来自OPPO R9s","8836","1721","2002","【人心不足蛇吞象的来龙去脉】明朝末年有个走街串巷的货郎，姓张，四十来岁，单身一人，这日，他正在沿街叫卖，看见一群孩子在追打一条受伤的小蛇，货郎见蛇怪可怜的，轰开孩子，把蛇放到货挑里回家了。回到家后，张货郎先是给蛇喂食，又弄药给蛇治疗伤口，之后，把它放到屋内，当做猫狗一样养着，那 ​​​ 全文"
"无棣6313840764","07月24日 12:52 来自微博会员中心","0","0","0","#微博卡片背景# 我正在使用@虽虽酱 的“小僵尸”会员专属卡片背景，你也一起来试试吧！ 卡片背景：小僵尸 ​​​"
"无棣6313840764","07月24日 12:51 来自微博会员中心","0","0","0","我在#微博会员福利#会员专享超值流量活动中领取了1元流量券。在活动页开通/续费会员还可参加幸运转盘抽奖，奖品多多！微博会员速来领取吧>>微博会员专享超值流量福利，流量加油刷不停！ ​​​"
"无棣6313840764","07月22日 20:28 来自微博会员中心","0","0","0","我在#微博会员福利#会员专享超值流量活动中领取了3元流量券。在活动页开通/续费会员还可参加幸运转盘抽奖，奖品多多！微博会员速来领取吧>>微博会员专享超值流量福利，流量加油刷不停！ ​​​"
"无棣6313840764","07月22日 20:28 来自微博会员中心","0","0","0","我在#微博会员福利#会员专享超值流量活动中领取了1元流量券。在活动页开通/续费会员还可参加幸运转盘抽奖，奖品多多！微博会员速来领取吧>>微博会员专享超值流量福利，流量加油刷不停！ ​​​"
"无棣6313840764","07月17日 11:36 来自微博会员中心","0","0","0","#微博卡片背景#先定一个小目标，万一有一天实现了大人生呢？ 我正在使用“一个小目标”会员专属卡片背景，你也一起来试试吧！ 卡片背景：一个小目标 ​​​"
"无棣6313840764","07月17日 11:33 来自微卡券","0","0","0","忍不住领取了 @微博会员小秘书 的【小蓝单车免费骑行券】，看起来真心不错，你们也来看看吧！ 【微博会员】 小蓝单车免费骑行券 ​​​"
"无棣6313840764","07月17日 11:30 来自微博会员中心","0","0","0","#微博头像挂件# 我正在使用“小太阳” 会员专属头像挂件，你也来试试吧！ 头像挂件：小太阳 ​​​"
"无棣6313840764","07月11日 11:33 来自微博红包","0","0","0","我获得了@新手指南 发来的红包0.52元。 ​​​"
"诗意半微凉38413","10月20日 23:38 来自荣耀8青春版 颜值担当","22538","33936","12243","你的另一半做过哪些伤害你的事情？你原谅Ta了吗？看他们说起来云淡风轻，但是我们永远也体会不到他们当时有多痛。拜托啦学妹的秒拍视频 #拜托啦学妹# ​​​"
"诗意半微凉38413","10月20日 16:14 来自荣耀8青春版 颜值担当","504","24","192","张子萱与陈赫秀恩爱了，张子萱首次公开秀恩爱的视频。视频中陈赫睡得正香，手里还握着手机，而屏幕上正是陈赫经常玩的吃鸡游戏的视频。原来是看直播看睡着了！陈赫张子萱也有了女儿，现在再看这二位是什么感觉？圈教主的秒拍视频 ​​​"
"诗意半微凉38413","10月20日 15:52 来自荣耀8青春版 颜值担当","107621","16047","12395","【相爱1000天就结婚！男友突然进直播室求婚，女主播成当天头条新闻[心]】美国KNOE 8 News频道的女主播在播报新闻时，男友突然出现下跪求婚，告诉她今天是交往的第1000天，希望她可以嫁给自己～这也让她成为当天的新闻。@全球视频大魔王 全球视频大魔王的秒拍视频 ​​​"
"诗意半微凉38413","10月19日 20:44 来自荣耀8青春版 颜值担当","83709","62409","1021","#十九大#【#给青年的一封信# | 欣赏你一往无前的奋斗姿态】仔细想来，我们青年人身上的“焦虑”与“丧气”，不也是一种水涨船高的期待吗？放在一代人的角度看，我们奋斗的使命，已不是在一穷二白之上平地起高楼，而是向着更高远的目标冲刺。用力活着，才有分量；向前奔跑，才能抵达。  ​​​ 全文"
"诗意半微凉38413","10月14日 11:02 来自荣耀8青春版 颜值担当","24","26","3","诗经之美​[心][心] ​​​​（新华网） ​​​"
"诗意半微凉38413","10月14日 10:57 来自荣耀8青春版 颜值担当","152","102","101","#缤纷浙大# 【追龙】香港黑社会大片，刘德华＋甄子丹，一个掌管3万警察，一个统领十大黑帮，狠角色强强联盟！紫金港小剧场，10月17日18:30 。评论并转发本条微博，明天抽五人，每人两张电影票。PS:电影开场前两小时内到小剧场人工售票处凭获奖信息取票。 ​​​"
"诗意半微凉38413","10月09日 23:38 来自荣耀8青春版 颜值担当","0","0","0","终于结束……[微笑]开始…… 福州·福建农林大学 ​​​"
"诗意半微凉38413","10月07日 06:45 来自荣耀8青春版 颜值担当","44010","25662","2350","【夜读：在别人看不见的地方自律，成功离你更近】在人前，我们常是标准的自律达人，可是当一个人独处时，常常会松懈下来。其实，生活是活给自己看的，你有多大成色，世界才会给你多大脸色。在别人看不见的地方严于律己，才是真正的自律，这样的人，连老天都不忍辜负。 【夜读】在别人看不见的地方自律，成功离你更近 ​​​"
"诗意半微凉38413","10月06日 09:20 来自荣耀8青春版 颜值担当","118189","59021","11843","【#北大还行撒贝宁#火了！网友：一个被主持人工作耽误的段子手[允悲]】针对“北上广•爱•来•不•来”这个命题，撒贝宁在一档脱口秀节目中，讲述自己“被迫”北漂的经历↓↓全程高能段子和方言齐飞。人民日报的秒拍视频 ​​​"
"诗意半微凉38413","10月06日 09:20 来自荣耀8青春版 颜值担当","118189","59021","11843","【#北大还行撒贝宁#火了！网友：一个被主持人工作耽误的段子手[允悲]】针对“北上广•爱•来•不•来”这个命题，撒贝宁在一档脱口秀节目中，讲述自己“被迫”北漂的经历↓↓全程高能段子和方言齐飞。人民日报的秒拍视频 ​​​"
"诗意半微凉38413","09月21日 14:15 来自荣耀8青春版 颜值担当","27545","16075","4430","【夜读：你就毁在凡事只求差不多】读个差不多的学校，找个差不多的伴侣，做一份差不多的工作，结个差不多的婚…有太多太多人，一生就毁在“差不多”上。我们习惯了将就，才会变得没有追求。如果你还想创造更好的生活，那就勇敢地远离“差不多”吧！ 【夜读】你就毁在凡事只求差不多 ​​​"
"诗意半微凉38413","09月21日 14:15 来自荣耀8青春版 颜值担当","3134","3401","274","【20几岁，你要懂得的与别人拉开差距的道理】20几岁的我们会在深夜痛哭，但要懂得这不是软弱，而是擦干泪水早点再次微笑；20几岁的我们会选择放手，但要懂得这不是自暴自弃，而是减轻负重腾空翱翔；20几岁的我们会不小心跌倒，但要懂得头破血流是为更好成长。越早懂越早受益的30个道理↓对照，学习。 ​​​"
"诗意半微凉38413","09月21日 13:56 来自荣耀8青春版 颜值担当","2715","6171","452","【写出好字终身受用！田字格练字全攻略，转走慢慢练！】俗话说，见字如面，字如其人。零基础的人如何练出一手好字？试试田字格吧！别小看这些划分上下左右、对角线的格子，它能帮你掌握汉字结构！字头、字尾该摆在哪里？握笔姿势哪样才对？田字格练字全攻略↓↓20种田字格汉字书写规范，马上练起来！ ​​​"
"诗意半微凉38413","09月21日 13:53 来自荣耀8青春版 颜值担当","4883","3681","457","【夜读：越是难熬的日子，越要让自己有事可做】生活中总会遇到各种各样的苦楚与煎熬。它们不会自己从你身上迈过去，而是只等着你去迈。当那些不开心的事情干扰到你，要记住，怎么颓都行，就是手脚不能停，给自己留下一股子向前的力。跑着跑着，就会看见光亮。 【夜读】越是难熬的日子，越要让自己有事可做 ​​​"
"诗意半微凉38413","09月21日 11:14 来自微博 weibo.com","0","0","0","我免费围观了 @王思聪 的回答，问题价值 5000.00 元，快来一起免费围观~ 微博问答:聪聪，你见多识广，怎样才能火眼金睛的从白莲花的外表看出绿茶婊的内心？有怎样的技巧吗？ ​​​"
"诗意半微凉38413","09月21日 11:03 来自荣耀8青春版 颜值担当","15531","4950","10537","【新相亲时代：7分的人认为自己8分，想找9分】据了解，在中国仍有2亿单身，相亲成为了不变的话题：有人想找三观正的，有人要五官正的；有固定资产5000万元的""高富帅""非要找资产上亿或部级领导的女儿；有看着朴实的大姐非要找吴亦凡的外表、贺涵的内在.....婚介机构资深红娘评价：7分的人认为自己8分， ​​​ 全文"
"诗意半微凉38413","09月21日 10:51 来自荣耀8青春版 颜值担当","343262","4796","13259","休息几天。。。这胡子长得。。。 ​​​"
"诗意半微凉38413","09月19日 14:02 来自荣耀8青春版 颜值担当","10271","2982","3779","看到07快男合唱《我最闪亮》的视频，瞬间抽醒了07年夏天的回忆，听到后面差点哭出来，回忆杀[泪][泪][泪] 01号苏醒、02号王栎鑫、03号郭彪、04号俞灏明、05号陆虎、06号张杰、07号姚政、08号阿穆隆、09号陈楚生、10号魏晨、11号王铮亮、12号张远、13号吉杰，永远的07快男[心] #探探爆料#   ​​​ 全文"
"诗意半微凉38413","09月19日 14:02 来自荣耀8青春版 颜值担当","54155","2603","6968","【王娜娜 录取通知书】14年前，河南姑娘王娜娜遭顶替上大学，冒名者用5000元改变了她的人生，把她的命运推到了另一个轨道。14年后，如今已是两个孩子妈妈的她将再次走进高考考场，欲圆大学梦。据悉，王娜娜已接到录取通知书。王娜娜事件受害者被大学录取 时隔14年圆大学梦 ​​​"
"诗意半微凉38413","09月14日 13:20 来自荣耀8青春版 颜值担当","7224","659","2471","【男子遭追赶下跪喊“救救我”，公交司机先开门后报警】9月10日，江苏常州一男子疑遭人追赶，拦车大喊“救我”。路过公交停车，男子上车，追赶的人也上了车。男子下跪求救：“我要回家。”司机关门报警。 微辣Video的秒拍视频 ​​​"
"诗意半微凉38413","09月14日 07:25 来自荣耀8青春版 颜值担当","4591","4240","669","【夜读：你曾赢过全世界的难，最后却输给了自己的懒】写个作业都不情不愿，要靠人连催带赶；下班学个习担心自己过劳死，刷起微博朋友圈却眼都不眨地兴奋大半夜。你哪里是输在了天赋不足或认知不够，分明就是因为懒。对许多人来讲，中年时期遭遇的种种难题，不过是在回报自己年轻时的不努力罢了。  ​​​ 全文"
"诗意半微凉38413","09月11日 15:47 来自荣耀8青春版 颜值担当","1065","170","393","【学生写字太丑 剑桥考虑用电脑答题[doge]】越来越多学生手写答案字迹难以辨认，英国剑桥大学正考虑是否允许学生今后用电脑答卷。有老师说，现在除考试，学生已几乎不写字，字“像医生开的处方一样”难认。暑假被叫回学校、向老师朗读答案的事越来越多。学生字迹惨不忍睹 剑桥考虑用平板电脑答题网友：你们没有卷面分吗… ​​​"
"诗意半微凉38413","09月11日 15:31 来自<a href=""https://weibo.cn/sinaurl?f=w&amp;u=vote.weibo.com"">投票</a>","0","0","0","我参与了@中国新闻网 发起的投票 【数学、物理、化学、生物 你觉得哪科最难？】，我投给了“物理难”这个选项。你也快来表态吧~数学、物理、化学、生物 你觉得哪科最难？ ​​​"
"诗意半微凉38413","09月11日 12:55 来自荣耀8青春版 颜值担当","2388","5050","283","【收藏！36本优秀科普读物推荐，读起来！】近日，被誉为“中国诺奖”的未来科学大奖揭晓，施一公等三名科学家分获殊荣。科学，让人类对未来永葆好奇。这些科普读物，或剖析时空真相，或探索宇宙前沿；时而跌宕起伏，时而趣味丛生…将这36本科普读物放进必读书单↓一起去了解宇宙、生命、基因那些事儿！ ​​​"
"诗意半微凉38413","09月11日 12:55 来自荣耀8青春版 颜值担当","1851","4529","237","【句句经典！36首励志古诗词[推荐]】又到一年#开学季#，新学期、新生活、新目标，现在的你是充满斗志，还是暂时迷茫？不妨在古诗中寻找力量和启迪：无论是“不经一番寒彻骨，怎得梅花扑鼻香”的勤奋刻苦，还是“千磨万击还坚劲，任尔东西南北风”的乐观坚毅。36首励志古诗词↓转发，送给努力的自己！ ​​​"
"诗意半微凉38413","09月07日 09:57 来自荣耀8青春版 颜值担当","62","137","62","#榜叔送书#一日一段文，一天一刻钟，为爱朗读。@凤凰联动 隆重推出#朗读者系列#丛书，收录300多篇名作经典。送爱人，诉说一段衷肠；送孩子，表达一份期望；送朋友，分享一场旅行；送长辈，传递一种思念。让大师们的文字，穿越时光的尘埃，与你我同行。现关注@亚洲好书榜，转发+打榜，两套图书，共8本， ​​​ 全文"
"诗意半微凉38413","09月07日 09:57 来自荣耀8青春版 颜值担当","0","0","0","朗读者系列(全四册)-凤凰联动[星星][星星]，我正在#亚洲好书榜#为凤凰联动的新书《朗读者系列(全四册)》打榜！粉丝力量，引领畅销。小伙伴们一起帮好书上头条！ ​​​"
"诗意半微凉38413","09月06日 23:45 来自荣耀8青春版 颜值担当","12552","15106","7280","看完这个视频你就知道，钢铁般的直男在宿舍是如何解决那方面问题的？[污][污][污] 拜托啦学妹的秒拍视频 #拜托啦学妹# ​​​"
"诗意半微凉38413","09月06日 20:36 来自荣耀8青春版 颜值担当","10175","2103","3399","仿佛看到了当初的自己。。告诉我我不是一个人！[笑cry] ​​​​#搞笑# ​​​"
"诗意半微凉38413","09月06日 20:35 来自荣耀8青春版 颜值担当","2395","728","173","【奇葩帖】因为停电放学，然后电又突然来了是什么体验…哈哈哈哈哈这个画面感，好怀念… ​​​​​​​​[笑cry]#搞笑幽默# ​​​"
"诗意半微凉38413","09月06日 06:43 来自荣耀8青春版 颜值担当","42","12","3","#亚洲好书榜# “最后一次，我接到小磊的电话。他的声线颤抖又急迫，周边混杂着噪声和哭喊。他说，我爱你。”她和他都只是小人物，也只盼望小爱情，却被一场大事件击溃......普通人的生活也绝非淡如白水，你的心情会随着故事跌宕起伏。 暴乱中消失的我的男人 ​​​"
"诗意半微凉38413","09月05日 23:12 来自荣耀8青春版 颜值担当","1124","1629","1140","《#散落星河的记忆#2：窃梦》今日起正式全网预售，大家久等了。小福利：转发本条微博，随机抽取5位赠周边福袋。【预订通道 ↓ 】当当：http://t.cn/RN8QgEX京东：http://t.cn/RN8QgES亚马逊：http://t.cn/RNQO1v7博库：【赠人设卡贴2张+随书书签】正版预定 散落星河的记忆2：窃梦 桐华言情新作 散落星河的记忆微博图书： 【正版预售】散落星河的记忆2：窃梦 桐华 DFH “散落星河的记忆”系列第二部 步步惊心 大漠 ​​​"
"诗意半微凉38413","09月04日 19:49 来自荣耀8青春版 颜值担当","159","106","18","#亚洲好书榜# 女人似乎对稳定有着天然的好感，但稳定就意味着停滞不前吗？答案是否定的。仔细想一想，你现在的稳定又建立在谁的动荡之上？ 你追求稳定，也许最后只能稳定地穷着 ​​​"
"诗意半微凉38413","09月04日 11:12 来自荣耀8青春版 颜值担当","4393","555","1471","【周杰伦演唱会歌迷现场求婚：9年了 我想和你走下去[心]】“刚才你唱《告白气球》时，他向我求婚了！我们从高中一直到现在，9年了！”2日，济南奥体中心，周杰伦演唱会，歌迷现场求婚。现场歌迷告诉@北京时间 ，周杰伦点歌时问女孩为什么有手里有花，女孩说刚刚男朋友向他求婚了。时间视频的秒拍视频  ​​​ 全文"
"诗意半微凉38413","09月03日 22:23 来自荣耀8青春版 颜值担当","36776","8463","2881","【暖哭了！这大概就是天使的样子吧[心]】看到小宝宝在哭闹，没有手的小男孩很努力地把奶嘴拿起，送到弟弟嘴里安抚他。别哭啦，有哥哥在！命运不公平，可你依然像个小天使[泪]@人人视频人民日报的秒拍视频 ​​​"
"诗意半微凉38413","09月03日 21:38 来自荣耀8青春版 颜值担当","0","0","0","#带着微博去旅行#这是我的旅行美照～喜欢的小伙伴快来点赞吧！ ​​​"
"诗意半微凉38413","09月02日 09:50 来自荣耀8青春版 颜值担当","862","278","89","婚姻当然不是爱情的坟墓，就像多年朝夕相处的岁月，斜躺在沙发上突然同他讲起某件事，你知道不会有人像他那样，瞬间会意地大笑，眼睛闪着光，温情地看了你一眼，然后你听到他说：是啊，十二年前的事情了。 ​​​"
"诗意半微凉38413","09月01日 10:01 来自荣耀8青春版 颜值担当","866","1138","151","【值得收藏！睡眠专家教你“快速入睡”的8个秘诀】有调查显示，我国10岁至45岁的人群中，76%受访者表示入睡困难，一觉睡到天亮的只有11%，“睡个好觉”已经成为青年人的奢望。你的睡眠质量合格吗？怎样才能快速入眠？打鼾、多梦、磨牙等应该怎么解决？……实用安眠指南↓↓@人民日报 ​​​​"
"诗意半微凉38413","08月27日 06:47 来自微博 weibo.com","0","0","0","我免费围观了 @苏芩 的回答，问题价值 9.90 元，快来一起免费围观~ 微博问答:苏岑姐，有个问题要问你。很多女的玩够了通常就会找个老实人嫁了。用身体享受了光鲜奢侈的生活，安定后又能享受平淡的爱情，这对老老实实谈恋爱的女孩来说是否会不公平？那 ​​​"
"诗意半微凉38413","08月26日 21:14 来自荣耀8青春版 颜值担当","37133","43530","3034","【果断收藏！100种鲜花的花语，后天七夕，送花就用它！】花有“花语”，不同的花代表不同的含义。送花、赏花，懂花语，表达的情感甚于言语。玫瑰花、百合花、郁金香、康乃馨、满天星、勿忘我…各种常见的鲜花都是什么意思？送花的朵数又代表什么含义？戳图对照↓↓七夕快到了，收藏学习！ ​​​​"
"千千看客心","10月18日 22:44 来自三星GALAXY A","730","1067","159","#考虫考研政治# 【必考会议报告考点思维导图】本次会议修改了中国的社会主要矛盾，提出很多新理念，今年考研政治必考！报告内容太长，下面是萌酱为大家做的简单的考点思维导图，方便大家理解记忆！[跪了][跪了] ​​​​"
"千千看客心","10月17日 22:11 来自三星GALAXY A","2941","2699","489","发布了头条文章：《贩毒30吨的毒枭，与贪污5亿的警察：《追龙》背后的真实香港历史》 甄子丹扮演的跛豪，与刘德华扮演的雷洛，都是历史上的真实人物。这二位香港曾经的枭雄，要把他们的故事讲完，100分钟的电影怎么可能？拍八十集电视剧还差不多。所以电影里做了简化。今天，和大家聊聊历史  ​​​ 全文"
"千千看客心","10月10日 21:33 来自三星GALAXY A","647","819","199","欧美电影圈过年了！[鼓掌]目前10月+11月内地定档的大片：10.20《全球风暴》10.20《王牌特工2：黄金圈》10.27《银翼杀手2049》11.3《雷神3：诸神黄昏》11.10《东方快车谋杀案》11.17《正义联盟》大家约起来！！！[抓狂] ​​​​"
"千千看客心","09月22日 21:45 来自三星GALAXY A","0","0","0","真是对帅大叔毫无抵抗力。虽然我也喜欢吴磊这种小鲜肉。但此喜欢非彼喜欢 ​​​"
"千千看客心","09月15日 20:32 来自三星GALAXY A","1576","1413","105","【  眼前转红运…  】 ​​​"
"千千看客心","09月15日 08:51 来自miyijia测试君","2","0","2","2017，秦祯秋的对象最有可能出现在：http://t.cn/RaNMXe8 ​​​"
"千千看客心","09月14日 16:33 来自三星GALAXY A","27851","24695","4335","#幕星周刊广告部# 和小果粒君的合作。 ​​​"
"千千看客心","09月11日 10:57 来自三星GALAXY A","389","1015","253","这条微博迅速被新浪屏蔽了…… ​​​"
"千千看客心","09月11日 10:48 来自三星GALAXY A","5","5","2","【班农明日将在香港讲民粹主义】美国《华盛顿观察家报》10日报道称，白宫前首席战略分析师班农将于12日参加由里昂证券有限公司在香港主办的投资者论坛，并发表题为“美国经济民族主义、民粹主义反抗与亚洲”的主题演讲。据悉，班农将在演讲中释放民族主义信号，呼吁美国对华实施更严苛政策。 ​​​"
"千千看客心","09月08日 15:24 来自三星GALAXY A","48812","56728","9365","刚刚得知，动画艺术家陆青老师于9月6日早晨7时许突发脑溢血去世，享年89岁。陆青老师曾在《大闹天宫》《哪吒闹海》《雪孩子》《鹿铃》《天书奇谭》《三毛流浪记》等动画片中担任主要原画。2013年开始，陆青老师对我们的工作给予了很大支持。2014年，我们为陆青老师留下了生前最后的口述影像[泪] ​​​"
"千千看客心","09月08日 15:16 来自三星GALAXY A","62094","109214","71141","西游记中师徒四人是一个非常火爆的男团，在抵达大雷音寺的时候如来佛祖说只有三个人能够成佛。假设大家都是这个男团的粉丝并且都有自己最喜欢单独的爱豆，会说什么样的话来为自己的爱豆打call呢？请开始作答。 ​​​"
"千千看客心","09月08日 14:22 来自三星GALAXY A","0","0","0","忽然就。有点粉薛之谦 ​​​"
"千千看客心","03月25日 22:25 来自三星GALAXY A","1","0","0","爱何辜 ​​​"
"千千看客心","02月24日 11:11 来自三星GALAXY A","37","269","25","#关注▪就业#【2017职业资格考试时间表，让你升职加薪！】日前，国家已先后取消了434个职业资格许可和认定事项。那么还有哪些含金量较高的职业资格可以考？现在备考还来得及吗？2017年55项考试时间表↓↓ 转存，加油！ ​​​"
"千千看客心","01月26日 14:02 来自三星GALAXY A","197","1112","58","立花慎之介老师为了卖电脑拼了 ​​​"
"千千看客心","01月23日 21:10 来自三星GALAXY A","3132","733","166","其实睡觉才是人类的正常状态，醒来的唯一理由只是为了给做梦寻找素材。——Mohayat ​​​"
"千千看客心","01月04日 17:24 来自三星GALAXY A","533","447","138","推主TwinCosplay 出的海贼王鹰眼米霍克，天哪，帅炸裂！|ω･`) ​​​"
"千千看客心","01月04日 17:20 来自三星GALAXY A","1266","1299","621","#赤道爱分享# 一个敏感肌的年度爱用总结虽然新历已经到了2017年但是好在农历的新年还没过[笑cry]同时敏感肌的宝宝快来快来这里面有没有你们爱用的呢？转发+关注抽五名宝宝送年度爱用CeraVe大礼包[坏笑] ​​​"
"千千看客心","01月02日 21:47 来自三星GALAXY A","1395","549","679","你以为他看起来是个谦谦君子，到最后发现内里其实都一样……——tyranousor tixiang 译 ​​​"
"千千看客心","01月02日 21:38 来自三星GALAXY A","17","14","3","你们的银桑老公，携神乐、新八一起祝你们新年好！万事屋的新年口号是...要成为海贼王！！[笑cry]秒拍视频 ​​​"
"千千看客心","2016-12-05 16:29:14 来自三星GALAXY A","21149","31607","7534","最近画的脑洞漫画~只希望能让你们内心一暖~~[心][心][心] ​​​"
"千千看客心","2016-12-03 08:11:07 来自三星GALAXY A","183","161","1345","“睡过的所有女孩子都是A-cup，包括现女友，好想摸摸D-cup的是什么感觉” ​​​"
"千千看客心","2016-10-17 15:24:38 来自三星GALAXY A","857","141","168","光棍节前想要追我朋友的 你私聊我 ​​​"
"千千看客心","2016-10-04 17:46:49 来自三星GALAXY A","1683","1899","488","分享图片 ​​​"
"千千看客心","2016-05-12 18:26:31 来自三星GALAXY A","68","378","17","【BBC：提灯女神-弗洛伦斯·南丁格尔】这部剧情式传纪片讲述了英国历史上最伟大的女英雄之一——弗洛伦斯·南丁格尔在克里米亚战争前线救死扶伤，当时伤病员死亡率高达50%。南丁格尔潜心改造病室的卫生条件，并加强护理，增加营养。半年之后，伤病员死亡率下降到2.2％。[话筒]在线：http://t.cn/h6MqSf ​​​"
"千千看客心","2016-03-21 16:48:52 来自三星GALAXY A","12","14","1","画师黒木歩插画作品 更多无水印美图关注 @冲田总司 ​​​"
"千千看客心","2016-03-12 20:11:13 来自三星GALAXY A","123","484","103","【转发抽奖】简单粗暴！#转发本条微博# +关注@木棉花EMUSE & @无头骑士异闻录官网 ，即有机会在白色情人节当天获得木棉花正版#无头骑士异闻录# 情人节大礼包一份。临也&静雄牵手送上为你准备的白色情人节[礼物][礼物]！你，对就是你，想要么？[爱你][爱你][爱你] ​​​"
"千千看客心","2016-03-10 19:53:01 来自三星GALAXY A","1","0","3","第四次发这张图，不开心时看一眼都要笑的不行了 ​​​"
"千千看客心","2016-03-09 20:21:02 来自三星GALAXY A","287","351","187","这两天撸的一些智障漫画日常....[微笑][微笑][拜拜] ​​​"
"千千看客心","2016-03-03 16:22:55 来自三星GALAXY A","20489","24774","6537","岛国各位动漫大师的工作环境，大家感受一下……想给空知猩猩买把椅子[笑cry] ​​​"
"千千看客心","2016-02-28 17:42:32 来自哔哩哔哩移动客户端","0","0","0","亚人 #哔哩哔哩动画# 新剧情终于开始了，等了好久#亚人# http://t.cn/R4jomW2 ​​​"
"千千看客心","2016-02-27 20:40:17 来自三星GALAXY A","4030","12258","1067","加上了佐助自己戳自己额头的那一幕……补刀专用#GIF# 不用谢[口罩] ​​​"
"千千看客心","2016-02-26 11:56:14 来自三星GALAXY A","0","0","0","Emily#封面闹着玩系列# ​​​"
"千千看客心","2016-02-24 22:28:29 来自三星GALAXY A","38","51","43","二次元的哥哥，如果只能选一个，你会选谁呢？[喵喵][喵喵] @火影忍者微吧 @叛逆的鲁鲁修微吧 @全职猎人微吧 @犬夜叉微吧 ​​​"
"千千看客心","2016-02-12 18:50:33 来自三星GALAXY A","1547","171","145","总有人爱说微博的不是，但至少你得承认，自从有了微博，连公共厕所的墙壁都干净了好多。 ——LANDEYves tixiang译 ​​​"
"千千看客心","2016-01-17 10:59:03 来自三星GALAXY A","4828","13758","5","#火影忍者# #鹿鞠# 补了剧场版The last day，凑个9张~ 奈良小夫妻[哆啦A梦微笑][哆啦A梦微笑] ​​​"
"千千看客心","2016-01-16 19:25:25 来自哔哩哔哩移动客户端","0","0","0","亚人 #哔哩哔哩动画# 激动的不行。。。虽然估计前面几集应该和剧场版一样。。但是还是要去看。。。感谢up主 http://t.cn/R4jomW2 ​​​"
"千千看客心","2015-12-21 11:23:21 来自三星GALAXY A","泪","4831","682","#火影忍者# 天真岁月不忍欺，青春荒唐我不负你。剪得好赞[泪] UP主：萧容与 秒拍视频 ​​​"
"千千看客心","2015-12-20 09:03:39 来自三星GALAXY A","16120","14487","4201","1984-2015 三十多年间约翰尼德普的银幕造型变化 [via MOVIEPILOT] ​​​"
"千千看客心","2015-12-18 10:20:27 来自哔哩哔哩移动客户端","1","0","0","吼吼#霍比特人#【魔戒/霍比特人】【密林父子亲情向】【cpAL/ET】瑟兰迪尔的回忆录 UP主: 萧岐 #哔哩哔哩动画# 【魔戒/霍比特人】【密林父子亲情向】【cpAL/ET】瑟兰迪尔的回忆录 ​​​"
"姚山35515","今天 14:27 来自华为麦芒4","0","0","0","[允悲][允悲]不仔细看以为是洽洽，这也能山寨，厉害了 深圳·西乡街区 ​​​"
