情毒癮29780,1,这两天都没有休息好[泪] 威海·全球候鸟度假地(白云路) ​​​
情毒癮29780,2,以后我不会比任何人差 ​​​还是农村好啊[微笑] ​​​郝哥喜滋滋的在这偷拍 ​​​来一张大哥侧脸军训照 ​​​吴亦凡回加拿大，假期各种被偶遇中，够接地气的！[允悲]想不想偶遇吴亦凡？ ​​​军训好累 威海·北京交通大学(威海校区) ​​​亲，你好、我现在经营天然工坊的竹妃纸巾、急需关注、麻烦帮我点击二维码、帮我关注谢谢[抱拳][抱拳][抱拳]1、点击放大二维码2、长按识别图中二维码3、点击关注、一定要帮我关注哟、增加人气哟，非常非常感谢、如有打扰敬请见谅 ​​​只有一个人是单身谁能找到他 ​​​#偷好友红包去# 派派是挺好的一个软件，值得一用。 ​​​
小qq_倩,3,其实我就想看看你啊睡了@小小文儿眨眼睛 哈哈[嘻嘻][嘻嘻] ​​​#王清州的红包#Boomshakalaka！我在王清州 的红包中抽到了@微博会员 提供的“50元会员红包”，2017年的小惊喜！也许你的惊喜更大哦~王清州 的红包 ​​​#吴亦凡的红包#Boomshakalaka！我在Mr_凡先生 的红包中抽到了@微博电影 提供的“电影代金券”，2017年的小惊喜！也许你的惊喜更大哦~Mr_凡先生 的红包 ​​​#艾特春晚#哟！2017伊始运气不错哦！我刚刚抢到@央视网 和@微博综艺 发出的联手现金红包！你也快来领比比谁的红包更大吧~央视网 的红包 ​​​愿你能在人海茫茫中和你的命中注定撞个满怀，所爱之人最后成为你的爱人。 ​​​​分享图片 ​​​分享图片 ​​​[火焰]鼓楼附近的朋友，麻烦留意一下这只狗，因家里人出门可能没注意狗溜出去了，狗狗很粘人可能会跟着人走，身上有狗牌子和联系方式，如有看到帮忙联系狗主人，一个姑娘养了几年了，谢谢谢谢[祈祷][祈祷][祈祷]联系方式：186-5209-1522[祈祷]@宠物互助南京站 #南京寻狗##南京寻狗启事##南京泰迪寻狗平台# ​​​#南京寻狗#[火焰][火焰][火焰]鼓楼附近的朋友，麻烦留意一下这只狗，身上有狗牌子和联系方式，如有看到帮忙联系狗主人，一个姑娘养了几年了，谢谢谢谢[祈祷][祈祷][祈祷]电话186-5209-1522，请大家帮忙留意[伤心][伤心] ​​​Bigbang现场献唱《let's not fall in love 》现场炒鸡赞，歌也好听醉了！ 秒拍视频 . ​​​
木槿曦53880,2,快考试了，献上学霸傅小司锦鲤符咒，见符转发者逢考必过，金榜题名！信司哥不挂科！[心] ​​​杀青[胜利]️[开心] ​​​@TFBOYS-易烊千玺  导航语音包已在高德地图上线！快去下载使用吧，易烊千玺 #千式苏音拯救路痴# 。另外@TFBOYS-王源 和 @TFBOYS-王俊凯 的语音包正在加紧制作中，将在5月6月登录高德地图，各位敬请期待吧。更多TFBOYS导航语音包信息，快来戳视频吧！http://t.cn/RqOvcAC ​​​还有两个座，要上车吗？ ​​​你若盛开，蝴蝶自来 ​​​友谊的小船 ​​​咦？这是传说中的魔法城堡？ ​​​抱歉，此微博已被作者删除。查看帮助：http://t.cn/Rfd3rQV待会八点二十浙江卫视《王牌对王牌》，我要装乖耍帅换不停风格[挤眼] ​​​我参与了@微博音乐 发起的投票 【你心目中的2月音乐头条是哪一个？】，我投给了“#王源自作曲因为遇见你#”这个选项。你也快来表态吧~你心目中的2月音乐头条是哪一个？ ​​​
南巷初晴wine,2,"#嗨氏# 我煮的红油麻辣抄手，张嘴啊～ ​​​#嗨氏# 今天是我最开心幸福的一个生日！谢谢我最爱的宝贝儿子还有亲人兄弟姐妹们！更要感谢还有我那么多那么们多可爱的嗨宝儿女们送给我这个妈妈最美好的生日祝福和礼物！妈妈永远爱你们[抱抱][抱抱][亲亲][亲亲]衷心的谢谢你们！也特别感谢助理们还有工作人员们不辞幸苦的那么大老远的赶来为我过了这 ​​​ 全文你是年少的欢喜，喜欢的少年是你。[爱你] #明日之子#2017微博MVP#明日之子孟子坤# wink弟弟人气咔咔滴～ [污]无论是帅气优质的外形，呆萌可爱的笑容，还是独特撩人的嗓音，对歌曲饱满的深情演绎，都是人见人爱的""完美大男孩""[心]那么你是因为坤坤的哪一点被吸引呢～投票选择你的心动理由吧[害羞] ​​ ​​​ 全文感情之初由我而起 作为男人 是我没有保护好晓彤 让她在这段感情里受到了诸多伤害 万分歉意 从公开到结束 当事人的我们最清楚这段感情的珍贵与纯粹 绝对不存在炒作之类的无稽之谈 请停止谣言与攻击 给我们留下仅有的一点私人空间 拜托大家 ​​​#嗨氏# 貂蝉传说级新皮肤仲夏夜之梦，老规矩送观众100套新皮肤同等价值现金红包，所以此微博抽100个135元现金红包（总价值13500元），关注@嗨氏 转发点赞此微博并@3个好友 即可参与抽奖，（10月7日晚8点在嗨氏斗鱼直播间开奖，直播地址：www.douyu.com/1229） ​​​​#嗨氏##全世界最好的江海涛##做嗨氏的四分之一##嗨氏和嗨宝# 晚安合集完整版[爱你]送给大家洗眼睛加晚安好梦吧[污]立场江海涛[作揖]就这样[作揖]@嗨氏 我们一直都在[心]感谢昨天所有嗨宝宝的祝福[兔子]早点休息呀明天一切会更好哒[兔子]嗨嗨的柠檬橘子水的秒拍视频 ​​​哇我嗨真棒跟王俊凯一起参加综艺跟董子健一起打王者刚刚直播 还跟王铮亮一起打 郁可唯小姐姐还拉他想一起打@嗨氏  最后日常骂一句：楚河你算个d ​​​抱歉，此微博已被作者删除。查看帮助：http://t.cn/Rfd3rQV#嗨氏# 问题不断，风口浪尖，作为店铺运营负责人，本想好好做些产品，用心做好店铺运营就好，但最近节奏好乱，一波跟一波，你一句，我一句，网络爆炸亦如此，不能争论，沉默也变得罪有应得。 欲加之罪何患无词，那就再唠唠吧，美工我们有，可以做到好，真的，相信我的队友不坑。店铺开业作为嗨哥观众 ​​​ 全文发的再清楚一点。#嗨氏##请还嗨氏公道##保护我方江海涛# @嗨氏 @封心锁爱不爱 @嗨氏后援团 @吃嗨嗨零食长大的 @酷酷的子浩吖 图一，楚河发律师函告嗨宝，请的律师事务所。图二，某位不知道是谁告嗨氏侵权，请的律师事务所。图三，某位不知道是谁的公司所在地。图四，虎牙总部所在地。1、 ​​​ 全文"
夜的黑的幸福1314,8,#微博卡片背景# 我正在使用#粉丝嘉年华##张杰#专属会员卡片，星星们快来试试吧！ 卡片背景：张杰 ​​​#微博头像挂件# 我正在使用“喵星人”会员专属头像挂件，你也来试试吧！ 头像挂件：喵星人 ​​​#微博头像挂件# 我正在使用“喵咪脸”会员专属头像挂件，你也来试试吧！ 头像挂件：喵咪脸 ​​​#微博卡片背景# 我正在使用“猫星星”会员专属卡片背景，你也一起来试试吧！ 卡片背景：猫星星 ​​​我在#微博会员福利#中领取了【汉堡王套餐抵用券】。微博会员送福利，权益多多，你也来看看吧！>> ​福利权益免费领！ ​​​#微博头像挂件# 我正在使用“喵星人”会员专属头像挂件，你也来试试吧！ 头像挂件：喵星人 ​​​你偷走了我所以有的感情，却说祝你幸福；就像小偷偷走了我所有的钱，却对我说了一句恭喜发财 ​​​#微博卡片背景# 我正在使用#粉丝嘉年华##张杰#专属会员卡片，星星们快来试试吧！ 卡片背景：张杰 ​​​#微博卡片背景# 我正在使用“杏仁儿HAPPYDAY”会员专属卡片背景，你也一起来试试吧！ 卡片背景：杏仁儿HAPPYDAY ​​​#微博头像挂件# 胖猫不是胖，只是瘦的不明显！我正在使用“胖猫” 会员专属头像挂件，你也来试试吧！ 头像挂件：胖猫 ​​​
XIAOMEI真可爱,2,"""你所有遇到的不幸 都是曾经荒废时间的报应"" ​​​2018中级会计师，每日一测:1.甲公司系增值税一般纳税人，适用的增值税税率为17%。有关资料如下：资料一：2014年8月1日，甲公司从乙公司购入1台不需安装的A生产设备并投入使用，已收到增值税专用发票，价款1000万元，增值税税额为170万元，付款期为3个月。资料二：2014年11月1日，应付乙公司款项 ​​​ 全文2018初级会计，真题消消乐:经济法基础真题及答案解析材料题甲公司的开户银行为P银行。2016年4月1日，甲公司委派员工张某携带一张公司签发的出票日期为2016年4月1日，金额和收款人名称均为空白的转账支票赴乙公司洽谈业务，为支付货款，张某在支票上填写金额15万元后支付乙公司。当日，为偿还所欠 ​​​ 全文杨梅[馋嘴][馋嘴] 玉林·博白县 ​​​运动不是一蹴而就的比拼，而是执着于每一瞬间的坚持！日行15000步的我已激活了一枚暴走勋章！#运动就是坚持# 你也来试试吧！微博运动 玉林·博白县 ​​​有时候不逼一下自己，   永远不知道自己有多优秀。            各位午安🤗🤗 南宁·相思湖 ​​​我还在犹豫，别人早已买好车票了🤔🤔[思考][思考] 南宁 ​​​骑行在路上，风景在心中         摩拜你值得拥有 [思考][思考] 南宁·广西经济管理干部学院 ​​​XIAOLI真奇葩 #运动教室# 打卡第3天，三月不减肥，夏季徒伤悲！一起来打卡社区 蜕变吧！ ​​​没有什么能够阻挡，我对自由的向往。[太开心][太开心] 南宁 ​​​"
诺诺皇冠给你戴嘛,3,同样是跳舞，差别咋那么大呢[笑cry][笑cry][笑cry] 热门搞笑视频大本营的秒拍视频 ​​​#触手剑仙# 李白党福利《凤求其凰》来了，关注剑仙转发此微博并且艾特三个好友送6666元现金！听说！你喜欢火！你最喜欢歌词里的哪句话？[二哈]网易云音乐下载地址：http://t.cn/RCZqy4A#王者荣耀# 剑仙的秒拍视频 ​​​#王者荣耀# 马上七夕给大家送福利了……抽奖！抽奖！新英雄百里玄策+皮肤77套，抽奖方式：关注 @虎牙曹操 点赞评论转发本条微博并 @三名好友 我们将在8月28日晚上10:00直播间公布中奖名单，虎牙直播平台搜索：曹操大表哥 每晚6点至凌晨1点我在虎牙等你。 ​​​​小哈尼们，我又来散财了，20个57.8元现金红包。转发这条微博就可以了。抽奖时间很快就抽了！以后每周都会有红包活动！我爱你们，晚安哈！ ​​​听说，人会长大三次。[心] ​​​​
宋允珠,3,【太有用了！20个Word文字处理技巧，学完不求人！转存！[赞][赞]】@央视新闻 ​​​【来啊，一起尬舞！[小黄人高兴]】最近很多人都被《Despacito》洗脑，国外一对非常可爱的兄妹@RanzAndNiana ，每次哥哥Ranz拿出手机放这首歌，无论何时何地，妹妹Niana总会立马开始尬舞……RanzAndNiana的秒拍视频 看完感觉被洗脑了[小黄人坏笑] ​​​【30条有趣的经济学原则，你知道多少？[思考]】费思诺定理、牢骚效应、奥格尔维法则、阿什法则……这些看起来高大上的经济学定律，名称的确有点容易记混[晕]，不过大佬们总结出来的道理确实简单易懂而又值得玩味[憧憬]。今天，每经和你一起分享一些趣味横生的#经济学原理#[笑而不语]，让你也能像经济学 ​​​ 全文【实用贴】让人舒服的配色，不管穿衣、设计都管用，收藏！（转） ​​​甜到蛀牙！《告白气球》双人舞，简单的舞步互动，轻松好学～快找你男票一起学学！[心]秒拍视频 ​​​【教你如何做头倒立】一次瑜伽习练只做一回头倒立，不要重复习练以免身体过度劳累。暂时还无法很好掌握的朋友也不要气馁和心急，保持习练，一切自然会来！ ​​​​很给力的一个改善驼背，纠正塌肩膀的训练视频[给力]不仅能改善驼背猥琐颈体态，以及由此引起的副乳、手臂拜拜肉等。还有助于脖子变长，身高提升呢。双下巴颈纹、法令纹泪沟等也有所改善。从简单到难的4个版本！快get√吧！http://t.cn/R4UpelP ​​​【外国排名第一有氧燃脂操】整套动作难度不大，30分钟的练习，就能消耗500大卡！！据说练完都感觉到身体不是自己的了[doge]超燃！！时长30分钟，建议留着慢慢练！[来] http://t.cn/RcuudqW ​​​【30个黄金定律，不论做什么都要了解！】①吉格勒定理：水无积无辽阔，人不养不成才；②彼得原理：找一个自己游刃有余的岗位好好发挥专长；③吉尔伯特法则：有人教训和指点的时候都是福气；④飞轮效应：很多事开始时困难，坚持过临界点就会变轻松…30个黄金定律↓助你开拓思维，走出迷茫！ ​​​吃豆腐的花样千百种，广州美食大家江太史流传下来的这道自创豆腐最为特别。@令胡扯的饮食手记 介绍说，太史豆腐是将嫩豆腐混合虾茸、鱼茸，搅拌至起胶，调味后上火蒸。成菜看着是一块完整的豆腐，吃起来却有异常丰富的鱼虾鲜美，口感也扎实很多，特别适合老人和小孩。#一条美好生活#  ​​​ 全文
千殇如砜,3,王者荣耀昨天版本更新，说好的英雄和皮肤优化调整呢[允悲]胸没了~更像是补衣服~[污] ​​​你的生日距离哪个节日最近啊？[doge] ​​​老司机 很稳哦 ​​​【山西一村民上坟烧纸引发山火 4名灭火队员死亡】4月3日12时40分左右，山西省晋中市太谷县范村镇温家庄附近发生一起山火。县委、政府立即组织救火队伍赶赴现场，进行灭火救援。在扑救过程中，由于风向突变，有4名灭火队员被卷入火中，因伤势过重，抢救无效死亡。目前，火势已得到有效控制，明火已基本 ​​​ 全文【下午茶】日本推主kao77neko发现了一种“海豚多肉”，这种多肉植物很像一只只海豚，有点萌 ​​​这什么破JB游戏…… http://t.cn/R6vA2qA . ​​​没有人比你更美好，因为这个世界不会再有第二个你. ​ ​​​犯我中华者 虽远必株 ​​​如果有个人……爱我的小心眼……爱我的固执已见……爱我的不知死活 ……爱我的臭不要脸……我会忍不住想陪你终老好暖[心] ​​​#万象#【女工脱下工装走进照相馆，惊艳了时光[赞]】她们，来自中建三局西北公司的工地，有的处于二十出头的花样年华，有的已到为人祖母的天命之年；她们，从未拍过写真，为赶工期，常年在一线默默奉献。“最美的永远是劳动人民，而不是网红。”当看到自己精美的写真时，有的激动落泪，有的微露羞涩。 ​​​
S哥-艺轩格,2,世界美好，有你真好[挤眼][挤眼][挤眼][挤眼][挤眼] ​​​好久不见冒个泡 ​​​游泳[游泳] 当然开心，今天是多么痛的领悟[太阳] [太阳] [太阳] [太阳] ​​​爱你么么哒[心][心][心][心][心] ​​​【茂县山体垮塌救援最新消息汇总：已致15人遇难 118名失联人员名单公布】①截至24日晚10点，搜救人员共发现15具遇难者遗体；②118名失联人员名单公布，最大的83岁，最小的3岁；③事发前在景区游览的142名游客已离开；④受灾现场2.4公里便道初步打通；⑤现场正展开全覆盖搜索。救援还在继续！挺住！ ​ ​​​ 全文娇小玲珑[樱花] 清纯又淡雅[绿叶] 充满爱的味道[心] 秒拍视频 ​​​放暑假啦[鼓掌] [鼓掌] [鼓掌] 不用被晒啦[太阳] [太阳] [太阳] ​​​妹妹邮寄来的琵琶，又大又甜，没有农药健康食品[色][色][色][色][色] 秒拍视频 ​​​谁想我了举手 [emoji] ，耳朵[耳朵] 非烫[耶][耶][耶][耶] ​​​川剧变脸[good][good][good][good] 秒拍视频 ​​​
Candy-芙洛莉娜,8,十年后，自己是做什么的呢？你有想过吗? ​​​Candy-芙洛莉娜 打卡第2天。在#运动教室#热血开练，发现全新的自己！ 打卡社区 ​​​Candy-芙洛莉娜 打卡第1天。在#运动教室#热血开练，发现全新的自己！ 打卡社区 ​​​【四小花旦重洗牌，郑爽热巴关晓彤都在候选名单里，你选谁？】从02年第一次评选出赵薇、章子怡、周迅、徐静蕾为“四小花旦”之后，这件事已经成为了娱乐圈的“习俗”。 #尖叫之夜# ​​​【怎样评价周冬雨的颜值和演技？】周冬雨又开始自我膨胀了近日在微博上又开启自黑模式搞笑大头照。 #宝宝的小情绪# ​​​【小凯是你的男神吗？】A是B不是 ​​​#王俊凯十八岁生日快乐！#【【0807~王俊凯】】先提前祝凯18岁生日快乐噢[微笑]（分享自：爱奇艺泡泡圈）http://t.cn/R9OyjG2 ​​​机车鹿最酷（分享自：爱奇艺泡泡圈）http://t.cn/R9OSrnz ​​​【【早安】170807 鹿晗运动季第二周】八月七日，鹿晗运动季第二周第一天。第一周篮球主题周，已完美收官，没有摸到篮球？算你输喔⊙ω⊙ 期待这一周的主题，会是什么呢？希望是我会的运动项目吧～深夜必放毒的办办，已经成了每晚的必修课，不要忘了，享用美食的前提，是运动哟～顺带一提，中医上说，最 ​​​ 全文这么美的皇冠你会给baby吗（分享自：爱奇艺泡泡圈）http://t.cn/R9OEmQt ​​​
高雅狂想曲,1,#京城cp#   [心]   #鹿彤cp#   鹿晗&关晓彤：男人怎么介绍你，就怎么爱你都被鹿晗和关晓彤震惊了吧说实话，鹿晗在我的印象里一直是个挺娘的小男孩，一点没看出是个北京爷们儿。不过这一次，主动公开恋情，真心实意地为他打call。“这是我女朋友。” 是单身狗的救命稻草，却是娱乐圈的毒药无数的前 ​​​ 全文#鹿晗#  [doge][doge]自从鹿晗和关晓彤公布恋情后，各种评论不断.....  @M鹿M  鹿晗：随你们开心好哦，想怎么说怎么说.....[摊手][摊手]                  好一句、随你们开心，其实公众人物就该有这样乐观的心态，加油  [话筒][话筒] 郭岱岳-的秒拍视频 ​​​#鹿晗#    今晚看到有人发了一篇文章《我是一个粉丝，但我也有尊严》，文章对鹿晗和关晓彤的事件进行了强烈的谴责，认为是自己花了钱追了偶像，结果自己偶像拥着别的女人。可是，偶像也有人权，因为偶像也是人，偶像不能因为是偶像就抛弃了人类繁衍的权利，从没有哪个契约规定，鹿晗赚了钱不能够找女 ​​​ 全文鹿晗公布恋情：不秀恩爱的人，大概是没有恩爱 ​​​小模特出场时面对闪光灯紧张得哭了，和他一起走秀的男模Alexandre Cunha把他抱起来走完了整个秀，好像二次元画面，太有爱了[爱你] ​ ​​​在韩国有一只流浪的橘猫，阿姨每次喂给她散装的猫粮时，它一粒都不会吃，而给她整袋的话，她就会立马叼走。在跟踪后发现原来她把整袋的猫粮都叼回去，给了她唯一活下来的猫宝宝。 宠物帮萌星球的秒拍视频 ​​​【《猩球崛起3：终极之战》幕后拍摄花絮！】共9分半钟左右，直击片场：迷影心生的秒拍视频 展现原生拍摄现场，以及不带特效的大家~[酷] via:FilmIsNow ​​​感觉这辈子都做不到不看颜值与外在。 ​​​才发现这个日子是如此的残忍，别人晒花、晒饭、晒幸福，我只想说：我饿了，减肥呢。 ​​​关晓彤、王一博为爱情片《二次初恋》献唱同名主题曲，MV今日同步上线，主题曲讲述了一对年轻情侣即使分开后，却依旧对彼此念念不忘的故事，该片将于8月28日七夕节开启提前点映活动。 语无风的秒拍视频 ​​​
AppIe唯一6,2,当她在冷宫内流产，而他在别的女人屋里说…… ​​​​人生就是一场未知的旅程，不断的向前走，不断的遇到任何问题，但都会一直走下去，因为没有退路！！！ ​​​#每天热门# #美文达人# #心里的话# #语过填情# #语录达人# #爱情心语# #心灵鸡汤# #心灵寄语# 脸上的泪总是会干的，心中的泪总是难缠的，我们总是在世人前露笑脸，于邻里间显出欢颜。有苦压在心中，有泪流在胸中，再大的苦独自承受，再多的愁自己默默忍受。生活中的喜乐哀愁，习惯于表现欢乐，适应于掩 ​​​ 全文分享图片 ​​​他们看到你中午才起，不知道你天亮才睡；他嘲笑你痴人说梦，看不到你背后决心；他们看到你荣华围绕，看不到你辛酸努力；他们觉得你嘻嘻哈哈没心没肺，不知道你夜晚难过伤心。你必须非常努力，才能看起来毫不费力，即便是躺着中枪，也要姿势漂亮。 ​​​明明不想做的事为什么非要逼我，我也有自己的想法，不想做一个布娃娃，任你们摆布，，，我难道就不能有自己的想法吗 ​​​[射手座]： 可以左右你心情的那个人，一定是你最爱的人；舍不得你难过的那个人，一定是最爱你的人。世界这么大，有人心疼你，是你的骄傲；人心如此小，有心装着你，是你的自豪。有多少人放不下曾经错的人，永远找不到那个对的人；有多少情赢不了一颗心，却痛给了一个等。所谓放不下，是因等不到而太美 ​​​ 全文与其羡慕别人，不如肯定自己。肤浅的羡慕，无聊的攀比，笨拙的效仿，只会让自己整天活在他人的影子里面。累了，难过了，就蹲下来，给自己一个拥抱。因为这个世界上没有人总能同情你，怜悯你。你哭了，眼泪是你自己的；你痛了，没有人能体会到。那么你只有流着泪去微笑。 ​​​夏日美肤上新欢[绿叶] 击退干燥[水滴]，持久锁住水润[星光] ​​​累啊！累啊！累啊！！！！！ ​​​
用户5788518903,1,哎呦，帅哥 ​​​
繁尘绝恋唯少,5,"相遇已i离奇，更是惊奇。           晚安！ 漳州·云水谣古镇旅游景区 ​​​♡                此生能够遇到你，         喜欢上你，是我的荣幸，     以后的日子，无论怎样的喜欢，           我想，不会再有那些年      对你的疯狂，那样的刻骨铭心。    终于可以彻彻底底的与你告别了，        对不起，这么多年，打扰了。 ​ ​​​​“当你手中抓住一件东西不放时，你只能拥有这件东西，如果你肯放手，你就有机会选择别的。人的心若死执自己的观念，不肯放下，那么他的智慧也只能达到某种程度而已” ​​​长大是一件很爽又是很无情的事 小时候打完架鼻青脸肿的说要绝交 第二天见面的时候分同一个辣条就能和好如初嘻嘻哈哈 长大以后 明明没有说再见 不知道什么时候起 就心照不宣的再也没有见过面 甚至最后 我们成了陌路 却连那句为什么都没有问出口 想联系又不能联系的感觉是真的不好受. ​​​""每个人都只年轻一次 不够理性 不够成熟的年龄遇见你 不知道是对还是错 我们能不能走到最后谁也说不定 在这浮躁的阶段 只希望能努力多爱你一点 你一定不要抱怨我的脾气 时间会告诉你我爱你都是真的 白发终老希望还是你"" ​ ​​​夏的炎热，就好似我们，我们对彼此的思念。我们走过一个十年，我们还会有好多个十年。每一个人的人生中，都会有一些重要的人重要的事。庆幸，我们彼此相遇。夏季，往往代表着离别，毕业的离别，。我们从小到大一直在一起，现在在远方的你们我虽然不知道你们是否安好，但我知道你们会像我想你们一样思念 ​​​ 全文与其热闹着引人夺目，步步紧逼，不如趋向做一个人群中真实自然的人，不张扬，不虚饰，随时保持退后的位置​​。[思考][思考][思考] 厦门 ​​​有些歌听前奏就爱上了  有些东西看第一眼就喜欢上了  可是第一眼就喜欢的东西  往往跟自己没什么关系。[微风][微风][微风] 厦门·日月潭雪花 ​​​原来，原来世间的一切都可以伤人。改变可以伤人，不变却也可以伤人。所有的一切都要怪那颗固执的怎么也不肯忘记的心。 ——席慕蓉《槭叔下的家》 ​​​与其热闹着引人夺目，步步紧逼，不如趋向做一个人群中真实自然的人，不张扬，不虚饰，随时保持退后的位置​​​[微风][微风] ​​​"
田野13897,2,#偷好友红包去# 好玩，综合了抢红包，聊天，玩游戏于一体，希望越做越好。 ​​​#偷好友红包去# 让一个人变强大的最好方式，就是拥有一个想要保护的人。   #偷好友红包去# 让一个人变强大的最好方式，就是拥有一个想要保护的人。 ​​​
意中人6342561486,2,一百支口红 + gucci + miumiu + T8  ...  [美甲]🏻转发关注 @关于壁纸  和  @CometMOS 抽20位朋友平分100支口红 ！！一位T8 一位ip7   这次雨露均沾 ！ [口红][口红]  （看图一） ​​​抱歉，此微博已被作者删除。查看帮助：http://t.cn/Rfd3rQV抱歉，此微博已被作者删除。查看帮助：http://t.cn/Rfd3rQV
苛乐戒指,10,八一建军节，消防哥哥有了心心念念的表情包，一张张帅气十足的消防表情，诚挚向全国消防人员致敬。#消防知识宣传#@中国消防 ​​​有时候不去认认真真谈一场恋爱你根本不知道一个人过得有多爽 ​​​卧槽，原来老外是这样算乘法的。。。http://t.cn/RqZGaO6 ​​​大家好！我是big锤！这首多油版的《if you》送给大家！铁锤欧巴在韩国苦练十年的韩语终于得到了施展！我们坚决不吃廉价地沟油，吃了地沟油我拉肚子拉了一宿！衣服油～抹在身上证明我家不穷！hi起来！http://t.cn/RqkUMae（使用#秒拍#录制） ​​​只要升等级就有福利享，变身土豪就靠它，想想就有点小激动呢[太开心]小伙伴儿们速来围观，领取你的#微博等级专享礼#吧微博等级，升等级享好礼 ​​​今天我的「微博等级」又升一级，记录一下我在微博的成就微博等级，升等级享好礼 ​​​不管你用什么方式活着，我们只有一个目的，别违心，以及别后悔，还有，去他妈的人言可畏 ​​​历史大年限1840--1842年 鸦片战争1856---年1860 第二次鸦片战争1894—1895年 甲午中日战争1900年 八国联军侵华战争1842年 中英《南京条约》签订1895年 中日《马关条约》签订1901年 《辛丑条约》签订1898年 戊戌变法1905年 中国同盟会成立1911年lO月10日 武昌起义1912年(民国元年) 中华民国 ​​​ 全文比起怒骂，沉默才是最彻底的失望。 ​​​真正的朋友就是：“不管旁人如何在我面前说她的坏话，把她形容的如何不堪，都不会改变她在我心中一丝一毫的位置。任何流言和诋毁，在我亲自证实之前，我都会站在她那一边。” ​​​
左岸的微风199702,2,试试我喜爱的自拍相机！下载B612咔叽：http://t.cn/RSKyR4h 宜宾·共乐镇 ​​​今天我的「微博等级」又升一级，记录一下我在微博的成就微博等级，升等级享好礼 ​​​呵呵哒 宜宾·共乐镇 ​​​
三分热度nqj,2,#向全世界安利崔雨鑫#你问我在干嘛。在回你之前，我在想你。在回你的时候，我在聊天。在回你之后，我在等你回复。@cyx崔雨鑫  午安，小哥哥。 ​​​和喜欢的人在一起什么都是开心的。[爱你]翻翻旧图 发现有你在  我真是太幸福啦[太开心] ​​​酸爽[允悲][允悲] 快来一起练 [并不简单][阴险] 秒拍视频 ​​​还有最后不到一周的时间，升级战赛程就全部结束啦。除了魔音赛道最后一个粉推名额，现在只有我们首席星推官杨幂老师手中还握有最后一个直推名额。你希望哪位小哥哥被直推回来呢？快来投票吧！【你希望首席星推官大幂幂将哪位小哥哥直推回来？】你希望首席星推官大幂幂将哪位小哥哥直推回来？ ​​​​
首席粉丝---柠萌奶茶,3,一次美妙的旅程 ​​​能拿奖品这种事一定要和大家说一说的，否则以后还怎么在一起愉快的玩耍[酷]我正在领取#微博等级专享礼#，这里的奖品太给力了，快去试试人品吧微博等级，升等级享好礼 ​​​今天我的「微博等级」又升一级，记录一下我在微博的成就微博等级，升等级享好礼 ​​​#快乐大本营二十周年# 希望十年后的自己好好学习上一个好大学，去三小只演唱会，节目现场[太开心] ​​​夏天就要出出汗[小黄人惊讶] ​​​调戏@vivo智能手机 ​​​巩留蝴蝶湖 ​​​几天没上微博了，这是最新的基友头像吗？@TFBOYS-王俊凯 @TFBOYS-王源 @TFBOYS-易烊千玺 ​​​阳光灿烂的午后 ​​​
傲娇不过你悦啊,1,喜欢就在一起，别辜负了相遇。 ​​​壮大我中华 ​​​
中国刘敬辉中,2,看第一眼时还以为是炸鸡块。。[允悲] ​ ​​​[太开心][太开心][太开心][哈哈][哈哈][哈哈][嘻嘻][嘻嘻][嘻嘻][笑cry][笑cry][笑cry][馋嘴][馋嘴][馋嘴][挤眼][挤眼][挤眼][可爱][可爱][可爱][亲亲][亲亲][亲亲][阴险][阴险][阴险][偷笑][偷笑][偷笑][憧憬][憧憬][憧憬][坏笑][坏笑][坏笑][小黄人高兴][小黄人惊讶][小黄人委屈][小黄人剪刀手] ​​​ 全文祝你生日快乐 ​​​#YY LIVE#Mr[爱心]孝 岩づ带你走进Ta的直播！YY LIVE，玩转全民娱乐直播！http://t.cn/RXA3UbL @手机YY ​​​#YY LIVE#（皇朝）天涯带你走进Ta的直播！YY LIVE，玩转全民娱乐直播！http://t.cn/R6KR9t3 @手机YY ​​​#YY LIVE#（皇朝）天涯带你走进Ta的直播！YY LIVE，玩转全民娱乐直播！http://t.cn/R6xO1ei @手机YY ​​​#YY LIVE#美食猴子【1频道手艺人】带你走进Ta的直播！YY LIVE，玩转全民娱乐直播！http://t.cn/R6V5bRm @手机YY ​​​#YY LIVE#Mr[爱心]孝 岩づ带你走进Ta的直播！YY LIVE，玩转全民娱乐直播！http://t.cn/R6GDJWf @手机YY ​​​#YY LIVE#这个YY直播有点意思！明明有才华，偏要靠颜值！http://t.cn/R6bUKW7 @手机YY ​​​#我的生活态度#无聊透顶 保定 ​​​
用户5633565210,2,能拿奖品这种事一定要和大家说一说的，否则以后还怎么在一起愉快的玩耍[酷]我正在领取#微博等级专享礼#，这里的奖品太给力了，快去试试人品吧微博等级，升等级享好礼 ​​​#旧时光旅记的红包#Boomshakalaka！我在旧时光旅记 的红包中抽到了@粉丝夺宝 提供的“粉丝夺宝大礼包”，2017年的小惊喜！也许你的惊喜更大哦~旧时光旅记 的红包 ​​​
Cry琴,1,亲爱的，送你一张现金券，快来领吧～http://t.cn/RtweJLm (来自-蘑菇街) ​​​#狂热粉丝闯拍摄现场#翻译官大热，主演录制节目遭狂热粉丝乱入，独家视频流出@亲爱的翻译官 http://t.cn/R5RKwDB ​​​乌龟好有灵性哦，秒转3天内有好运秒拍视频 ​​​我刚刚在#微博等级专享礼#中领取了由@微博会员 提供的“7天会员体验”专享礼包[发红包]新等级华丽变身，iPhone6、拍立得、大牌明星签名礼、综艺门票、百万现金券…..人人升级有福利，让你任性让你high！[噢耶]快去领取你的等级专享礼吧微博等级，升等级享好礼 ​​​
陈一一是小可爱,3,试试我喜爱的自拍相机！下载B612咔叽：http://t.cn/RSKyR4h ​​​今天的口号是 不虐[狗]！ ​​​暑假终极搞事情[二哈][二哈][二哈] ​​​天呐这组壁纸好牛逼哈哈哈哈哈… ​​​​#浪花一朵朵# [给力]#电视剧国民老公# 恭喜@电视剧浪花一朵朵 完美收官[赞]再见，唐一白 ！你好，陆瑾年！蛋妹~接下来的日子里@熊梓淇 由蜗蜗来守护[心] 国民老公官微的秒拍视频 ​​​美好的一天又登场，我在@超级星饭团 给#熊梓淇#加热了1次，每天都会这样支持你@熊梓淇 ​​​一个女生最真实最舒服的生活状态[小黄人高兴] ​​​​惊现神秘视频，神马？唐一白，祁睿峰，向阳阳，林桑集体祝福云朵？？难道有大事发生？？@谭松韵seven @熊梓淇 @黄圣池 @王子璇 @辛瑞琪_  电视剧浪花一朵朵的秒拍视频 ​​​#熊梓淇##浪花一朵朵#敲黑板~~注意注意！！@熊梓淇 @电视剧浪花一朵朵 【重磅One】唐一白推广曲《SuperHero》24日零点准时上线，全球首发！[太开心]【重磅Two】10月28日熊梓淇首张个人新专辑发布会将在北京正式举行，更多资讯敬请期待。[爱你][爱你] ​​​#熊梓淇# #谭松韵#【《#浪花一朵朵#》第28集——我的妈呀，这种好朋友之间的道别也太甜了～我也想来一个！[污][笑cry][笑cry]】新剧不能停的秒拍视频 ​​​
解脱好棒,4,祝你生日快乐 ​​​#M鹿M的红包#Boomshakalaka！我在M鹿M 的红包中抽到了@让红包飞 提供的“金牛座财神卡”，2017年的小惊喜！也许你的惊喜更大哦~M鹿M 的红包 ​​​#让红包飞的红包#boom boom boom！我在@让红包飞 的红包中抽到了“滴滴贺岁感恩券”！2017年的小惊喜！也许你的惊喜更大哦~让红包飞 的红包 ​​​#索达吉堪布的红包#Boomshakalaka！我在索达吉堪布 的红包中抽到了@让红包飞 提供的“狮子座财神卡”，2017年的小惊喜！也许你的惊喜更大哦~http://hongbao.weibo.com/hongbao/1000110/1769787285?id=1000110_1769787285_5617437099_01486085178249 ​​​#张雪迎Sophie的红包#Boomshakalaka！我在张雪迎Sophie 的红包中抽到了@让红包飞 提供的“狮子座财神卡”，2017年的小惊喜！也许你的惊喜更大哦~张雪迎Sophie 的红包 ​​​#徐海乔的红包#Boomshakalaka！我在徐海乔 的红包中抽到了@让红包飞 提供的“狮子座财神卡”，2017年的小惊喜！也许你的惊喜更大哦~徐海乔 的红包 ​​​#林俊杰的红包#Boomshakalaka！我在林俊杰 的红包中抽到了@粉丝夺宝 提供的“粉丝夺宝大礼包”，2017年的小惊喜！也许你的惊喜更大哦~林俊杰 的红包 ​​​#一介撸夫的红包#Boomshakalaka！我在一介撸夫 的红包中抽到了@微博电影 提供的“电影代金券”，2017年的小惊喜！也许你的惊喜更大哦~一介撸夫 的红包 ​​​#胡兵的红包#哟！2017伊始运气不错哦！我刚刚抢到胡兵 和@谢光明Andy 发出的联手现金红包！你也快来领比比谁的红包更大吧~胡兵 的红包 ​​​#谭晶Jacqueline的红包#Boomshakalaka！我在谭晶Jacqueline 的红包中抽到了@微博电影 提供的“电影代金券”，2017年的小惊喜！也许你的惊喜更大哦~谭晶Jacqueline 的红包 ​​​
萌星星60325,3,[可爱][微笑] ​​​祝你生日快乐 ​​​我刚刚在#微博等级专享礼#中领取了由@微博会员 提供的“微博会员尊享月卡”专享礼包[发红包]新等级华丽变身，iPhone6、拍立得、大牌明星签名礼、综艺门票、百万现金券…..人人升级有福利，让你任性让你high！[噢耶]快去领取你的等级专享礼吧微博等级，升等级享好礼 ​​​今天我的「微博等级」又升一级，记录一下我在微博的成就微博等级，升等级享好礼 ​​​分享图片 ​​​
用户5368641944,8,#OPPO让红包飞#boom boom boom！我在@OPPO 的红包中抽到了“微博会员5元代金券”！2017年的小惊喜！也许你的惊喜更大哦~OPPO 的红包 ​​​#李小璐的红包#Boomshakalaka！我在李小璐Super璐 的红包中抽到了@微博会员 提供的“50元会员红包”，2017年的小惊喜！也许你的惊喜更大哦~李小璐Super璐 的红包 ​​​#让红包飞的红包#Boomshakalaka！我在让红包飞 的红包中抽到了@理财平台 提供的“188元理财大礼包”，2017年的小惊喜！也许你的惊喜更大哦~让红包飞 的红包 ​​​#让红包飞的红包#Boomshakalaka！我在让红包飞 的红包中抽到了@滴滴出行 提供的“滴滴贺岁感恩券”，2017年的小惊喜！也许你的惊喜更大哦~让红包飞 的红包 ​​​#彭于晏的红包#Boomshakalaka！我在彭于晏 的红包中抽到了@聚美陈欧 提供的“聚美百元礼包”，2017年的小惊喜！也许你的惊喜更大哦~彭于晏 的红包 ​​​#微整形Mon梦儿的红包#Boomshakalaka！我在Mon梦儿微整形 的红包中抽到了@众筹吧 提供的“众筹现金券”，2017年的小惊喜！也许你的惊喜更大哦~Mon梦儿微整形 的红包 ​​​#王鸥Angel的红包#Boomshakalaka！我在王鸥Angel 的红包中抽到了@众筹吧 提供的“众筹现金券”，2017年的小惊喜！也许你的惊喜更大哦~王鸥Angel 的红包 ​​​#让红包飞的红包#Boomshakalaka！我在让红包飞 的红包中抽到了@有信电话 提供的“有信180分钟话费”，2017年的小惊喜！也许你的惊喜更大哦~让红包飞 的红包 ​​​#让红包飞#哇，厉害了word红包日历，简直是抢红包神器！一键生成抢红包提醒，妈妈再也不用担心我错过微博红包啦！>> 红包日历 ​​​今天有朋友从外地过来玩，所以鸽啦……还是送1000qb，转发评论中抽取十个大胸弟吧。大家记得有空来虎牙看我直播哟[爱你][爱你] ​​​
用户6032462708,1,整理了444句超实用英语短语给大家！ 背完这些，出国旅行无忧，速度get√更多英语知识请 关 注 我哦#英文# ​​​
那一瞬间D_,2,"抱歉，此微博已被作者删除。查看帮助：http://t.cn/Rfd3rQV【我市中考录取分数线出炉】阳江一中、广东两阳中学普通类学生录取最低控制分数线分别为842.55分和743分，阳江三中录取最低控制分数线为496.9分。各县（市、区）普通高中学校录取最低控制分数线由所属教育局制定公布。阳江一中艺术特长生文化分最低控制分数线为674分，美术术科210分，音乐术科70分。 ​​​@高晓松 一个高中生模样的孩子，在专心致治的看《鱼羊野史》，这可是精神食粮，他高考考的应该会很好吧，听说看《晓说》，读《野史》会加分[doge][doge] ​​​也许 我不是在等待你爱我的那一天 [爱心] 而是在等待 我不再等待你的那一天 ((: [爱心] ​​​你知不知道，我用所有的勇气走近你，你好与不好，我都在不断地发现，不停地接收，我心里能够装下的，全是和你有关的东西。你知不知道，我的气力已经为你耗尽，我没有多余的勇气，来作出离开的选择，我已经无法再去走近另一个人，然后去接触他的好与不好。哪怕被你伤害，我也知道，自己真正爱过一回。 ​​​曾经发脾气，三天三夜哄不好。如今生个气，转眼就觉没必要。时间让人慢慢长成了好脾气，所以，看一个人成熟的程度，要看他平息怒火需要多长时间。 ​​​【禾木之夏】#我们眼里的新疆#许多人认为禾木最美的季节是在秋季,那时的禾木就像五彩斑斓油画美到让人无法言表。实际上禾木的夏天也有独特的韵味,茂盛的白桦树,绿草如织的草地,错落有致的小村,天光云影流水薄雾共徘徊,美的让人恍惚。（图片来自网络）@新疆发布@直播新疆@阿勒泰发布@昌吉王者@新疆雷将 ​​​白羊座 今日(3月29日)综合运势：★★★☆☆，幸运颜色：棕色，幸运数字：5，速配星座：天秤座（分享自@微心情） 查看更多： http://t.cn/zRybhvI ​​​【因为象牙，大象正走向灭绝[泪]】因为象牙，一只只大象惨遭猎杀。日前，北京海关又截获5根象牙及191件象牙制品！每对象牙背后都是一头惨死的大象。一张照片中，被砍断象牙惨死的母象，眼睛还死死盯着被盗猎者脱出母体暴晒的小象…非洲象可能在20年内灭绝！对象牙制品说不，一个转发，一份力量，转起！ ​​​【因为象牙，大象正走向灭绝[泪]】因为象牙，一只只大象惨遭猎杀。日前，北京海关又截获5根象牙及191件象牙制品！每对象牙背后都是一头惨死的大象。一张照片中，被砍断象牙惨死的母象，眼睛还死死盯着被盗猎者脱出母体暴晒的小象…非洲象可能在20年内灭绝！对象牙制品说不，一个转发，一份力量，转起！ ​​​"
桂慧酷酷的,5,画眼线必学基础步骤，11种眼线画法从基础开始画给你看，画眼线，就是这么简单[喵喵]秒拍视频 ​​​超级美的法国皇冠编发*像是从童话书里走出来的公主[心][心]http://t.cn/RV5iuYr ​ ​​​墙是练习深蹲的好助手 ，这样练深蹲，分分钟虐出翘臀[耶]秒拍视频 ​​​2分半钟学会6款美美哒编发，学起来~[心] 秒拍视频 ​​​文艺范，几款超赞的文字鞋带系法！get√秒拍视频 ​​​生个女儿不就是拿来扎辫子玩的嘛让爸爸给女儿扎头发  via.杨霞Sunny   秒拍视频 ​​​#晚安#【TED演讲：如何在六个月内学会一门外语】学习一门第二语言，对全世界的人们来说都是一项苦差事。教育家Chris Lonsdale，结合知名案例和自己的新鲜理念，为大家介绍六个月从零学会一门外语的具体方法。http://t.cn/RUkzBwb ​​​#丁sir-说警事##微博辟谣##超级话题##警察# 网传紫菜是塑料做的？真实的情况是这样的！别再转“塑料紫菜”的谣言了！ 秒拍视频 ​​​根据相关法律法规和政策，该微博已被删除。查看帮助：http://t.cn/Rfd1A92比个馒头，代表中意你，我正在使用“比个馒头”#微博头像挂件#，你也一起来用吧～ 头像挂件：比个馒头 ​​​
Tickets楼lam,5,"@李诞 吐槽算你是高手，哄女生呢？ 女生说感冒了，看你如何回应？就现在，敢不敢当面直播挑战？关注@吴太-感康 转发其置顶微博赢签名照！看直播就有机会赢浪漫海岛游，猛戳围观：（来自一直播:吴太-感康正在直播）#会粘贴的感冒药# ​​​【你好，#十九大#】今天，中国共产党第十九次全国代表大会召开。“人民对美好生活的向往，就是我们的奋斗目标。”这是对人民的深情表白，也是对中国未来的庄严承诺。不忘初心，继续前进。你好，十九大；加油，中国！ ​​​""遇到你[男孩儿][女孩儿] 在合适的时间  我们恋爱 结[喜]婚 生子  在温暖的陪伴中老去  这就是每个人要的幸福  稳稳的幸福"" ​​​[鲜花][鲜花][鲜花] 衢州·龙洲街区 ​​​【一起扩散，整个江西都在找她】如果此时您在车站，火车上，高速收费站，长途汽车等，南昌、湖南、湖北、广东、福建、安徽、浙江等江西周边交通要塞的，请留意下面这个小女孩，她于18号在江西省奉新新上富镇被人抱走。为人父母心，请为孩子转发，举手之劳，功德无量！[祈祷][祈祷][祈祷] ​​@刘若英 @李晨 ​​​ 全文不要太乖，不想做的事可以拒绝，做不到的事不用勉强，不喜欢的话假装没听见，你的人生不是用来讨好别人，而是善待自己。 ​ ​​​当家里的地面变成了岩浆……[允悲]：迷影心生的秒拍视频 几个室友真是戏精本人了，一定要看到最后！[笑cry] ​​​“你应该很孤独吧，一个人住在我的心里，没有邻居。” ​​​​[小嘴][小嘴]结婚不等于幸福单身也不意味着不幸因为我们出生时就一个人🕴🏼最终也不可能同时离去一个人过 只要心态好那就是一种幸福……就这么简单 为自己而活 ​​​！ 衢州·小南海镇 ​​​永远也不要高估你在别人心中的地位，其实你什么都不是，多你一个也不多，少你一个也不少。——致自己！ ​​​其实谁都不想发脾气，赌气不过是为了看看对方会为自己退让多少的空间。我们都有这样一个习惯，闹矛盾了，喜欢说话带刺，喜欢不理不睬。懂得你的人会为你放下架子，不懂你的人，维持了僵局，失望的只有你自己。 ​​​"
xxx06754,1,分享图片 ​​​成百，上千，数万……      好多人，高高低低，男男女女。      我们，是强盗！入室抢劫，每年一次！      只等一声令下，我们破窗而入，见到什么抢什么，什么贵抢什么，谁抢得多谁是好样的，最能抢的，才是最有出息的。抢得最多的，变成了顶礼膜拜的匪头儿。      入室抢劫，每年一次！      我 ​​​ 全文看了这个视频谁都可以写出一篇最经典的2017秋季开学第一课观后感 王国权见证梦想的微博视频 ​​​我在高考蜂背累计签到2天: http://t.cn/RKCFPVL ​​​恭喜唐嫣获得金鹰女神，实至名归！刘亦菲，李小璐，王珞丹，刘诗诗，赵丽颖，唐嫣…在这些历届的金鹰女神中，你觉得谁最美呢？[爱你][爱你] 历届金鹰女神，你觉得谁最美呢？ ​​​澳门风云3[星星][星星][星星][星星][星星]，#最强贺岁档#之#澳门风云3# ​​​WULI@魏晨 的白日梦想家-魏晨好听得停不下来！一定要让它在#亚洲新歌榜#拿第一！ ​​​“花式”祝大家新年快乐…2016，顺利，顺心！[haha][haha][haha][亲亲][亲亲][亲亲] 秒拍视频 . ​​​好消息，好消息！@魏晨 的白日梦想家-魏晨正在#亚洲新歌榜#打榜，走过路过不要错过！ ​​​#JackMa全球粉丝后援团的红包#一不小心又中奖了！(≖ ‿ ≖)✧我在JackMa全球粉丝后援团 的红包中抽到了@滴滴出行 提供的“滴滴百元礼包”，好实在的礼物，让宝宝心情美丽一整天～JackMa全球粉丝后援团 的红包 ​​​
用户6264313530,1,我就这样静静的看着你…… 秒拍视频 . ​​​
移不动联不通21796,2,"伪装幸福，学着让自己更坚强。 我正在使用""假面女孩""封面图，好漂亮，你们都快来试试！封面图预览 ​​​#微博头像挂件# 我正在使用“小怪兽”会员专属头像挂件，你也来试试吧！ 头像挂件：小怪兽 ​​​"
十六夜蔷薇R,3,"我刚才购买了 二次初恋 的电影票，@微博电影 帮我省了20.4元！超便宜！ ​​​学生时代，哪句话最让你蜜汁向往 _____________________________ ​​​夫妻中谁的基因决定孩子的智商和相貌？涨姿势了 ​​​抱歉，此微博已被作者删除。查看帮助：http://t.cn/Rfd3rQV别人家的女朋友 ​​​【家常清汤面】清澈的汤底,清爽的口感，简简单单的做法，却能给你满满的温暖 ​​​正在玩Brain Dots！ #BrainDots## http://t.cn/RUdUgw9 ​​​奥利奥的高能吃法，这才是奥利奥的正确打开方式，逼格一下提升数倍！秒拍视频 ​​​每次你凶我的时候 ，我都觉得你有毛病 ，这么可爱的我 ，你居然还能发脾气！无语！ ​​​生活从来都不容易啊，当你觉得挺容易的时候，一定是有人在替你承担属于你的那份不容易 。”——致父母 ​​​"
豪放的侯爵,2,#百家车谈# 屋顶的广告位，奔驰是怎样做到的？[笑而不语] ​​​普京 一位身份成谜的男子，一位被总统耽误的超级网红[哈哈][笑cry] ​​​​想起了我第一次啃榴莲[鼓掌] ​​​打造网络新势力，目标6万人[微笑]， ​​​总觉得这人特眼熟，好像在哪部怪兽片里见过……大伙帮我想想啊[疑问][疑问] ​​​
用户6343770980,1,我免费围观了 @永安行 的回答，问题价值 10.00 元，快来一起免费围观~ 微博问答:怎么修改手机号码？ ​​​
我很怪i73778,3,吃货福！利！来啦！！我敲喜欢吃的零食分享给你们啦[羞嗒嗒]详情戳图五[并不简单] ​​​今天我升级为VIP2了 ​​​最适合给女朋友讲的9个睡前故事，暖哭了。 ​ ​​ ​​​虐心爱情短片《方块》：求求你，请喜欢我一下好吗？[伤心]  电影Mark的秒拍视频 ​ ​​​请问看完之后你想说点什么？英国漫画家Alex Norris作品。 ​​​洗衣店不会告诉你的洗 衣技 巧！洗衣服大家都会，但是真想把衣服洗干净，光是把衣物丢进洗衣机里是不行的，你还得 get一些小技能！ ​​​一个雪人和一个沙人的爱情故事，开头被甜的虐狗，结局…… [泪] 宅剧控的微博视频 ​ ​​​地球不需要你拯救，人类要拯救的是自己。。。 ​​​抱歉，此微博已被作者删除。查看帮助：http://t.cn/Rfd3rQV两岁宝宝与父亲通电话，情绪激动，哈哈哈哈哈，萌翻了！ [笑cry] 世界搞笑排行榜的秒拍视频 ​​​
雪儿Arthur1495286,4,这母亲还是人吗  没良心 女司机车祸先送狗就医 儿子颅内出血竟留现场 ​​​《逍遥叹》李逍遥个人版剪辑（饭制）胡歌说：“我从来不否定我的过去，因为每一部戏，每一步成长，我觉得都是一种积累。”追剧派狂人的秒拍视频 ​​​没有理由就是发张照片[太开心][太开心][太开心] ​​​#宝宝很方# 久违[太开心][太开心][太开心] ​​​在命运的颠沛中可以看出一个人的气节。——·莎士比亚 ​ ​​​人与人的交往多半肤浅，或只有在较为肤浅的层面上，交往才是容易的，一旦走进深处，人与人就是相互的迷宫。#早安明珠粉# ​​​分享视频 秒拍视频 . ​​​怎么样[好喜欢][好喜欢][好喜欢][好喜欢] 秒拍视频 . ​​​我在@小咖秀APP 参加了#爆笑对嘴大赛#，向#快乐大本营#上的逗比男神女神们挑战！（来自秒拍视频）APP下载地址：小咖秀  ​​​[糖宝惊呆了][糖宝惊呆了][糖宝惊呆了][糖宝惊呆了] ​​​
专殇伱de心丶,2,"心疼你的人，他永远得不到你的重视。陪你玩的人，你永远把他放在第一位。 ​​​苍了少年，老了天真，懒了声色，薄了青春，静了光阴，痛了灵魂。 ​​​没有力气再往前走，也没有余地往后退，原地踏步又心有不甘，这就是所谓的焦虑。 ​​​Life is tough, so are you.生活很艰难，你也很坚强。 ​​​一款聊了就不想走的app↓↓你喜欢哪种声音？戳图收听 ​​​""以前挺好的想得少睡得早也喜欢笑"" ​​​友情里让人心寒的事， 真可怕。[拜拜] ​​​"
被爱的我不够好_259,1,人生第一次自拍，请多多关照，鲜肉是鲜了些，当屏保还是可以辟邪的！ ​​​
GJX52992,3,#领航中国##十九大时间#【盛会90秒：新时代 新发展】你背了很多年的社会主要矛盾变了！新时代，如何实现更加平衡、更加充分的高质量发展？听听代表们怎么说。新华视点的秒拍视频 ​​​【68岁环卫老太儿逝媳改嫁，忠犬相伴】河南平顶山，68岁环卫工马奶奶有一条捡来的小狗一直陪着她。她儿子因车祸去世，儿媳改嫁。几年前老伴过世了，她跟孙女相依为命。如今孙女在外读书，小狗就时刻陪着她。@辣条视频 一手video的秒拍视频 ​​​今天我的「微博等级」又升一级，记录一下我在微博的成就微博等级，升等级享好礼 ​​​那一年，他们被迫躲上小船，今天，小船变成了航母；那一年，他们改革开放拥抱世界，今天，全世界都望向中国；那一年，你或许没有经历，今天，你我正共享祖国的荣光。继续奋斗，#十九大#，再出发！（图片创意/@王左中右 ） ​​​#十九大# 习近平报告，这些话，真给力！转发，学习！ ​​​⭐ 我正在看新浪直播#中国女排VS塞尔维亚女排#，你也一起来看吧！http://t.cn/RtnZCOB ​​​
汝氏族人,3,#M鹿M的红包#红包不停，好运连连！d(≧▽≦*d)我刚刚抢到了M鹿M 和@男神整形医生铭昊 联手发出的现金红包！小心脏激动得扑通扑通哒~新的一年跟我一起抢红包吧！M鹿M 的红包 ​​​分享图片 苏州·胜浦 ​​​我刚刚在#微博等级专享礼#中领取了由@微博会员 提供的“微博会员尊享月卡”专享礼包[发红包]新等级华丽变身，iPhone6、拍立得、大牌明星签名礼、综艺门票、百万现金券…..人人升级有福利，让你任性让你high！[噢耶]快去领取你的等级专享礼吧微博等级，升等级享好礼 ​​​今天我的「微博等级」又升一级，记录一下我在微博的成就微博等级，升等级享好礼 ​​​苏州·胜浦[星星][星星][星星][星星]，#带着微博去苏州# 苏州·胜浦 ​​​
有多少你我l,3,转给身边爱自拍的女生[笑而不语] ​ ​​​#带着微博去美国#随手一抽，红包到手！我刚刚抽到了@AmericanAirlines美国航空 的现金红包！这只是个开始，据说还有高达200元的大红包呢！ 不说了，我继续抽红包去了！AmericanAirlines美国航空 的红包 ​​​大闸蟹，就是要阳澄湖的才好吃！ #贴秋膘了吗# @鲜城 一米便当的秒拍视频 ​​​杭州&苏州旅游攻略P1 西湖 飞来峰 灵隐寺 清河坊街 南宋御街P2 博物馆 杭州植物园 补充景点P3 朴墅 新丰小吃 知味观P4 楼外楼 一点点 叫化鸡P6 拙政园 苏州博物馆 寒山寺P7 平江路 七里山塘 诚品书店P8 桃花源记 鸡脚旮旯梅干菜扣肉饼花园饼屋P9 赵元璋肉骨烧 补充苏州小吃这次终于没有拖延认 ​​​ 全文【超全的苏州美食攻略】准备去苏州的朋友！赶紧收！快快快来苏州吃起来！作者：抹茶小完子C_Cheney ​​​​七侠镇著名思想家佟湘玉的名言警句[ok] ​​​大家今天给我个面子吧。今天抽奖来送iPhone 8 Plus 和一堆东西转发并关注：我和@秒杀菌 即可一共抽45位9.28通过@微博抽奖平台 全部抽出[ok] ​​​是我，我想我是没救了[笑cry][笑cry] ​​​要开学了，这可能是唯一的好消息！[doge] ​​​女朋友爱买买买是种什么样的体验？这个我最有发言权了吧 ​​​
姜小久-v,3,既然是缘分，它不能结果那就让他散了吧；不挽留也不强求，相识是缘也是份。 我们 淡 淡 地 微 笑 一 下 ， 也 是 异 样 的甜 美  。 贵阳·贵州商学院 ​​​分享图片 贵阳·贵州商学院 ​​​#十九大#【划重点！十九大重要论断】①中国特色社会主义进入新时代；②新时代中国特色社会主义思想；③我国社会主要矛盾；④开启全面建设社会主义现代化国家新征程。转发，收藏，学习！#学习时间# ​​​【你好，#十九大#】今天，中国共产党第十九次全国代表大会召开。“人民对美好生活的向往，就是我们的奋斗目标。”这是对人民的深情表白，也是对中国未来的庄严承诺。不忘初心，继续前进。你好，十九大；加油，中国！ ​​​贵阳·贵州商学院[星星][星星] 贵阳·贵州商学院 ​​​#张杰天籁之战##张杰回娘家# 13年后，I'm coming home~ 在熟悉的舞台上唱的就是爽啊！这个杰式版本的《回娘家》，你们喜欢吗？ 钓娱video的秒拍视频 ​​​贵阳·贵州商学院[星星][星星][星星] 贵阳·贵州商学院 ​​​祝你生日快乐 ​​​#贵阳·贵州商学院[地点]# 贵阳·贵州商学院 ​​​没有谁能左右你的情绪，只有你自己不放过自己，不要再熬夜了，谁心里怎么能听懂音乐，只是学会了控制。 ​​​. ​​​
杀马特初学者,7,懒人必备——36款快手面条的做法！来来来，咱们下面吃~转 ​​​【转发赠书】《看过很多云，却只爱过你-余言》 #陪你一起去看云#我行过很多地方的桥，看过很多次数的云，喝过许多种类的酒，却只爱过恰处在最好年龄的你。@余言即楚燕狂子 年度最具浪漫感青春旅行小说 《看过很多云，却只爱过你》  如期而至，这个地球上几亿人，你唯独最想要他的安慰与拥抱，那便是爱，无可替 ​​​ 全文冰淇淋色炫彩婚纱袭来 ​​​抱歉，此微博已被作者删除。查看帮助：http://t.cn/Rfd3rQV翻翻她的微博，每天有吃不完的狗粮，学不完的互撩技巧，句句甜到心，值得关住@开撩 ​​​六个动作帮助收缩腰部，摆脱水桶腰的困扰！在家就能练，哑铃也可以用其他重物代替，每个动作12-15次，分为3组，get√[酷] ​​​转发并关注@alyssaxuu 9月30日通过第三方平台抽8名小伙伴，3名各送戒指一枚，另5名分别送100元代金券。 ​​​
屠屠情,10,女人记住：宁愿找个没太多钱但舍得给你花的男人，也不要找个有钱却对你抠门的男人。永远别自我催眠说只信爱情不屑物质，为你抛洒血汗钱的才代表真心爱你，因为小气的人永远只爱自己。 ​​​饭后喝茶，会冲淡胃液，影响食物的消化。另外，茶叶中含有大量鞣酸，饭后喝茶，就会使胃中没来得及消化的蛋白质同鞣酸结合在一起形成不易消化的沉淀物，影响蛋白质的吸收。茶叶还会妨碍铁元素的吸收，长期如此甚至能够引发缺铁性贫血。 ​​​当意识到一颗钻石比一颗玻璃珠贵重时，你已经可悲地长大了。 ​​​【手部护理小窍门】①温水加白醋或柠檬汁泡手五分钟可使肌肤柔软白皙；②护手霜在微波炉里微热后涂抹更滋润；③睡前用蜂蜜白砂糖按摩双手十分钟，清水擦净后上保养液；④生牛奶和面粉各三勺搅拌成糊敷手，干后温水洗净防皱滋润；⑤温热橄榄油浸泡双手防止出现倒刺。 ​​​懂得拒绝是一种能力更是一种技巧。拒绝等于给这个世界发出了这样一个信号：你知道如何正确表达自己的观点。你有自己的需要，期待和优先考虑的东西；同时也重视和尊重他人的需要。你既懂得满足自己，更懂得如何让他人快乐 ​​​股市有风险，但我们不要惧怕风险，懂得风险，警惕风险，“管理风险”，控制风险，因而规避打风险。……股市最大的风险是无给我们控制风险（改正错误）的机会。因此，每次成功卖出（不论是盈利还是止损），我们都要感谢上帝 ​​​很多时候，看的太透反而不快乐，还不如幼稚的没心没肺。。 ​​​岁月如石，智慧如刀。智慧的刀剑只有在岁月里磨砺，才能渐渐迸发出夺目的光芒。我们都是磨刀人，都在岁月的长河里打磨着自己。刀柄就在我们手中，因为用心与勤奋，我们锋芒四射，璀璨了生命，升华了灵魂；因为粗心与懈怠，我们麻木愚钝，磨卷了刀刃，蹉跎了人生。 ​​​上学时，妈说：等你们毕业，妈就享福了。毕业时，妈说：等你们找到工作妈就享福了。工作时，妈说：等你们结婚妈就享福了。结婚时，妈说：等你们有了小孩妈就享福了。有了小孩，妈妈说：等你们小孩长大妈就享福了。现在小孩长大了，我说可以享福了，可是妈妈，你能听到么？爱妈妈就一定要转！！！ ​​​一个知己就好象一面镜子，反映出我们天性中最优美的部分。 ​​​
白心如啊,1,祝你生日快乐 ​​​
用户6394403083,3,开心的[鼓掌][鼓掌][鼓掌][鼓掌] 北京·回龙观 用户6394403083的秒拍视频 ​​​真香呀[可爱][可爱] 北京·回龙观 用户6394403083的秒拍视频 ​​​我的宝贝 北京·回龙观 用户6394403083的秒拍视频 ​​​
张·汉三,2,学习“大大大大大大大大大大大大大大大大大大大”（不用数，绝对19个@刘汉三丶  ）🙃🙃 ​​​我不说话，我就艾特你一下@刘汉三丶  [吃瓜] ​​​听说今天日期正反读都是2017.10.2 ​​​送战友，走四方。 _GuoZzzz的微博视频 ​​​用夜色掩饰我的泪眼滂沱。战友，走好。前程似锦，一路顺风。[悲伤][拳头][拳头][拳头] ​​​去年今日。[一点钟] [二点钟] [三点钟] [四点钟] [五点钟] [六点钟] [七点钟] [八点钟] [九点钟] [十点钟] [十一点钟] [十二点钟] [二哈] ​​​我记得... 你跟我时... 我一无所有...我不想再寻觅了...  请让我给你所有...反正我们也不再年轻了....  那就再爱一次吧... ​​​最深的回忆。 渭南·华山 ​​​@小王子依然爱着他的玫瑰花 就问你床单展不展，被子方不方！[酷] 华阴市 ​​​【MV】一群汉子的燃粉之作，劲爆圈粉！他们是中国军人，是一群突击猛士，将青春摔打在戈壁大漠，用激扬的青春绘就人生壮美，在从戎的青春里挑战自我、超越自我。纵使多苦多磨难，他们必将淬炼成钢，锻造成一支雄关利剑，镇守祖国边关。http://t.cn/RXDHJ0G . ​​​
星河_95897,2,分享图片 ​​​你瞅啥？笑啥笑？没看过狗打喷嚏吗？[doge]卧槽，这柴犬酝酿好半天看得我的鼻子都痒了[哈哈][笑cry]秒拍视频 ​​​#娱乐小编上线#【九位新生代年轻男演员，你最看好谁？】最近许多从网剧走出来的小哥哥，颜值和演技都双双在线啊！[憧憬]邢昭林、熊梓淇、查杰、王博文、朱戬、孟瑞、李现、晏紫东、蒋梓乐，九位新生代年轻男演员，你最想为谁打call？ ​​​​来投票→九位新生代年轻男演员，你最看好谁？ ​​​​ （据芒果娱乐） ​​​你们会买iPhone X嘛？要不叔送一台吧！[酷]老规矩，关注叔+转发这条微博9月30号@微博抽奖平台  开奖！[坏笑]俊平大魔王的秒拍视频 ​​​[微风]首批iPhone8 Plus到货了，只需转发并关注@白菜。[心]抽1人奖励【iPhone8 Plus 256GB】银色现货1台，[心]再抽300人每人15元小红包；[跪了]我就不换手机先了，拿来抽了，9月28号晚上通过@微博抽奖平台 抽出。（图片本人实拍，禁止盗图[小黄人不屑]） ​​​按求助键真的会有小哥从小窗口探出头[笑cry]#搞笑# via内藤君和西瓜酱 ​​​国外网友拍下仿佛看独角兽鬃毛般的彩虹云，[爱你]美呆，神奇的大自然~~看到的30秒拿走，你的意中人会踏着这云来到你身边哦[挤眼] 秒拍视频 . ​​​【简单粗暴】马上开学了，给大家换个笔记本！[小黄人剪刀手]Apple笔记本一台，学习娱乐两不误，喜欢就抱走！！[坏笑] ​​​爆笑！消防车路过，逗逼柯基一听到消防车的警报声，竟然跟着狂嚎起来。[笑cry]全球视频大魔王的秒拍视频 ​​​有哪些开头平淡，但是结尾惊为天人的电影？ ​​​​
minialice心,2,[樱花]除了坚持、你別無選擇 ​​​比较喜欢励志、正能量的事情。 ​​​早[太陽] ​​​哈哈哈哈哈哈哈，你还要我怎样？ ​​​我受够了[笑cry][笑cry] minialice心的秒拍视频 ​​​原来我是您最牵挂的人[心]好感动[太開心] ​​​别让自己陷得太深，因为人随时都会变。 ​ ​​​你们一定要幸福，快快乐乐#鹿彤cp# minialice心的秒拍视频 ​​​巴巴水军名大起底‼️‼️全部madebyme，图片随手存一哈，最后一张倒打一耙 ​​​好浪漫[心][心][鮮花] minialice心的秒拍视频 ​​​祝你生日快乐 ​​​
香草味hh,4,宝宝们自助找券 戳这里 →    http://t.cn/R0Jj6rU搜索优惠券，这里面包括全网所有优惠，想买啥像逛TaoB一样直接搜[威武]另继续抽18位宝宝，每人一套面膜。北京·法华寺 ​​​#为福利打call#现金和iphone8送给宝宝们10月13日抽10个宝宝送100现金10月18日抽1个宝宝送iphone8 转发微博关注@美美Cynthia 即可 @微博抽奖平台 开奖 ​​​#为福利打call#现金和iphone8送给宝宝们10月13日抽10个宝宝送100现金10月18日抽1个宝宝送iphone8 转发微博关注@美美Cynthia 即可 @微博抽奖平台 开奖 ​​​#美出了界#20进10投票来喽！！！为喜爱的选手投票+转发此条微博+@ 三位好友，抽100人，每人送200元现金。10月12日12:00开奖@微博抽奖平台 【#美出了界#20进10投票】#美出了界#20进10投票 ​​​#为福利打call#现金和iphone8送给宝宝们10月13日抽10个宝宝送100现金10月18日抽1个宝宝送iphone8 转发微博关注@美美Cynthia 即可 @微博抽奖平台 开奖 ​​​【WPS+云办公中秋送大礼 转发送#小米手机#】我们的软件能让你与同事一起协同办公，共同完成一份文档的协作撰写，撰写历史记录实时保存。#为福利打call#现在购买WPS+云办公即可享受买一送一，多买多送。PS：关注@WPS云办公 转发微博，10月9日抽取小米Max2一台  @微博抽奖平台 ​​​​#燃爆暑假档#手机流量和iphone7送给宝宝们8月30日抽10个宝宝送1G手机流量9月4日抽1个宝宝送iphone7转发微博并关注@美美Cynthia 即可@微博抽奖平台 开奖 ​​​我刚刚成功在#亚洲新歌榜#2017年度盛典为@M鹿M 的《XXVII》投上一票，现在投票选出你心中的年度专辑，就有机会获得由长安福特福克斯提供的8月27日亚洲新歌榜年度盛典门票及精美礼品！ 亚洲新歌榜2017年度盛典 ​​​我刚刚成功在#亚洲新歌榜#2017年度盛典为@M鹿M 的《Skin to skin》投上一票，#超级MV月#期间投票选出你心中的年度MV，就有机会获得由长安福特福克斯提供的8月27日亚洲新歌榜年度盛典门票及精美礼品！ 亚洲新歌榜2017年度盛典 ​​​我刚刚成功在#亚洲新歌榜#2017年度盛典为@M鹿M 的《XXVII》投上一票，现在投票选出你心中的年度专辑，就有机会获得由长安福特福克斯提供的8月27日亚洲新歌榜年度盛典门票及精美礼品！ 亚洲新歌榜2017年度盛典 ​​​
summer陈小胖,5,我加了几百块邮费争取时间，大家一起祈祷不要被税好不好[吃瓜]。来说一下，你们想要原真皮还是经济仿皮。我建议你们踊跃发言，可能有惊喜。 ​​​派克大衣优惠券，限量50张，猛戳猛戳：20元优惠券 ​​​这件真丝和服我做好了，里面的套装印花搞定了，就是面料慢慢准备吧，毕竟是夏装。[和服]和服，净色大家能接受吗，我个人觉得也很好看，大家要真丝（598）还是仿真丝（198），并不好做，仿真丝只是面料便宜一点，做工是一样的麻烦。有土豪要这个类似的刺绣吗，这个刺绣1200，需要➕刺绣的，30天左右出货 ​​​ 全文这件真丝和服我做好了，里面的套装印花搞定了，就是面料慢慢准备吧，毕竟是夏装。[和服]和服，净色大家能接受吗，我个人觉得也很好看，大家要真丝（598）还是仿真丝（198），并不好做，仿真丝只是面料便宜一点，做工是一样的麻烦。有土豪要这个类似的刺绣吗，这个刺绣1200，需要➕刺绣的，30天左右出货 ​​​ 全文领券啦[吃瓜] ​​​小姐姐们，丝绒裙需不需要给你们配套走起～ ​​​外套，看评论。 ​​​说漏了，这个也好了，这期。 ​​​汇报进度，看评论。  ​​​一套，黑色毛衫在架。 ​​​一套[吃瓜] ​​​
致追星,3,莱昂纳多 小李子鲜肉时期简直太精致好看了 ​ ​​​​美人卷珠帘，万径人踪灭。两岸猿声啼不住，惊起蛙声一片。 ​​​#晒下你的眼睛# ​​​我已经对整个娱乐圈都很失望了（此条说说103张黑料，接好）我知道也许邓超那条微博只是无心之过，可是它给了迪丽热巴很多热度然后这热度从哪来的？对，又是鹿晗。我们鹿饭实在是忍不住求邓超放过鹿晗结果那些小编就说是我们的错我们没有爆口粗也没有骂人就这么又被黑了真的是…日常背锅啊哈 ​​​ 全文鹿晗啊他27了也快奔三了哈哈是时候该成家了吧还记得我们有个约定吗在一次发布会上一位鹿饭让鹿晗帮忙签上“鹿夫人”可谁知鹿晗还在旁边写了一句“你还小，但我愿意等你长大”我们的暖心晗呀真是感动地要哭了呢但现在你要失约了吗还记得刚刚喜欢你的时候我把每个喜欢你的人都当情敌不允 ​​​ 全文#原来你也在这里!#我在深圳 你在哪里 深圳 ​​​真的很讨厌陆地cp。那些爱丽丝可以照顾一下鹿饭的感受吗？OK，你们成功了，到处都在传谣言，鹿饭能怎么样？ ​​​#遮遮遮# 哈哈哈！自恋来袭(*￣3￣)╭♡❀小花花砸你 ​​​星期天happy ​​​#陳劍輝style的红包#Boomshakalaka！我在陳劍輝的NPC 的红包中抽到了@微博电影 提供的“电影代金券”，2017年的小惊喜！也许你的惊喜更大哦~陳劍輝的NPC 的红包 ​​​
刘莹51757,1,我参与了@师大楼管会 发起的投票【我爱我家——宿舍logo设计大赛第三组】，我投给了“启智园6号楼601”这个选项。你也快来表态吧：我爱我家——宿舍logo设计大赛第三组 ​​​
顾璃好可爱w,1,我是骚白.S8赛季最高151星.然后这次重新冲刺150连胜，目前已经连胜130场了.连胜还在继续中.每天直播打.大家帮帮忙评论转发.然后我会抽10名.每人送1000元红包！谢谢兄弟姐妹们一直的陪伴支持.我会努力做到. ​​​起床迷迷糊糊的。大家早上好w ​​​
流浪的鱼,1,"#保卫萝卜2#哇哈哈哈，我中奖啦！！！摇奖转轮每天只出现一次，100%赚宝石啊！小伙伴们不要错过哈！！ ​​​#保卫萝卜2#全新冒险“天天向上”正式开启，赶快来挑战吧！ ​​​#保卫萝卜2#全新冒险“天天向上”正式开启，赶快来挑战吧！ ​​​我参与了@海尔空调 发起的投票【#空气魔方粉丝征名#你觉得哪一个最合适？】，我投给了""魔洁座""这个选项。你也快来表态吧：#空气魔方粉丝征名#你觉得哪一个最合适？  ​​​#保卫萝卜2#全新冒险“天天向上”正式开启，赶快来挑战吧！  ​​​生活中那些我们无法办到的事情，我居然蛇精病一样每个都试了一遍！！[拜拜] (转) ​​​#探路者分享#【世界上让人一见难忘的九大圣境】1.波利维亚天空之镜；2.全球最美星空︰蒂卡普湖；3.日本东北铁道只见线；4.英国白色断崖Beachy Head；5.南非蓝花楹之城比勒陀利亚；6.西伯利亚贝加尔湖；7.日本北海道美瑛青池；8.新西兰萤火虫洞；9.委内瑞拉高原平顶特普伊山。 ​​​抱歉，此微博已被作者删除。查看帮助：http://t.cn/Rfd3rQV2014地球一小时来啦！我正在参与#地球一小时360随手清理行动#，随手一点，清理掉了手机里的垃圾，瞬间提速。我们可以改变更多！守护蓝天，需要的也是我们随手的一个行动！与超4亿360手机卫士用户一起行动，蓝天自造！还有机会赢得2014地球一小时限量T恤！ http://t.cn/8sGhDNh  ​​​#微感动#【与子偕老[心]】近日，江苏孙女@摄影师小狮 为爷爷奶奶补拍的金婚婚纱照蹿红网络感动众人。孙女说爷爷病了几场，见她就流泪，说活不长了。奶奶说，老头子，咱明天得拍婚纱照呢！第二天爷爷竟好多了！爷爷奶奶那年代，结婚没戒指、婚纱照，却丝毫不影响两人携手一起慢慢变老……祝福二老！ ​​​"
充满热情的人生若只如初见1988,1,一成不变，耳朵会一直跟随谦的歌，直至老去！ 薛之谦已坐实被雪藏，鹿晗却成榜样！背景决定一切 ​​​我分享了 @文艺-高冷先生 的头条文章 薛之谦和李雨桐的恩怨，网友惊呼:故事原来还有后徐？李雨桐戏精？ ​​​我分享了 @寧晓言 的头条文章 薛之谦被全面封杀？芒果台都邀请他参加《我是歌手第五季》踢馆啦！ ​​​我发表了头条文章:《风波过后薛之谦首次发文，内容暖哭网友！》 风波过后薛之谦首次发文，内容暖哭网友！ ​​​WALKUP #用双脚丈量世界的长度# ​​​
咱要乖,2,我刚刚领取了@李晨 的粉丝福袋，你也来试试手气吧！ 粉丝福袋 ​​​我刚刚领取了@贾乃亮 的粉丝福袋，你也来试试手气吧！ 粉丝福袋 ​​​我刚刚领取了@王丽坤 的粉丝福袋，你也来试试手气吧！ 粉丝福袋 ​​​祝你生日快乐 ​​​#马航空难#【马来西亚总理纳吉布宣布马航MH370航班坠毁于南印度洋】 ​​​【重庆被摔男婴原原可以走路了！[心]】还记得那个在电梯里被女孩暴打，之后又被女孩从25楼上扔下去的原原吗？在众多爱心网友的关爱下，原原正在努力康复！据@原原爸爸：“谢谢朋友们的持续关心与帮助，原原自己可以独立走路了，手臂也可以自己抬起了（手不会抓握）。谢谢！”祝福原原！加油！ ​​​亲爱滴Boice们，官博君送春节祝福来啦[爱你][爱你]今儿是除夕，家里年夜饭都吃起来了春节联欢晚会都看起来了吧[围观][围观]希望各位新一年里马上有一切，荷包满满快乐多多[发红包][发红包]争做中国好Boice，继续支持CNBLUE[音乐][音乐]支持百度CNBLUE吧[haha][haha] ​​​#【郑容和微吧】2013FNC家族con-CNBLUE影像#大爱郑容和 我分享了【郑容和微吧】2013FNC家族con-CNBLUE影像 ​​​【微博客户端完美支持iOS7啦~！】微博iPhone客户端新版发布，全面支持苹果iOS7系统，完美演绎简约设计风格；优化VoiceOver语音辅助功能，无障碍获取信息。赶快下载体验吧！AppStore下载：http://t.cn/zOZGnnD ​​​小自恋，呵呵… ​​​
黄章庸_854,2,#风一样的坑爹哥的红包#见到红包我就手痒，朋友们也别客气！土豪风一样的坑爹哥 在发红包哦，想要速抢，手要快哦~[发红包][发红包]风一样的坑爹哥 的红包 ​​​#风一样的坑爹哥的红包#小年抢个好彩头！我在风一样的坑爹哥 的红包中抽到了@快的打车 提供的“快的打车6元红包”，羊年未到，好运先来！你也快来试试手气~风一样的坑爹哥 的红包 ​​​
用户6383896636,1,今天我的「微博等级」又升一级，记录一下我在微博的成就微博等级，升等级享好礼 ​​​
安好198608,1,能拿奖品这种事一定要和大家说一说的，否则以后还怎么在一起愉快的玩耍[酷]我刚获得了#微博等级专享礼#提供的288个@新浪爱彩 竞猜豆，可以免费竞猜赚取更多猜豆兑换MacBook、iPhone6等礼品，变身土豪就靠它了[可怜]快去领取你的专享礼吧微博等级，升等级享好礼 ​​​
魔法城堡里的小公举,2,你才不是什么小人物 你在我这里是所有的天气和心情  (๑• . •๑) ​​​[哆啦A梦亲亲]@嗜血蔷薇0610 ​​​祝你生日快乐 ​​​请叫我 ______ 🕶️ ​​​语法精髓，十节课补完初中高中英语所有语法。转给有需要的同学们！ ​ ​​​​被私生情况困扰四五年的三位少年，这一次想要和你们说说心里话。蹲守宿舍，偷偷录音，潜入酒店，安装追踪器，还有午夜的电话骚扰……防不胜防数不胜数的招式，给工作学习负担已经很重的他们带来了更多的伤害。我们希望每一位粉丝能够过好自己的生活，和TFBOYS一起变成更好的自己，爱是克制，请不要让 ​​​ 全文有人接受天价去买一张我的演唱会门票...还有人会省吃俭用来看我一场演唱会...这两者都不可辜负... 我的仰视里带有惭愧..因为我的收获里... 都是不需要回报的爱....我走的慢...谢谢你们的等待.支持.包容.与陪伴..十年换十场... 一切都很值得...各位.. 承蒙关照.. 我们明年见... ​​​国内外有哪些好吃的冰淇淋？ ​​​有一个这么可爱的闺女 大概是每个人的梦想 . [一箭穿心] ​​​这就是我梦想的夏天啊 ​​​​晚安 ​​​
M鹿阿昱M,6,【20171021】【周六】#鹿晗##鹿晗日报# 【一、数据】（1）@M鹿M  微博粉丝数破4170万。（2）@vivo智能手机  投放12306开屏广告。（图源@想改个和鹿晗有关的名字  ）【二、资源】@甄小娅  更新161119鹿晗大张伟演唱会嘉宾视频：http://t.cn/RWLnehD【三、行程】上海拍摄《上海堡垒》。【其他 ​​​ 全文#鹿晗##鹿晗要快乐##鹿晗会一直红下去# 乖乖崽，晚安好梦～最好梦里有我～[害羞][害羞][害羞]@M鹿M  图cr:logo ​​​【提到“中国之造”，你想到____】从钢琴大师@郎朗 到雕塑家向京；从艺人鹿晗@M鹿M 到国际超模@刘雯 ；从时尚传媒@苏芒 到建筑师马岩松；还有飞亚达、长城汽车、京东、格力...中国品牌走向世界有他们一份力。近日，国家商务部外贸发展事务局启动#中国之造ChinaMade#品牌工作计划。为中国品牌点赞！ ​​​ 全文#和中国之造合个影# 作为高铁资深用户，为中国高铁打call！让世界拥抱#中国之造ChinaMade# ！[加油][加油][加油] ​​​今天星期五，又降温了，大家注意保暖。 ​​​今天星期五，听说我的外星人身份被发现了，哈哈 ​​​抱歉，此微博已被作者删除。查看帮助：http://t.cn/Rfd3rQV[跪了][跪了][跪了] ​​​#鹿晗# 真实如初，年轻就是敢用真实成就更好的自己，鹿Boss最新欧舒丹TVC大片与 一“鹿”有你限量礼盒正式上线啦~和你们一起守护真实[心][心][心]#鹿晗果敢而真# 欧舒丹最新《鹿晗果敢而真》广告大片 ​​​
Y_ouY_ou819,5,你认为我无牵无挂 其实哪知 那叫无依无靠 ​​​希望我喜欢的人为我痴为我狂为我哐哐撞大墙 ​​​不管面对物质还是爱情  你都要记住  你需要 你喜欢 你适合  否则就放弃 ​​​你满身是刺的时候我拥抱你 我磨平你所有的棱角 可后来我却只能看着别人抱着接近完美的你 ​​​得不到回应的喜欢 你要懂得适可而止 当别人不需要你的时候 你要学会自己走开 多一点自知之明 少一点自作多情 ​​​你认为我无牵无挂 其实哪知 那叫无依无靠 ​​​风一吹就散的感情真是白瞎了那几年时光 ​​​身边很多关系都开始淡了 我也越来越懒了 ​​​花呗一时爽 还款火葬场 ​​​变心的爱人就像狗 谁有本事谁牵走 ​​​
小沙爷77793,1,#微博头像挂件# 大美中国、大爱中国，我正在使用“厉害了我的国”会员专属头像挂件，你也来试试吧！ 头像挂件：厉害了我的国 ​​​
热情的土豆呼叫大笨熊09,1,能拿奖品这种事一定要和大家说一说的，否则以后还怎么在一起愉快的玩耍[酷]我正在领取#微博等级专享礼#，这里的奖品太给力了，快去试试人品吧微博等级，升等级享好礼 ​​​语文考不好怎么办呢？回家多吃点饭吧！[黑线][黑线] ​​​#微博卡片背景# 我正在使用“长草颜团子的夏天”会员专属卡片背景，你也一起来试试吧！ 卡片背景：长草颜团子的夏天 ​​​能拿奖品这种事一定要和大家说一说的，否则以后还怎么在一起愉快的玩耍[酷]我正在领取#微博等级专享礼#，这里的奖品太给力了，快去试试人品吧微博等级，升等级享好礼 ​​​
工口六郎,2,鹿晗和关晓彤在一起了。我们学校女生宿舍发出了此起彼伏的吼叫声 ​​​#动漫#脑洞来一发~~当动漫名字改成东北话。 ​​​#沈升# “我不喜欢吃月饼”“真的？确定不来一口？”深夜福利~抓住中秋的尾巴 ​​​#网络节目审核通则歧视同性恋#希望我们不会走到只能思想的地步，共勉[微笑] ​​​#PS教程# 【光效教程】我已经不记得上一次出教程是啥时候了，我只知道这个教程的半成品在我硬盘里躺了有两三年了......望天......[允悲]前阵子又被问到了这方面的问题，趁着最近整理硬盘而且又有动力填坑，就把教程做完了【说来惭愧，看着之前写的一些东西，有些部分我自己都忘记当初是想讲神马了】 ​​​ 全文
乐观的易烊千玺LJY,3,冷暖 ​​​超人诞生日记 ​​​易烊千玺，千总[爱你][心][互粉] ​​​我获得了@微博等级 发来的红包5.21元。#签到领红包#小伙伴们快去签到吧！签到领红包 ​​​便秘怎么办？脸上长痘怎么办？这个中医方子一定要收藏了！[赞][赞]全球热门搜罗的秒拍视频晚安！更多优惠：http://t.cn/RtxLrNP ​​​便秘怎么办？脸上长痘怎么办？这个中医方子一定要收藏了！[赞][赞]全球热门搜罗的秒拍视频晚安！更多优惠：http://t.cn/RtxLrNP ​​​#男性最关注大V# 又双叒叕一波现金红包来袭！[给力]速戳链接男性最关注大V得实惠！科技宅，数码达人，汽车控，肌肉男…十领域大佬齐聚！纯爷们儿最聚焦的大V给你想看的，微博最懂男人心[笑而不语] ​​​【教你做巧克力曲奇】耳机福利——太神奇了秒拍视频 . ​ ​​​易烊千玺[爱你] ​​​[笑cry] ​​​
Csssss27,1,祝你生日快乐 ​​​各类顶尖电影，收走！剧荒时挑部看看！[赞] ​​​
loveyouaslovelife95368,1,你永远不懂我的内心快不快乐但我只给你笑容[微笑] ​​​两张照片的区别! ​​​
视他如命要靠谱,3,抱歉，此微博已被作者删除。查看帮助：http://t.cn/Rfd3rQV#九寨沟发生7级地震#  【感动！到九寨纪念结婚10周年 危险来临丈夫扑身护妻子[心]】李雅、况永波夫妇是一对80后小夫妻，今年8月，是他们结婚10周年纪念，两人决定到九寨沟庆祝。昨天晚上9点过，夫妻两人正在吃饭，一下子感觉晃动，李雅本能地往桌子下钻，看到身旁墙壁垮塌下来，丈夫况永波一下子扑身将 ​​​ 全文#四川阿坝地震#【泪目！九寨沟地震前后对比：昔日美景变伤痕累累[悲伤]】地震发生后，被誉为“童话世界”的九寨沟变得伤痕累累。九寨沟管理局9日发布灾情通报称，景区内道路、房屋不同程度受损、山体有垮塌；火花海出现长50米、深约12米、宽20米的决口，景点受损严重。目前救援仍在进行中。祈福，加油 ​​​ 全文【#四川九寨沟7级地震#最新消息汇总】地震已致19人遇难，247人受伤，其中40人重伤；截至17时，灾区滞留游客基本转移完毕，共转移疏散4.7万余人；九寨沟县17个乡镇1680户房屋受损 ；国家发改委紧急安排四川救灾应急补助中央预算内投资6000万元，用于灾区恢复建设。更多救援进展：四川九寨沟县发生7级地震 ​​​ 【#四川九寨沟地震#7.0级地震 余震不断转发提醒安全】中国地震台网正式测定：08月08日21时19分在四川阿坝州九寨沟县（北纬33.20度，东经103.82度）发生7.0级地震，震源深度20千米。已发生两次余震。请附近地区民众注意安全！据悉，甘肃陇南、兰州、天水、平凉等多地有震感。愿平安！ ​​​#战狼2# 【知乎网友：不是《战狼2》剧情太中二，是有些人跪得太久站不起来了】截至6日下午16:30分，《战狼2》票房已超30亿，但仍有一些人对《战狼2》的高票房不以为然。他们对该片嗤之以鼻的理由很简单：剧情太假太中二。他们真的是因为剧情，才会对《战狼2》心生不满么？倒也不见得。别忘了，当年这些 ​​​ 全文祝你生日快乐 ​​​#地震快讯#中国地震台网自动测定：06月04日14时51分在四川广元市青川县附近（北纬32.47度，东经105.28度）发生3.1级左右地震，最终结果以正式速报为准。有感觉到地震的小伙伴吗！？ ​​​蚯蚓 ​​​#金牌大厨黄渤#他，是金马奖影 帝、华鼎奖视帝；他，是中国最具票房号召力的演员之一；他，是实力综艺咖，更是优秀歌手；他，创造了平凡中的不平凡！他，是新东方烹饪教育形象大使。他，是黄渤。正青春，与影 帝同行，你就是下一个传奇！ 给你一个获得影帝黄渤签名海报的机会 ​​​
编辑昵称llllllllllll,4,史上最强国庆祝福！，奥巴马携手局座召忠、马云等大佬为祖国母亲庆生！[二哈]拜托啦学妹的秒拍视频 #我爱你中国# ​​​记住了，自己喜欢的东西，就不要问别人好不好看。喜欢胜过所有道理，原则抵不过我乐意。 ​​​人没钱不如鬼，汤没盐不如水，你会慢慢发现，一颗好心，永远比不上一张好嘴。 ​​​有时候心情会突然的很低落，不想说话也不想动。别人问起，也不知道该怎样回答。不是假装沉默，只是无力诉说。 ​​​我哪是什么朴实，节俭，会过日子的人，我只是单纯的没钱而已！[围观] ​​​这才是婚姻最真实的状态。 ​​​张韶涵《亲爱的那不是爱情》，这可是没有经过任何处理的声音，简直是回忆杀！[心]追星那些事的秒拍视频 ​​​这个世界对我们实在是太不友好了 ​​​. ​​​有时你自己可能都没察觉在你经历一些事或遇到某个人后你就像换了一种性格悄悄地告别了从前的自己 ​​​ ​​​​尬癌，这是一条玛丽苏偶像剧弱智合集。 世界搞笑排行榜的微博视频 ​​​
几味少女丶,3,转发抽奖[星光][星光] 送一只5月小布Gracey Chantilly 因为上次有看见说想要娃娃的评论(˶‾᷄ ⁻̫ ‾᷅˵)我自己玩的不行哈哈可以送一只全新的～😬正好这次出去了可以买～月底开奖！💕[飞机]️[飞机]️ ​​​点个赞➕做个自我介绍  给你们一个交友平台   [doge]尽量我都翻牌[doge] 北京 ​​​是不是想不到小姐姐我也要搞转发抽奖这种骚事情了！！！！关注➕转发➕艾特三位好友  开奖日期：八月十五号[胜利]️[胜利]️[胜利]️你们猜我要送什么没错我要送一把乌克丽丽给你们！！！哇我是真的穷哦 但我想宠你们的嘛！！！那就抽两个好了 一个送乌克丽丽一个送一箱辣条你们看我粉丝这么少 中奖几率真的 ​​​ 全文喜欢你太久  都以为你是我的了 ​​​@girlscom #girlscom#好看 ​​​分享图片 ​​​抱歉，此微博已被作者删除。查看帮助：http://t.cn/Rfd3rQV【推荐九部暖心佳作】当你失落时，不妨看看这些电影，能带给你无尽勇气！[心] ​​​​
余生一个浪不够,1,天空没有任何界限，I will go higher  http://t.cn/RKKnw4f ​​​继续向前进走向那未知的旅行[可爱]@HUANGCAN灿 ​​​祝大家情人节快乐  祝晗哥情人节快乐[鲜花][鲜花][鲜花]@M鹿M ​​​只要不上课，大一中还是好看的[笑cry][笑cry] 贵阳·永靖镇 ​​​大一中的体育馆。。 贵阳·永靖镇 ​​​
xf蓝燕,4,“亲爱的，我爱你” ​​​不论是谈恋爱还是交朋友 俩人能聊到一起太重要了 他总能接上你抛给他的点 并且又抛回来一个 有来道去的 像说相声一样 过程中你还能一直笑 能做自己 不用装 我觉得能开玩笑 互相岔到一起的两个人太幸福了 人越长大就越能明白 爱不爱是其次 相处不累才最重要 ​ ​​​​你没有例外，没有特权这是我的态度，没有任何感情的掺杂 中山·龙瑞服装城 ​​​美不美， 中山·顺景新一居 ​​​三观不合真的很难做朋友，因为思想 经历 感官，全都不一样，就像我说大海很漂亮，你却说淹死过很多人。 ​ ​​​很压抑 不想在朋友圈发什么心灵鸡汤和失恋语录 所以还是发微博吧 害怕朋友们的同情 讨厌吃瓜群众的笑话 一直在很努力的自愈和生活 不让自己因为悲伤而悲伤 曾经以为所有过不去的过去都会过去 时间会证明一切 ​. ​​​千万别跟学医的人谈恋爱！哈哈一把辛酸泪啊[二哈] ​​​​“相爱容易 因为五官 相处不易 因为三观。” ​ ​​​‘’两个人相处久了，难免会抱怨一句：你变了。其实，我们并没有改变，我们只是越来越接近真实的对方而已。” ​​​​“失望并不可怕，怕的是一次次失望过后的平静安慰自己，心存侥幸试着继续相信。” ​​​
AAAA呵呵呵呵,1,#生活如诗# 懦弱的背后是迫不得以 曲靖·金钟镇 ​​​
若兮君许伊201609,1,150连胜终于达到了，现在已经155连胜还没有断，这个赛季还有两天，连胜继续直播打，希望达到101星连胜不会断.大家关注我微博@王者荣耀sao白 .然后评论转发这条微博.我会每天抽10名.每人送1000元红包！谢谢兄弟姐妹们老公老婆们陪着我打连胜...骚白永远不忘初心.努力给你们更好更优秀的骚白... ​​​
一路随yuan0121,2,#那年今日#【汶川大地震】2008年的今天14时28分04秒，8.0级地震撼动四川汶川，近7万人丧生、1.8万人失踪，37万余人受伤……9年过去，刻骨的伤痛或已被岁月抚平，但我们不会忘记那些顽强的生命，那些奋不顾身的搭救，那些来自四面八方的支援……今天，你愿发条微博，缅怀逝者，向重生致敬吗？ ​​​#我的微博情结# 还记得第一条微博是希望大家多多关注我，这四年你们的支持能够被记录下来真好。微博7岁+我们三岁=10年我们一起走！[心]微博七周年 #微博七岁我们三岁# ​​​#开学第一课# 今年是长征胜利80周年 我们今晚八点在央视一套#接过老兵的旗帜# 传递红军长征精神 从我做起 敬礼！ ​​​TFBOYS夏日舞曲风新歌《是你》今天清新上线啦，欢快中带着一点忧郁，他们路过沿途风景要寻找的那个小小宇宙，是你吗？[可爱]这首新歌明天也将会在TFBOYS三周年见面会上全球首唱哦，明天下午14:30，TFBOYS三周年见面会不见不散@TFBOYS-王俊凯 @TFBOYS-王源 @TFBOYS-易烊千玺 [耶]http://t.cn/Rtal7M7 ​​​@TFBOYS-王源 我在 #明星势力榜# 内地榜上为你加油啦，你是我今生唯一的执著哦。棒棒哒！明星势力榜第34位  ​​​#喜欢一个人 始于颜值#在你心里，这二十位男星谁的颜值最高？[最右]他们中你最喜欢谁的颜？ ​​​听说今天是一场有味道的直播[阴险]其实有我超爱的东西，下午五点你们就知道啦[偷笑]#TFBOYS有味道的直播# ​​​第一支个人单曲，第一首献给粉丝的歌，第一次作词作曲…哈哈 …大家等太久了，希望你们能喜欢[嘻嘻]#微博首播#因为遇见你 ​​​
Alebce,3,肥脸 ​​​【复旦教授出差途中车祸离世，曾多次到高原地区寻找种子[蜡烛]】9月25日凌晨，年仅53岁的复旦教授钟扬在鄂尔多斯市遭遇车祸不幸离世。过去十几年里，这位植物学家四处奔波，收集了多种重要高海拔植物种子，为建立中国种子库做出巨大贡献。他曾说：“一个基因可以为一个国家带来希望，一粒种子可以造福 ​​​ 全文【嫌腿粗的戳进来了】特快瘦大腿(減外內側及收紧臀部) 一个月內见效 大腿外側 內側 以及臀部旁边的两团肉都可以瘦到！ 还可以收紧臀部线条，绝对有提臀作用！ 1天做1次，1個月保证见效果～ 男女还有孕妇都可以做哦！[可爱] 减肥食谱的微博视频 ​​​掉一百多斤的小哥，传授最简单有效减肥操，卧槽，厉害了，这个果断收！健身美容养生的微博视频 ​​​郑多燕懒人7天shou腿操】专为懒人设计的一套动作，告别萝卜腿、大象腿、肌肉腿，每天做一遍，一周效果显著，记得感谢我~健身美容养生的微博视频 ​​​【7分钟美腿操】瘦腿真的不难，快速瘦小腿运动，学这个教程就够了！建议每天跟着视频跳4-5遍！脂肪腿、肌肉腿都能瘦！瘦小腿，瘦大腿也可以哦！  秒拍视频 ​​​14天的暴瘦减肥操，9个动作，每天7分钟，开始练起来吧[可爱] 减肥食谱的微博视频 ​​​#宁可裸露，不穿皮草#【60秒带你看清皮草行业中兔子的生与死】PETA最新调查视频带你一睹兔子养殖场和屠宰场的真面目，揭露兔子被囚禁一生，在生命最后一刻被殴打、割破喉咙、活活剥皮。签署承诺#拒绝皮草#：||PAGE_TITLE|| 中国皮草行业：兔子被殴打、倒吊、活剥 ​​​好美 ​​​《金星秀》停播！留下这30句“毒”鸡汤，字字戳心！ ​ ​​​
你们的宝哥吖,4,#向中国味表白#仙心永在@寻仙手游官博 ​​​#向中国味表白#仙心永在[微笑] ​​​寻仙手游游戏角色集体罢工，纷纷消失游戏中？原来众仙集体一起去向中国味表白了！图里躲着三只妖怪哦，考眼力的时刻到啦！微博全景图片 ​​​寻仙手游游戏角色集体罢工，纷纷消失游戏中？原来众仙集体一起去向中国味表白了！图里躲着三只妖怪哦，考眼力的时刻到啦！微博全景图片 ​​​#青丘之灵# 关注剑仙转发本条微博并转发艾特三个好友，抽100个小西瓜分享一万元现金！久违的《青丘之灵》终于面世了！一路坎坎坷坷，对本次麦也不是特别满意，最后录制嗓子都是喷火的[允悲]希望剑仙在未来能带来更好的作品，这次大西瓜邀请你们一起录制全民西瓜版《青丘之灵》~带#李白也嘻哈# 话题，上 ​​​ 全文#青丘之灵# 关注剑仙转发本条微博并转发艾特三个好友，抽100个小西瓜分享一万元现金！久违的《青丘之灵》终于面世了！一路坎坎坷坷，对本次麦也不是特别满意，最后录制嗓子都是喷火的[允悲]希望剑仙在未来能带来更好的作品，这次大西瓜邀请你们一起录制全民西瓜版《青丘之灵》~带#李白也嘻哈# 话题，上 ​​​ 全文
用户5670817330,1,人生不过一场旅行，你路过我，我路过你，然后分别离去，彼此各自修行，最终各自向前。 ​​​
TYO菲力59269,1,哈哈，吃饭 玉溪·玉兴路街区 ​​​
