孟津太阳神国灸养生,1,大众创业  万众创新最为有理的反思：先知先觉领导者，先知后觉跟随者，不知不觉消费者!物联网平台已经搭建成功进不进入决定几代人命运!帮你一年多赚10万、50万、100万，又不要你一分钱，你还等什么，如果你想马上改变你的生活，立即注册，成为自动化创富系统的一员--感恩于老师。你可以选择怀疑 ​​​ 全文
孟津太阳神国灸养生,9,直销只有坚持，才能尝到成功的甜蜜。就象翻动一副扑克牌，王牌总会出现的，只是迟和早。幸运的人，第一张牌就能翻到，可是只要你坚持翻下去，你的王牌，也一定会出现!只有付出了汗水、泪水和苦水，你才能获得高薪水。『我不会做也不会讲，能做直销吗？有可能成功吗？』http://t.cn/RO0frNZ ​​​【血管怎样一天天堵死的，太惊讶了！4件事做好，血管天天清！】http://t.cn/ROefon9(想看更多合你口味的内容，马上下载 头条日报)http://t.cn/RKP0gdr 洛阳·商业大厦(青岛路) ​​​【怕冷是你虚！阳虚、阴虚、血虚、气虚……你是哪一种？】http://t.cn/ROeVlgR(想看更多合你口味的内容，马上下载 头条日报)http://t.cn/RKP0gdr 洛阳·商业大厦(青岛路) ​​​#兰君随笔#   心在字里，沉醉不醒；情在行间，缱绻绵延。书一笔眷恋，挽一惜墨缘，静抒笔端，笔墨余香，情入诗行，是心灵的呼唤，于指尖缠绵地流淌。那墨迹上的香味正在袅袅的氤氲字里行间，也在洋溢着我的情深意长，温婉生命每个角落，点缀人生每次花开回望，感觉，是那么的温馨，纯澈而美好。那相伴 ​​​ 全文#看破世界#品悟人生# [心] 成长是一种经历，成熟是一种阅历。一个人，如果在生活中连自己对错都不能区分，责任都不敢担当，那还有什么理由去指责别人的不是。成熟的人，不为得而张狂，不为失而悲痛；竭尽全力之后，依然能够坦然地接受一切。@一路走来哈啰:认认真真做事/踏踏实实做人 #木事偷着乐#[耶] ​​​ 全文这是个令人尴尬的年龄，谈爱己老，谈死太早。和年轻人一起谈经历太幼稚，和老年人一起谈人情世故不好，出去疯狂又怕吵。任性说你扮成熟，沉默说你装清高，时尚说你有点妖，朴素说你有点老。觉得上气不接下气了，刚想消极下，回头一看，上面有老，下还有小！ ​​​尽赏大美金秋（二） ​​​我分享了 @新华视点 的头条文章 一文速览十九大报告 ​​​少年游：自叹云低推影，星高佈幕，寒月满明楼。柳探长丝，雁鳴天晚，坝上有人愁。西风叹，草枯霜漫，香断又临秋。岁月缺情，此生余恨，霜染已白头。 ​​​
张富勇F,6,"我们会遇到各种各样的事情，很多都是出乎意料的，开心、难过、成功、失败……总是在所难免，所以不要太纠结。如果你的一生还不错，你可以庆祝，如果你这一生很糟糕，也不要灰心，你总是幸运的拥有了这一辈子，不是吗？所以，从今天开始，让我们多点微笑！毕竟，人活一辈子，开心最重要不是吗？ ​​​人活一辈子  会跟很多人相识相遇，也会有分离。不过能像花一样留下余香，留下念想的人不算太多。花能在谢了之后  留下芬芬的香气，让人怀念。有内涵素养，心如花般美丽的人  也是会让人留恋万分，经常怀念。@北微风3779 延吉市 ​​​#历史上的今天# 歼灭敌军“西进兵团”。      1948年10月21日从沈阳出动一直迟疑逡巡的敌军“西进兵团”即廖耀湘兵团由彰武南下，从23日开始与东北野战军接触，无论哪个方向都遭到英勇顽强的阻击。我军攻锦主力当即迅猛回师，其他各路也作向心集中，约50万大军于26日将廖兵团合围在黑山、大虎山的约12 ​​​ 全文中国共产党第十九次全国代表大会在北京隆重举行！ 重庆·璧山县 ​​​成仁早禅:有些人绝对不能把他们当人看待。你越把他们当人看待，他们越把自己不当人看待了。对一个有了兽性的人固执地好下去，失望和伤害的一定是你自己。 阿拉善盟·额济纳旗 ​​​#情感空间#【感悟人生】 用一颗浏览的心看待人生。童年的天真、少年的痴狂、青春的浪漫，这些都是人生中的风情与风景。随着时光的流逝，这些人生的得与失，名与利都会逐渐逝去，唯有心中那些美好的回忆才是人生最美丽的风景。#杜鹃文学社##随手拍# ​​​“水利万物而不争”。最好的德行，就是泽被万物、服务万民而不争名利，以默默、不为人知的状态，涵养巨大的能量，产生深远的影响。“桃李不言下自成蹊”，不言不等于无言，不争不意味着不为。挣脱名利的束缚，追求大爱的人，才能最终成就大事业。 ​​​You’ll never find the right person, if you can’t let go of the wrong one. 紧抓着错误的人放不了手，又怎么可能找到对的那个人呢？ ​​​#青羊青年之声#【#十九大#，新时代！】中国特色社会主义进入了新时代。中华民族迎来了从站起来、富起来到强起来的伟大飞跃。中华民族伟大复兴的中国梦，终将在一代代青年的接力奋斗中变为现实。今天，#为新时代打call#；加油，中国！​ ​​​#警察小提示# 请大家告诉大家：【科目二倒车入库后视镜这样调，考试准过！】后视镜的调整，关系到考试能不能通过、驾照能不能拿到的问题！那么科二考试中，后视镜要怎么调整才更标准？调整后视镜的要领↓↓助你早日拿驾照！ 知车善用的秒拍视频 ​​​"
好好爱自己-016,10,"时间不早了，大家晚安！ 遵义·贵州航天职业技术学院 ​​​感谢@陳炫達叔叔  昨天给我转了3000元爱心善款，用于我购置电动轮椅，谢谢達叔多次大力帮助，我全家不忘達叔大恩，祝愿達叔您身体安康，好人一生平安，[心]  今天能给邮寄，大概四五天能到，期待[祈祷] ​​​今天下午到九华景翌环保公司送样品，一股刺鼻的香精味，闻久了很恶心，头晕。据周边人员说是和畅食品做槟榔的卤水味！臭和香过度了也是污染。请环保部门关注。@九华周报-九华网 @湘潭市环境保护局 @湖南省环境保护厅 @湘潭发布 @湘潭环保乞丐 @湘潭环保迪迪 @湘潭阿度 湘潭·社建村街区 ​​​伟大、正确、光荣的中国共产党万岁！……[心][拳头] ​​​【消防员大火烧身跳楼脱险[吃惊]】一小区发生火灾，因火势太大，一名消防员在扑火现场被大火围困，身上防火战斗服被烧燃。现场惊呼：“快下来！”情急之下，消防员利用落水管支撑跳楼逃生，除了手被烫伤，其他无大碍。致敬逆行英雄！ ​ ​​​我发表了头条文章:《雷锋车队郝师傅乐意助人帮助失忆老人寻找家人》 雷锋车队郝师傅乐意助人帮助失忆老人寻找家人 保定出租车雷锋车队的微博视频 ​​​#汕尾吃喝玩乐# 【汕尾美食】深夜里，美食来一波吧，这技术我觉得开餐馆卓卓有余。[挤眼] ​​​【多亏了中国人保护 大熊猫不再是濒危物种了[赞]】国际自然保护联盟日前宣布，得益于中国政府几十年不懈保护，大熊猫已不再属于濒危物种。按国际自然保护联盟划分，大熊猫从""濒危""转移到“易危”名单下。最新估测，成年大熊猫目前数量约1864头，加上幼崽，总数预计达2060。多亏了中国人的保护 大熊猫不再是濒危物种了界面 ​​​【暖心！学姐备战考研 学弟送早餐[心]】考研，我们来了！不要再为女生不适合理科正名了，因为距离2018年考研只剩两个多月，你准备得怎么样？如何合理分配上课、实习和考研复习的时间？不同阶段，怎样备考才能最高效？复习遇到瓶颈，坚持不下去了怎么办？过来人的7个考研建议，帮你少走些弯路，戳图学习 ​​​ 全文#中国人的故事#【@所有人，喊你谈谈感受和期待】十九大报告中，一组组数据、一件件实事，让老百姓感受到满满获得感。过去五年，你的生活发生了哪些变化？未来五年，你有哪些期待和憧憬？你想对祖国说什么？戳视频看看我们收到了哪些百姓心声！中国青年网的秒拍视频 ​​​"
xiaoxiao燕子A,4,"为女生不适合理科正名女生都是仙女天生就是撩汉的！ ​​​肥旺旺——主治:食少、瘦弱、僵猪、生长缓慢主要成分:枯草芽孢杆菌速肥制剂(PB6)、乳酸杆菌、复合多维、氨基酸、丁酸、包被盐酸半胱胺肽、二氧吡啶、酵母菌、促长催肥保健剂、氨基酸螯合铁、铜、锌、抗病因子、保健因子、溶菌酶等高档原料。低聚寡糖、赖氨酸铁、苏氨酸锌、甘氨酸铜、复合酶(肠蛋白 ​​​ 全文一哥们在追一个女朋友，女朋友给他下了最后通牒：“没有奥迪A6和两层的别墅，就别来烦我。”他苦笑。回家和爸妈征求意见。父亲抽了支烟，叹口气说到：“车好办，家里的劳斯莱斯卖掉买几十辆奥迪还没问题，只是这二层别墅，TMD咱总不能把这五层楼扒掉三层吧，太可惜了，你和她还是算了吧，天下姑娘多的 ​​​ 全文不论结局，我已经很感谢相遇。  Regardless of the outcome, I have been very grateful to meet. ​ ​​​海上月是天上月，眼前人是心上人。 向来心是看客心，奈何人是剧中人。 ——张爱玲 ​​​​背诵了它，你的完形填空就牛逼了。[酷] ​​​更多外语知识请关注我哦[抱抱] ​​​把喜欢的人放在心里，冬天就会暖和一点。[可爱] ​​​​分享图片 东营·仙河镇 ​​​『每日必练鬼步舞《seve》牛人舞蹈教学分解动作』每日必练鬼步舞《seve》牛人舞蹈教学分解动作 ​​​❀""一直忘了告诉你我有多幸运 遇见的是你""I always forget to tell you thathow lucky I am to encounter you ​​​"
丹江洗尘,2,"外表的衰枯孕育着一种轰轰烈烈的繁荣。 ​​​@商洛核桃袁芳齐 @新健康zhang @小微王果 @霹雳雷霆震震震震 @秦子风蜜 @小微王果 发布了头条文章：《你和我之间，就差这一碗面的距离》 你和我之间，就差这一碗面的距离 ​​​人生的0.01秒在aba赛场表现得淋漓尽致，在aba揭幕战勇士和火箭的比赛中直到0,01秒才知道结果。我们生活中有多少0.01秒可以重来。[NBA]常规赛10月18日：火箭VS勇士 全场集锦 ​​​关注十九大，不忘初心跟党走文/丹江洗尘十九大召开的前一天，商洛盛泽商贸公司和公司党支部就决定让所有员工和党员停止手上的一切工作，每个人不离开办公桌，在电脑上看十九大播出现场的实况新闻。具有历史意义的2017年10月18日一大早，公司员工和党员早早打开电脑，带着兴奋和期等待着这神圣的时刻 ​​​ 全文黄姜丰收了!扶贫到家了！生活有坎了！总裁有范了！圆圆羞涩了！羊也出头了！小狗家倒了！商洛有仙境了！老树核桃找到了！ ​​​天冷了，地冻了，贫困户的日子难过了，政府开始行动了，精准扶贫启动了！十九大明天召开了，新政新令出台了，老百姓有个盼头了，村干部不敢再贪了，好日子就要来到了。 ​​​偷菜文/贾军平三牛、二娃一伙邻居们是住在龙王庙半山腰的村民，以什么工程为由被搬进城里。每家出了不到十万元分得80平米的房子，分布在8楼，15楼，28楼不等的高楼里。开始想不通住在村子有吃有喝，空气新鲜，还清闲自在，几辈人都习惯了，不明白村镇干部为啥跑了那么多次，说了那么多话，填了那么 ​​​ 全文核桃不白，但生下就是这样子，没用漂白剂；个儿不大，绝对没有转基因，有亲生父母。外表是假象，脱光衣服让你一饱眼福，嗨！肌肉丰满，筋骨结实，你不用对这么好的肌肉想入非非，早豁出去，敢让你吃，敢让你爵，不反对你回味，不让你吃出来秦岭深处的老树核桃的味，绝对不是商洛蓝品牌的核桃。    为 ​​​ 全文"
顺然远程1983,10,人间最美是金秋走进金秋的十月，秋色宜人，秋有一种特有的美，极富诗意的季节。天高云淡，清风凉爽。它披着一身金黄，秋光绚丽，千姿百态，金秋的阳光温馨恬静，微风和煦轻柔，蓝天白云飘逸，秋天的美，美在清澈，美在明净，一派醉人的美丽秋色。行走在金秋画卷，秋意正浓。观看秋色，田野遍地金黄， ​​​ 全文【官方澄清竟然阻挡不了谣言扩散，阿里今日正式起诉多个自媒体账号】“马云十亿豪宅亮瞎眼”“马云四十亿豪宅奢华无比”、“马云五十亿豪宅再曝光”这些引力波一般的标题也许曾不止一次赚到你的眼球。阿里巴巴集团今日表示，虽多次辟谣，但类似谣言反愈演愈烈，决定正式起诉“智慧人生”、“老板思维模 ​​​ 全文有钱人送了吴昕一辈子用不完的mac；有钱人送了何穗可以换50个男朋友的tf；有钱人送了范冰冰一整棵树的Lv包包；贫穷不止限制了我的想象力，贫穷还让我嫉妒到七形[ok] ​​​杭州G20的警察，好帅噢！ ​ ​​​【香港今日发生恶性伤人事件  阿富汗男子无故将港铁女职员推下站台[怒]】一名港铁女职员今晨在轻铁元朗站执勤时，被一名来自阿富汗的56岁男子从背后猛推入轻铁轨道，所幸当时没有列车驶入，女职员逃过一劫。该男子犯案后头也不回，继续走向月台另一边。香港警方在接警后迅速赶来，在事发现场附近拘捕了 ​​​ 全文我刚刚开通了#粉丝服务平台#，马上关注我即可通过私信获取我的独家资讯和服务。已经关注我的粉丝，请发送私信“DY”给我，激活您的专属特权，一起感受一下吧... ​​​#直通十九大#【何立峰：预计全年6.5%左右的预期增长目标将顺利实现】国家发改委主任何立峰21日表示，今年以来，经济稳中有进、稳中向好的趋势继续巩固，预计全年6.5%左右的预期增长目标将顺利实现，并能够争取更好的效果，今年底经济总量将超过80万亿元。#国是论坛# ​​​何为人性化管理？有钱人开轿车横行天下；穷苦人开三轮接送学生就扣车罚款甚至被砸烂。这就是人性化管理？国家提倡减排节能，千家万户老百姓都普遍使用电瓶车电三轮非常方便。但政府一声令下电三轮禁止进城。这也叫人性化管理？所以说很多事情我们不能光听政客们的高调，要看他们究竟是怎么做的！ ​​​#十九大#【#给青年的一封信# | 欣赏你一往无前的奋斗姿态】仔细想来，我们青年人身上的“焦虑”与“丧气”，不也是一种水涨船高的期待吗？放在一代人的角度看，我们奋斗的使命，已不是在一穷二白之上平地起高楼，而是向着更高远的目标冲刺。用力活着，才有分量；向前奔跑，才能抵达。  ​​​ 全文别以为回忆渐行渐远，其实一直在努力向你靠近，则是有些亲切的话语，像是淹没在记忆的信纸上，那道深深的折痕里。 无锡 ​​​
用户3804931632,2,"分享有礼 http://t.cn/ROgoOxx ​​​这个很赞哦... http://t.cn/ROgoOxx ​​​这个很赞哦... 美式乡村麻绳吊灯loft复古工业风创意个性客厅餐厅网咖服装店灯具 ​​​工业风壁灯美式乡村实木复古loft创意个性咖啡厅酒吧餐厅过道船木 ​​​这个很赞哦... 工业风吊灯美式乡村复古怀旧创意个性餐厅酒吧咖啡厅车轮灯具灯饰 ​​​原来答案是酱紫啊[羞嗒嗒]我从#微博帮助#分享了""我的应用满足认证条件，为什么不能通过认证？"",微博帮助 - 问题分类 [转发]内容有帮助，点击有用给个好评呗[加油啊] ​​​原来答案是酱紫啊[羞嗒嗒]我从#微博帮助#分享了""认证申请被拒提示”由于您的帐号不属于微博应用分类，请选择正确的分类后重新申请”代表什么"",微博帮助 - 问题分类 [转发]内容有帮助，点击有用给个好评呗[加油啊] ​​​我分享了话题#微博微群# ​​​"
用户6378279068,3,周末最无聊了[泪] 重庆·江北区 用户6378279068的秒拍视频 ​​​今天我的「微博等级」又升一级，记录一下我在微博的成就微博等级，升等级享好礼 ​​​#破界／BAZAAR150周年时尚艺术大展#震撼来袭！9月25日-10月20日 走进北京今日美术馆，感受破界、拥抱新生力，与众多明星一起分享时尚的力量！购票请点击http://t.cn/Rpklb28更有线上美术馆http://t.cn/R0PPuu1带你抢先探寻150年时尚发展历程，回顾美与艺术的历史。 ​​​[太阳]阿昌[太阳]纨绔团队 [爱心]看到这些视频突然心很无奈孩子们都这样长期低头爬着写字✍️，不是近视就是高度近视，还有更严重的，请父母们真的要重视了…… 重庆·木耳镇 纨绔人77996的秒拍视频 ​​​1岁阿拉斯加妹妹，名叫土豆。于10月13日下午6点半左右，在重庆市南岸区弹子石新四村弹子石老街附近丢失。狗狗是十字架，但是黑色不太明显，毛刚剪，毛不是特别长，身高64厘米，体重70斤。主人现在很着急，希望好心人看到能尽快联系15123256849，找回必有重谢！ 重庆·涂山镇 ​​​
各号注意我是北京,6,#搞笑##日本 #笑疯！大肚腩撞出激情声效，怕是对才艺有什么误解！微丢的秒拍视频（上#秒拍#看我的最新短视频，下载秒拍->http://t.cn/R09bnBc） ​​​抱歉，此微博已被作者删除。查看帮助：http://t.cn/Rfd3rQV【二手房旧床拆出金银珠宝和4万存单，新房主报警找到物主家人】10月11日，市民毕先生在装修自己新买的二手房时，在拆除一张旧床时拆出了一个包，里面装有金银珠宝还有一张4万元的存单，前房主明确表示并非自己的东西。为了明确这包金银珠宝的主人并尽快归还，11日晚22时毕先生来到中华路派出所。警方了 ​​​ 全文我免费围观了 @孔庆东 的回答，问题价值 433.00 元，快来一起免费围观~ 微博问答:孔老师，上回关于白鹿原的提问我已反思，感谢您的教诲，但觉意犹未尽。这回想请您具体谈谈白鹿原中的几个人物：白嘉轩，鹿子霖，白嘉轩之子白孝文还有傻子二豆。我还没有读 ​​​我免费围观了 @孔庆东 的回答，问题价值 433.00 元，快来一起免费围观~ 微博问答:孔老师，您怎么看这次人大师生对司马南的强烈抗议？难道司马南真的如网友所言引发群愤？  司马南成最短命教授 人大聘任3天闪电解聘 闭上双眼陶醉 2017.06.25 6月23日晚，中 ​​​我免费围观了 @孔庆东 的回答，问题价值 433.00 元，快来一起免费围观~ 微博问答:老師好！麻煩您看看我的命理吧。這一生應注意什麼？周鑫： 陰曆：一九七八年 二月十五日 夜裏十一點多，出生於內蒙古 呼和浩特 和林格爾縣 大梁村。現在河南鄭州開辦學堂。 ​​​#follow-me# 主观题背诵首播&今日时政解读（来自一直播:考研政治任燕翔正在直播）APP下载地址：http://t.cn/RMTjWBI ​​​#follow-me# 《主观题应试宝典》的配套课程由两个部分组成：一个是线下的半天完整课程，包括视频和面授，10月14日已经录制完毕，各地文都会陆续组织上课。这个课程上的时间稍晚些没关系，但一定要上。这个课程是将所有科目的主观题固定考查套路、背诵范围和内容、背诵精度要求和答题套路的。另一个是一 ​​​ 全文【收好这张思维导图，一起学习#十九大#报告！】一张思维导图，涵盖关键知识点↓↓工作学习必备，转发收藏！ 收好这张思维导图，一起学习十九大报告！ ​​​我免费围观了 @鲍迪克 的回答，问题价值 72.00 元，快来一起免费围观~ 微博问答:最近在看大秦帝国，请教鲍老师如何看上山下乡？现在学校条件太优渥，部分优质中小学配备空调洗衣机等等，大学配备各种高档运动场所，甚至是娱乐场所，您认为对青少年将来是 ​​​
淘宝内部券白菜,4,#为福利打call#庆祝抽奖君粉丝突破400万@微博抽奖平台 怎么能少了克洛伊送福利[兔子]关注@克洛伊全球旅拍厦门站 +转发送：iPhoneX → 1台10月25号晚上开奖 ​​​​10月20日0点至11月11日0点2017天猫双11红包，电脑党 http://t.cn/ROkHk9u 手机党淘口令：￥NwAw05iUV37￥直接扫码面额0.5、0.8、1、2、1111仅限双11当日使用，全网通用 ​​​​保存好图片 ​​​冬季珊瑚绒睡衣女法兰绒睡衣长袖甜美可爱加绒加厚保暖家居服套装【包邮】【在售价】98.80元【券后价】58.80元【下单链接】http://t.cn/RWL0U3N-----------------复制这条信息，￥ut8Y05uIqlH￥ ，打开【手机淘宝】即可查看 广州·黄石街区 ​​​宝宝薄棉衣套装纯棉新生儿夹棉加厚保暖内衣男女童棉服冬婴儿衣服【包邮】【在售价】39.90元【券后价】19.90元【下单链接】http://t.cn/RWLp3eb-----------------复制这条信息，￥gMG705uqDKU￥ ，打开【手机淘宝】即可查看 广州·黄石街区 ​​​#最全红包口令分享的红包#红包不停，好运连连！d(≧▽≦*d)我刚刚抢到了最全红包口令分享 和@白菜挖 联手发出的现金红包！小心脏激动得扑通扑通哒~新的一年跟我一起抢红包吧！最全红包口令分享 的红包 ​​​#寻找校园故事#随手一抽，红包到手！我刚刚抽到了@微博校园 的现金红包！这只是个开始，据说还有高达200元的大红包呢！ 不说了，我继续抽红包去了！微博校园 的红包 ​​​鹿皮绒毛呢外套女中长款2017冬季新款韩版加厚保暖羊羔毛呢子大衣【包邮】【在售价】268.00元【券后价】188.00元【下单链接】http://t.cn/RW7U9hd-----------------复制这条信息，￥p4OA05nb9aG￥ ，打开【手机淘宝】即可查看 广州·黄石街区 ​​​洗澡篮洗浴篮洗澡篮浴筐 洗澡篮子手提浴室 沐浴篮篮子塑料收纳筐【包邮】【在售价】14.90元【券后价】9.90元【下单链接】http://t.cn/RW7L5L9-----------------复制这条信息，￥lKVl05n2Ai0￥ ，打开【手机淘宝】即可查看 广州·黄石街区 ​​​#旅行双11#来了！@新浪旅游 联合@飞猪 #飞猪全球游#带来一大波机票、酒店、旅游产品信息！要出去玩的千万别错过，省出一个iPhone X不是梦！转评赞活动页内带红包标志的微博，即可抽取现金红包大奖！活动详情见↓↓图，猛戳→#旅行双11#立刻参加活动！ ​​​#旅行双11#中了中了，我抽中了@新浪旅游 的现金红包，相信我还可以抽中更多！新浪旅游 的红包 ​​​
王者荣耀爬坑宝典,2,#王者荣耀#版本强势英雄哪吒果然很强，难怪长期占据胜率榜第一，大招飞的后排生活不能自理，用他直接上王者了，强烈推荐[憧憬] ​​​王者荣耀S9赛季前的一波英雄调整，张飞、百里守约、花木兰、狄仁杰被削弱[并不简单] ​​​#王者荣耀#这三角恋搞的，到底谁和花花是官配的CP，求解答[吃瓜] ​​​这就是#王者荣耀#敌我英雄之间的差距，我已经受到一万点暴击伤害[允悲][允悲][允悲] ​​​传说这个是欧美的农药，不知道好不好喝[笑而不语] 王者荣耀爬坑宝典的秒拍视频 ​​​这是一个励志的故事[doge] ​​​#王者荣耀#新版的登陆界面好Q，少女心爆棚 王者荣耀爬坑宝典的秒拍视频 ​​​打王者的时候怎么知道队友是妹纸？撩妹套路教给你啦~能不能有对象就看你自己造化了哟~[笑而不语]#王者荣耀# ​​​#王者荣耀#王者知道最全答案，拿走不谢，点赞攒人品抽皮肤[笑而不语] ​​​#王者荣耀#这个厉害了，简直是手绘打印机 王者荣耀爬坑宝典的秒拍视频 ​​​
用户6382535998,1,瑛兰傲雪:是F-4EJ改战斗机，F-4EJ曾经一度是日本航空自卫队的主力制空战斗机，后来在大量装备F-15J/DJ后，F-4EJ被作为攻击机使用。1981年起进行现代化改进，计划改进 100 架。改进项目包括换装AN/APG-66J火控雷达、J/AYK-1中央计算 ​​​
qzuser711992017,1,"物流1702班""班级格言大比拼""——“年轻没有失败 青春炫出色彩”@内蒙古交通职业技术学院团委 赤峰·海贝尔游乐城（商圈） 周周小怪兽_09的秒拍视频 ​​​"
波子哥6365130669,9,#新乡看世界# 【两只袋鼠大打出手 你一拳我一脚互不相让[并不简单]】近日，在澳大利亚的维多利亚省，两只袋鼠不知为何原因大打出手，你一拳我一脚打得相当激烈，而这一幕正好被警察直升机上的红外摄像机上拍摄到。围观袋鼠：嗨，别打了，你俩被警察盯上了！实拍：两只袋鼠大打出手 你一拳我一脚互不相让 ​​​#王俊凯解忧杂货店# [音乐]#何以解忧，唯有小波#  一个眼神一场戏，一颦一笑一风景。你的眼眸时而一望见底，时而扑朔迷离。潇洒君子，霸气帝王，温婉少年，清冷学长，角色融释于内心情感，展现于眉眼之间。期待小凯@TFBOYS-王俊凯 演绎的《解忧杂货店》。#冷暖[音乐]#吃奶茶喝火锅的秒拍视频 ​​​#王俊凯18岁karryon# ＆#王俊凯解忧杂货店# 【王俊凯 央视采访】【解忧杂货店】回顾王俊凯十八岁生日会《冷暖》现场版，小凯优雅声线唱出神秘绅士格调，磁性的嗓音太迷人[憧憬][憧憬]@TFBOYS-王俊凯 #冷暖[音乐]#cr：BLOWBUBBLES王俊凯个站的秒拍视频 ​​​TA时而是惹人爱的小天使，时而是折磨人的小妖精，搞定TA不亚于搞定一个处女座的朋友，那么#有一个处女座宝宝是一种怎样的体验#呢？关注@Stokke_Kids ，转发此微博并@ 一位好友，带话题#与众不同的孩子#说出你遇到的“处女座”宝宝难搞的奇葩事迹，我们将抽价值598元的STOKKE儿童洗护礼盒一套，100元现 ​​​ 全文#看图猜名# 各位米粉，又到了每周”看图猜名”环节。关注中粮米业，转发此条微博@ 一位好友+写出正确答案，米妹会随机选取5位答对的朋友并送上500g福临门大米一袋哦。赶紧戳图仔细查看题目↓ ​​​​懒得动、懒得理，你的生活是否也充斥着这些词[二哈]懒癌肆虐，被威胁的人们奋起反抗，让可恶的“懒”无所遁形。于是它焦虑到躲进“嫩”里，妄想“装嫩”让人抓不到它[喵喵]抗懒癌小分队，只要你在“嫩”字方阵抓到“懒”，并将其位置评论在下方，即有机会赢取#就鲜就嫩#的@现代牧业 鲜语纯牛奶一箱哦～ ​​​ 全文#小快克大快乐#  爱像一把火，将我燃烧，情像一杯酒，将我迷醉，你像位天使，将我吸引，你的美让爱火烧的更旺，你的笑让情酒醉的更深，爱上你是种美妙的幸福。（by2017最新追女孩子的话）（每天转发当天晚安微博，即为打卡成功，连续打卡5天就有机会获得@小快克感冒药 送出的小快克礼包！） ​​​  ​​​ 全文风格迥异的毛不易和马伯骞联手合唱《南一道街&North; Hollywwod》，中西合璧音乐元素，用有温度的表演获得了很高的呼声。 那些好听的明星翻唱的秒拍视频 ​​​挡在你前面的永远是自己，想想自己一路披荆斩棘才走到这里，生活没什么好怕，就算少了谁，时间在走，地球照转，神马都是浮云，只有自己才是真的！[太阳][太阳][太阳] ​​​我们要多设想一些美好的事物，比如健康、强壮、富裕和幸福，将那些贫困、疾病、恐惧和焦虑驱赶出我们的精神世界，就像把垃圾倒在离家很远的地方一样。抛弃它们吧！尽量避开和远离那些对生活失去希望的人。 ​​​
用户6382744097,1,【绝症患者创作抗癌漫画：遗憾只能画出女儿长大的容貌】两年前，丁一酱被确诊胸腺神经内分泌瘤晚期，没有治愈可能。他开始在网上记录患癌日记，创作漫画《丁神经与肿瘤君》↓↓丁一酱说，自己想尽可能为他们留下美好回忆，但是“很遗憾只能画出女儿长大后的容貌了。” [泪]http: ​​​
至臻尚品汇,4,败家主播天天有，边看直播边剁手！蜂婆子哈哈在淘宝直播。憋说话，快上车！ http://t.cn/RWZutRP ​​​乾唐轩活瓷杯 情侣闺蜜中秋节送礼311.2【商品链接见评论】 ​​​​微笑—是世界上最美丽的表情，最动听的语言。给失败者一个微笑，那是鼓励；给悲伤者一个微笑，那是安慰；给悔恨者一个微笑，那是原谅；给麻木者一个微笑，那是支持；给失望者一个微笑，那是动力；给迷茫者一个微笑，那是向往；给懦弱者一个微笑，那是勇气；给快乐者一个微笑，那是分享。 ​​​拍照神器12.8【商品链接见评论】 ​​​抱歉，此微博已被作者删除。查看帮助：http://t.cn/Rfd3rQV乾唐轩活瓷杯 情侣闺蜜中秋节送礼311.2【商品链接见评论】 ​​​​抱歉，此微博已被作者删除。查看帮助：http://t.cn/Rfd3rQV抱歉，此微博已被作者删除。查看帮助：http://t.cn/Rfd3rQV翻盖垃圾桶11.8【商品链接见评论】 ​​​敲肉器包邮16.9【商品链接见评论】 ​​​​
至臻-尚品,9,洗菜盆22.9【商品链接见评论】 ​​​​儿童坐便器48【商品链接见评论】 ​​​​厨房置物架28.5【商品链接见评论】 ​​​乾唐轩活瓷杯 情侣闺蜜中秋节送礼311.2【商品链接见评论】 ​​​​妙洁保鲜袋一次性PE水果生鲜塑料袋16.9【商品链接见评论】 ​​​​兴盛 成人软毛牙刷 9.9【商品链接见评论】 ​​​​健齿先锋竹炭软毛成人牙刷8支家庭装包邮8.9【商品链接见评论】 ​​​​烤乐仕油纸烘焙7.2【商品链接见评论】 ​​​​iCook带3分隔层微波炉保鲜盒5.8【商品链接见评论】 ​​​​
哲思馨语,10,"糖醋排骨 ​​​花生酱 ​​​素鸡排 ​​​【啤酒卤水拼盘】1.剥皮熟鸡蛋、冻千页豆腐洗净扔到电饭煲里；2.生花生带皮洗净也扔到电饭煲内胆里；3.加上卤水汁；4.加入一罐啤酒；5.加热电饭煲，时间大概半小时就ok，因为都是熟的东东，只有花生需要时间久点；6.放进去大料就开始煮就好了，看差不多花生软烂就可以了；7.出锅把鸡蛋切半摆盘ok。 ​ ​​​ 全文【蒜蓉辣酱烧排骨】1．排骨剁块，洗净血水；葱切段、姜切片；2．锅中放油烧热，爆香葱姜，倒排骨翻炒，边缘稍有焦黄；3．倒入料酒炒匀，加入蒜蓉辣酱、生抽、半汤匙老抽、白糖，再加水；4．大火煮开后，加盖转小火焖，开盖转大火收浓汤汁，撒上葱花即可。 ​​​​【DIY泡芙】材料：牛奶90克、黄油40克、低筋面粉70克、鸡蛋3个、盐做法：1）将牛奶、黄油加热至沸腾，加2克盐，筛入70克低筋面粉，拌到不沾容器；2）温度降到60℃时，分次加进3个鸡蛋拌匀；3）装入裱花袋，挤到烤盘上；4）预热烤箱190℃，上下火烤10分钟，打开风门继续烤10~15分钟即可。 ​​​​【美味蛋包饭】1.锅中热油,将洋葱丁煸香,下火腿翻炒;2.再放胡萝卜丁,豌豆,玉米粒翻炒,炒匀后将米饭倒入,炒散后加番茄酱,盐调味,炒匀后盛出;3.锅洗清加一大匙油,倒入加盐打匀蛋液,转锅子摊成均匀厚度的蛋皮,在蛋液即将凝固时在蛋皮一侧放炒好的饭,再将蛋皮对折,封口处按压粘牢,出锅淋少许番茄酱。 ​​ ​​​ 全文【秘制煎烧五花肉】1.五花肉放入冰箱冷冻一小时，取出切薄片。 2用一汤匙蚝油一汤匙海鲜酱和一汤匙料酒调匀成蜜汁腌料。 3把切好的五花肉片用蜜汁腌料，拌匀后 ，装入保鲜袋，入冰箱冷藏腌制一个晚上。 4平底锅烧热后，刷一层色拉油。把腌制好的五花肉片两面用中小火煎熟即可。 ​​​​辣子鸡 ​​​台湾花生牛轧糖 ​​​"
Hermes丨,4,Hermes Kelly 32   经典配色：黑 拼红    两点亮面鳄鱼🐊🐊🐊#hermes##爱马仕# Hermes丨的秒拍视频 ​​​Hermes Kelly 32   经典配色：黑 拼红    两点亮面鳄鱼🐊🐊🐊#hermes##爱马仕# ​​​Hermes Lindy 30  风衣灰 内拼桃红[小嘴] 金扣    TC[挤眼][馋嘴][礼物] #爱马仕##hermes# Hermes丨的秒拍视频 ​​​Hermes Lindy 30  风衣灰 内拼桃红[小嘴] 金扣    TC[挤眼][馋嘴][礼物] #爱马仕##hermes# ​​​Hermes birkin 30  黑金  内拼1F钻石灰 ​  togo[色][色][色] #hermes##爱马仕# ​​​Hermes Lindy 30  经典金棕色   金扣   TC[熊][熊][广告]  #hermes##爱马仕# Hermes丨的秒拍视频 ​​​Hermes Lindy 30  经典金棕色   金扣   TC[熊][熊][广告]  #hermes##爱马仕# ​​​Hermes Constance 19  小号方胖子  黑金   两点亮面鳄鱼🐊🐊#hermes##爱马仕# ​​​Hermes  Kelly钱包   黑金   亮面鳄鱼🐊#hermes爱马仕##hermes##爱马仕# ​​​Hermes Lindy 30  4Z海鸥灰   TC🕊🕊#hermes爱马仕##hermes##爱马仕# ​​​
若不相欠怎么相见199511,1,#步履不停# ​​​
诗韵馨语,7,麻辣烫 ​​​咸香土豆泥曲奇 ​​​起司土豆 ​​​乌冬面 ​​​​月子食谱 ​​​美味豆浆 ​​​蛋炒饭 ​​​西瓜果冻 ​​​千层肉饼 ​​​芝麻糊 ​​​
用户6380817833,1,#十九大# 习近平报告，这些话，真给力！转发，学习！ ​​​
用户6387949184,5,他妈的这个垃圾厂，拖欠工资不发，我又是个被解雇的，星期一说到星期五，星期五说要到星期一 中山·北路 ​​​他妈的这个垃圾厂，拖欠工资不发，我又是个被解雇的，星期一说到星期五，星期五说要到星期一 中山·北路 ​​​他妈的这个垃圾厂，拖欠工资不发，我又是个被解雇的，星期一说到星期五，星期五说要到星期一 中山·北路 ​​​他妈的这个垃圾厂，拖欠工资不发，我又是个被解雇的，星期一说到星期五，星期五说要到星期一 中山·北路 ​​​他妈的这个垃圾厂，拖欠工资不发，我又是个被解雇的，星期一说到星期五，星期五说要到星期一 中山·北路 ​​​
WangTao868,7,#全景十九大#【数字五年 | 只争朝夕的中国创新之路】时间重回5年前，中国的创新能力怎么样？2012年，当时我国的经济总量54.04万亿元排名世界第二，但创新能力却排在第34名。2012年后，究竟发生了什么？让如今中国成为了举世瞩目的创新大国。央视网的秒拍视频 ​​​关注 ​​​2017年10月20日 早盘关注 ：300173 智慧松德   非用户仅供关注！【公开推荐，仅供参考，收益自得，风险自负】2017年10月20日 早盘关注 ：600848 上海临港   非用户仅供关注！【公开推荐，仅供参考，收益自得，风险自负】 ​​​【今日提醒】1、新股申购——广哈通信(300711)：申购代码300711，申购上限1.40万股，申购价格8.35元。2、新股申购——佳力图(603912)：申购代码732912，申购上限1.40万股，申购价格8.64元。3、中签缴款：庄园牧场(002910)、合盛硅业 ​​​盘面上看，两桶油、券商、军工等权重股表现疲软，拖累市场整体上行，期货市场黑色系弱势难改，影响A股市场煤炭、钢铁表现，周期股趋势一旦确立，将迎来更长的调整周期。 ​​​10月20日 财经早餐A、三季度GDP同比增长6.8%，9月工业增速反弹至6.6%B、一行三会就金融监管齐发声，双支柱调控框架日趋清晰C、美道指盘中跌百点后最终收涨创新高；厦门表示争取建设自由贸易港1、上海正按中央部署筹划建立自由贸易港，概念股或受关注上海自由港：华贸物流、上港集团、长江投资； ​​​ 全文10月20日 早间新闻精选宏观新闻：1)中国三季度GDP同比增长6.8%，预期增长6.8%，前值增长6.9%。初步核算，前三季度国内生产总值593288亿元，按可比价格计算，同比增长6.9%，增速与上半年持平，比上年同期加快0.2个百分点。中国9月规模以上工业增加值同比增6.6%，预期增6.5%，前值增6%，比8月份加快0.6 ​​​ 全文[爱你] ​​​富临运业  002357通润装备  002150扬子新材  002652 ​​​2017年10月19日 早盘关注：300222 科大智能 新一代阿法狗诞生 ​​​
小鬼东585,5,10.10周年庆火爆开燃！3亿红̏包雨可叠加无上限！入场即送>> http://t.cn/ROLvtLB (来自-拼多多) ​​​10.10周年庆火爆开燃！3亿红̏包雨可叠加无上限！入场即送>> http://t.cn/ROhWP0F (来自-拼多多) ​​​【仅剩1个名额】我49元拼了【买一送一】HBO上黑春夏季休闲运动长袖长裤套装男装2017年潮流青年一套整套全套衣服，大家快来拼多多吧！ http://t.cn/ROv60Fw (来自-拼多多) ​​​有人@我，我0.01抢到了【不是全棉包运费退换】100%全棉四件套春秋季纯棉斜纹四件套单双人学生被套床单1.2m 1.5m1.8m2.0m床上用品 http://t.cn/R0btfSh (来自-拼多多) ​​​抱歉，此微博已被作者删除。查看帮助：http://t.cn/Rfd3rQV分享图片 ​​​分享图片 ​​​抢购成功！我0元拼到了【高端礼盒】三只松鼠_坚果大礼包1208g！ http://t.cn/Rppfp0x (来自-拼多多) ​​​抢购成功！我免费领到了【2000万柔光双摄】vivo x9s plus 4G+64G 全网通手机！ http://t.cn/RpN841X (来自-拼多多) ​​​抢购成功！我免费领到了【2000万柔光双摄】vivo x9s plus 4G+64G 全网通手机！ http://t.cn/RpNClbB (来自-拼多多) ​​​
用户6173274522,1,浙江的一个小县城房价以涨到一万多 衡阳·冠市镇 ​​​
潇洒老常1,1,【秋天的气息~合肥大学生耗时6月制成树叶礼服[跪了]】合肥师范学院生命科学学院4名大二学生利用校园中的广玉兰树叶与桂花树叶，耗时6个月，花费近6000片树叶，最终制作出以范冰冰龙袍装为原型的晚礼服。[鼓掌] ​​​​金灿灿的感觉真好，这个秋天属你最厉害！ ​​​
小懒娘仲泽溢,2,美到没有，手镯大量现货，圈口齐全[din转转]欢迎下单WX：pzc183 珠宝钻戒工厂的秒拍视频 ​​​【高清细节图】18k、彩金三圈戒指意大利车花工艺，刻面车花，特别闪亮[ali跪求]大美丽、小价位4xx/枚。请加VX：pzc183. ​​​18k、彩金三圈戒指意大利车花工艺，刻面车花，特别闪亮[dino早安]大美丽、小价位4xx/枚 珠宝钻戒工厂的秒拍视频 ​​​推一颗鸽子蛋[色][色][色]，实力询价[din睡觉]wx：pzc183，惊喜价哟 珠宝钻戒工厂的秒拍视频 ​​​[c开心]客定四叶草五花手链，女神范儿名媛气质有没有！！忍不住多拍几张多看几眼[太开心][太开心] ​​​我想要带你去浪漫的土耳其　[ppb叮叮当]　然后一起去东京和巴黎最近很喜欢的歌～[爱你]然后是客定吊坠，很灵动哈～主钻25分 珠宝钻戒工厂的秒拍视频 ​​​[dino打滚]【经典款推荐】30分、50分钻戒首选 珠宝钻戒工厂的秒拍视频 ​​​尚美-蜂巢系列钻戒[lxhx喵]细节图看这里～喜欢就加我wx：pzc183，咱们聊聊～ ​​​挑钻戒，给大家推荐一个既耐看又特别的款，[无聊]尚美-蜂巢系列订出，欢迎加单哦～ 珠宝钻戒工厂的秒拍视频 ​​​[给力]万款钻戒现货，一件起批（或按金工石算），附证书；有意请加微信 pzc183 随时咨询，微博不便回复，请谅。需要请注明款号。[心] [xb摆手] ​​​
qwertyuiopas74026,2,#爱奔跑，爱衡院#青春年华，我们有梦想与激情，更有初生牛犊不怕虎的勇气！我们敢拼，我们赢得起！我们更要疯狂的奔跑，不怕摔跤。因为在我们的青春路上，绝不彷徨。#奔跑吧，衡院# 与你携手共度美好青春～@衡水学院团委 ​​​2017迎新晚会现场直播 #奔跑吧，衡院#（来自一直播:衡水学院团委正在直播）APP下载地址：http://t.cn/Rtt85UB 衡水 ​​​
嫩江明月,4,我用@悦动圈 走了10665步。已运动183天，共147.39万步。赞不赞？ http://t.cn/RW2aeJN ​​​[微笑] 日产质检丑闻爆发：六家工厂停产，召回116万辆汽车 ​​​[微笑] 七月的砧声远了，暖暖 ​​​[微笑] 女孩做伴娘遭渣男扒衣猥亵 大哥出击帮女还讨回公道 ​​​[微笑] 中国迎第三次留学生归国潮 他们为何都选择回来？ ​​​[微笑] 只是因为多看了你一眼！嫌犯逛街被警察抓获 ​​​[微笑] 男子以刀代笔作画20米 惊艳国内外大师丨组图 ​​​我用@悦动圈 走了7943步。已运动181天，共145.09万步。赞不赞？ http://t.cn/ROkpWN8 ​​​[微笑] 笔帽上为什么有个小孔？紧急时刻，就靠它救命了！ ​​​[微笑] 为省钱，这个单亲母亲带着两个孩子，把家搬到房车里 ​​​
用户6271323133,2,关注喜仔，转发本条微博并@ 3个好友，喜仔将会从中抽取1个粉丝送出总共30元红包！下月开奖#王者荣耀# @微博抽奖平台 #企鹅电竞# #天津# #王者荣耀主播# 完成操作后私信主播，获取喜仔独家特供王者荣耀界面皮肤技能框安卓版 企鹅电竞喜仔的秒拍视频 ​​​关注喜仔，转发本条微博并@ 3个好友，喜仔将会从中抽取1个粉丝送出总共30元红包！下月开奖#王者荣耀# @微博抽奖平台 #企鹅电竞# #天津# #王者荣耀主播# 完成操作后私信主播，获取喜仔独家特供王者荣耀界面皮肤技能框安卓版 企鹅电竞喜仔的秒拍视频 ​​​关注喜仔，转发本条微博并@ 3个好友，喜仔将会从中抽取1个粉丝送出总共30元红包！下月开奖#王者荣耀# @微博抽奖平台 #企鹅电竞# #天津# #王者荣耀主播# 完成操作后私信主播，获取喜仔独家特供王者荣耀界面皮肤技能框安卓版 企鹅电竞喜仔的秒拍视频 ​​​
白羊春天丰胸灸中药调理依依,2,我发布了一个快手视频，一起来看！嘟嘟日记吖[红心] #泰迪# http://t.cn/R02OSCg ​​​[赞啊]#丰胸##多囊不孕/子宫腺肌症# 大白羊—使用当次增大变挺！1月内百分万变大！更有亲1月大2杯！不吃药不打针外用纯中药更可治疗增生痛经月经不调不孕等，痛经增生当次止痛！诚招全国代理，免费教你做V商零基础1-3月内赚几十万！！[鼓掌][鼓掌]加V信:3082328418详询！财富故事：白羊春天日销超百万的秘密[给力][给力] ​​​☘（白羊春天让40+女人A到C立体大肉球）不要说女人40+就丰胸无望了，就放弃自己了！你想要得到什么，用力去付出，就一定会得到。客户40+了，而且是重症客户，在各大城市寻遍名医名院都治不好，甚至连病因都找不出来，腹部24小时剧烈疼痛长达3年，根本不带停的，5分钟都停不了！晚上都不会停！无法入睡 ​​​ 全文你瞅啥[嘻嘻] 秒拍视频 . ​​​[绿叶]依依睡前分享[绿叶]睡前你们都会做什么？除了看吃的，我会重新回味我写的东西，一遍又一遍地看！默念：写得真好！[嘻嘻]然后一遍又一遍地感概：这女的，啧啧啧，才华美貌集于一身呀，乱世佳人。[白眼][偷笑][嘻嘻] 珍惜生命，抓紧拼搏，好好享受，晚安。[月亮] ​​​我家这个小家伙特别爱上镜[眼泪]  喜欢玩投币玩具车还🙈　我家这个小家伙特别爱上镜😂  喜欢玩投币玩具车还🙈 ​​​下午到万达买东西，给嘟宝拍的，它最喜欢坐这个小红车了[眼泪][眼泪][眼泪]   镜头感十足 ​​​ 秒拍视频 . ​​​蓝梦岛约[海豚]起大早粗发喽‼️ 印度尼西亚·巴厘岛 秒拍视频 . ​​​香港，I'm coming~~~[海豚] 深圳·南山区 ​​​【白羊春天1次就像蒸馒头】客户第一次用，都还不太熟悉，随便用用，胸就像蒸馒头一样饱满起来了，不止是视觉，更重要的是手感更有料了，摸着肉肉的Q弹Q弹的。客户都感叹效果令人震撼，立刻咨询代理（我们使用中的顾客有80%会来咨询代理，60%会成为真正的代理，因为效果好啊），这个客户本身基础也蛮好. ​​​ 全文
DA1999125,2,千万富翁又怎样，不是你的你就得不到[微笑] ​​​万家帘品     婷婷荷花       3D云设计『万家帘品 | 婷婷荷花8017-4-布』http://t.cn/ROrh1es ​​​万家帘品，套餐一·温文尔雅 DA1999125的秒拍视频 ​​​万家帘品      纯米色      3D设计🐾『万家帘品 | 纯色交响曲-米色』http://t.cn/RO8grU8 ​​​万家帘品       纯色浅粉      3D设计[鼓掌]🏻『万家帘品 | 纯色交响曲-浅粉』http://t.cn/RO8kTd7 ​​​
安利微商创办人自信,6,很喜欢#喜马拉雅#上互联网安利新模式的节目《自信分享694《安利奖金制度》-微信2368669182》，快来听一听吧! 自信分享694《安利奖金制度》-微信2368669182 ​​​很喜欢#喜马拉雅#上互联网安利新模式的节目《自信分享699《安利公开事业机会》-微信2368669182》，快来听一听吧! 自信分享699《安利公开事业机会》-微信2368669182 ​​​很喜欢#喜马拉雅#上互联网安利新模式的节目《自信分享705《安利九种十二项奖金制度》-微信2368669182》，快来听一听吧! 自信分享705《安利九种十二项奖金制度》-微信2368669182 ​​​很喜欢#喜马拉雅#上互联网安利新模式的节目《自信分享706《一百分计划倍增的计划》-微信2368669182》，快来听一听吧! 自信分享706《一百分计划倍增的计划》-微信2368669182 ​​​#健康生活#都说秋天是藏肉的好季节，但自己究竟几斤几两心里还是有点数的[笑而不语]不如趁这时悄悄跟小肚子说再见，下面九图分享给小伙伴们↓↓结合安利乐纤体重管理计划效果更好哦~（图via 教您学瘦身） ​​​#更远的世界#【锅包肉】非常好吃的一道荤菜！赶紧把菜谱收好，回家用安利皇后锅做。送给爱吃肉的吃货们！（图via 365道美食DIY） ​​​#正版安利#众所周知，想要美白，摄入足量的维生素C必不可少。如果从蔬菜水果摄入不稳定，不妨试试纽崔莱[r]维生素C片，预防皮肤变黑、治疗色素沉着。 ​​​#健康生活#每年10月20日是#世界骨质疏松日#，目前我国约有7%的人患有骨质疏松症，有2.1亿人低骨量，存在骨质疏松的风险。任何人都有可能患上骨质疏松症！小安偷偷告诉你哦，安利纽崔莱钙镁片可以拯救你！就连比萨斜塔、自由女神和罗马斗兽场都来求帮助啦！怎么回事？戳下图就知道啦 ​​​[爱心]紐崔萊卵磷脂E[爱心]對老人而言，它是血管清道夫對老公而言，它是脂肪運輸車對妻子而言，它是皮膚水潤劑對孩子而言，它是健腦營養素愛美的姐姐：卵磷脂是一種天然解毒劑，能分解體內的毒素。通過增加血紅素，為皮膚提供充分的水和氧氣等營養，使皮膚變得光滑柔潤。#健康自主#紐崔萊 ​​​[emoji] 这个产品，现在家家都需要，为什么呢？[向右] 洗菜的 ，洗碗的  清洗水果的……都看过来[鼻涕] 中药可以不吃，西药可以不吃，但农药每天不得不吃。[制服] 上海抽查100个孩子，90%身体血液里农药残留超标。✅ 为了孩子的未来、家人的健康，请使用最环保~~🍇安利超浓缩洗洁精[草莓]，一次两三滴，瓜 ​​​ 全文
傻傻的修,1,今天我的「微博等级」又升一级，记录一下我在微博的成就微博等级，升等级享好礼 ​​​
魅心血蔷薇57616,1,#小蓝帽酸奶来了# 邓州·腰店乡 ​​​
硪菂芯謝絶訪問,2,扫一扫我的微博二维码名片，关注我吧~ ​​​开启🔛夜宵模式[得意]有木有闻到香啦[偷笑][色][色][色] 硪菂芯謝絶訪問的秒拍视频 ​​​
珍氏美SJJ,5,珍氏美条形装细节，超级安全的铝箔塑封，一撕即用！安全方便！打通线上线下的神器在此万店联动欢迎连锁酒店，药房，牙科诊所洽谈合作 珍氏美SJJ的秒拍视频 ​​​好消息‼️好消息‼️好消息‼️庆祝我们的第一批体验装即将面向全国！公司定于10月20日——31日止凡下单珍氏美漱口水整箱起的全部送‼️送‼️送‼️体验装一盒30袋‼️免费送‼️免费送‼️ ​​​作为目前发现的最薄、强度最大、导电导热性能最强的一种新型纳米材料，石墨烯被称为“黑金”，是“新材料之王”，科学家甚至预言石墨烯将“彻底改变21世纪”。极有可能掀起一场席卷全球的颠覆性新技术新产业革命。 ​​​珍氏美防雾霾口罩成分：石墨烯超级滤片、加厚活性炭滤片、SS无纺布、优质热疯棉、KN95滤层、亲肤无纺布、呼吸阀、鼻梁筋、耳挂等。          石墨烯的优点：是一种由碳原子构成的单层片状结构的新材料。具有超强物理隔尘，PM2.5和PM10隔绝功能，抗菌性能，还可以过滤花粉和其他粉尘，其抗霾机理是利用 ​​​ 全文好消息‼好消息‼‼好消息‼‼‼✅华北制药珍氏美大动作🤗🤗🤗✅只要180元下单两瓶漱口水或两盒美牙泡泡刷均送石墨烯超级防雾霾口罩‼✅每个口罩的使用周期为7-10天‼✅为了我们的健康少吸霾就用防霾神器 珍氏美SJJ的秒拍视频 ​​​好消息‼好消息‼‼好消息‼‼‼✅华北制药珍氏美大动作🤗🤗🤗✅只要180元下单两瓶漱口水或两盒美牙泡泡刷均送石墨烯超级防雾霾口罩‼✅每个口罩的使用周期为7-10天‼✅为了我们的健康少吸霾就用防霾神器 珍氏美SJJ的秒拍视频 ​​​生化危机雾霾版当枪手遇到戴着珍氏美石墨烯防雾霾口罩的变异者时后果不堪设想不过最后一个逗逼傻眼了，忘了戴口罩直接被枪毙了 珍氏美SJJ的秒拍视频 ​​​是六层防护，不是五层！珍氏美专供石墨烯口罩 ​​​我要失恋了，分手理由：你很好，但是你家有雾霾！我想说有了好口罩（五层防护，石墨烯口罩）都在珍氏美，还怕失恋吗？ 珍氏美SJJ的秒拍视频 ​​​有这样一个小故事...... ​​​
轻欢05985,1,我参与了@小杰爱地球 发起的投票 【奔跑吧★猜第六季谁来关键吗？就问你，愿不愿意换人！】，我投给了“可以换啊，早就想换谁谁谁了。”这个选项。你也快来表态吧~奔跑吧★猜第六季谁来关键吗？就问你，愿不愿意换人！ ​​​
定帮06,2,分享视频 定帮06的秒拍视频 ​​​分享图片 阳泉·矿区 ​​​分享图片 阳泉·桥头街区 ​​​分享图片 ​​​分享图片 阳泉·桥头街区 ​​​分享视频 秒拍视频 ​​​分享图片 阳泉·桥头街区 ​​​分享图片 ​​​分享图片 ​​​分享视频 秒拍视频 ​​​
淑女是我的网名,3,♬我正在收听霍尊的单曲《时光不忘》(《QQ三国》游戏九周年庆主题曲)♬时光不忘（来自@QQ音乐） ​​​一家人欢聚一堂，祝妈妈生日快乐[蛋糕]，欢声笑语喜庆洋洋，暖流涌上心头。啊......妈妈呀，祝你健康祝你长寿，全家敬酒祝你幸福。[鲜花][抱抱][亲亲] ​​​人和人学识不同，见识不同，修养不同，对事物看法自然就不一样了，修养和原谅像一把伞，会保护帮助你在雨中穿梭前行。 ​​​唱得不好，请多关照>>天之大>>我发表了一首作品。>>http://t.cn/ROB1rwB (来自@全民K歌) ​​​幼儿园危机五大特征一、无大将可用二、中层.......（需要材料的朋友私信我，非专业者勿扰）[握手] ​​​#全民K歌#今天再送给妈妈一首生日歌曲，祝妈妈生日快乐.>>《妈妈的吻》-我发表了一首作品。>>http://t.cn/R0hV3v2 (来自@全民K歌) ​​​妈，祝你生日快乐[蛋糕]我爱你[爱心]️愿你永远健康快乐喜乐。[抱抱][亲亲] ​​​我发表了头条文章:《                             永远的18岁》 永远的18岁 ​​​永远记住：你是来工作的，不是来交朋友的。如果能交到朋友那是惊喜，交不到朋友才是正常的。所以，一定要共同学习共同进步，因为每个人的优缺点没有全部相同的， ​​​留恋秋.拥抱秋.享受秋.[微笑] ​​​
不会飞de鱼,3,"周杰伦FB分享的一个视频：为什么周杰伦结婚了，我还要嫁给他呢XDDD[笑cry][笑cry][笑cry] #热门搞笑小视频#秒拍视频?? ​​​正在玩王者荣耀的你........哈哈哈哈虐哭了 ！！[笑cry][笑cry] #热门搞笑小视频#秒拍视频 ​​​最感人的那句话；就是没事的，我来保护你。[good] 秒拍视频 ​​​哈哈哈哈哈哈哈,真是服了这位美女....[拜拜][拜拜][拜拜][拜拜][拜拜][拜拜][拜拜]#搞笑短视频集##搞笑#?? 秒拍视频 ​​​086482828068426444408008 ​​​6733750859605953 ​​​#成都生活#【只需5分钟，让你了解真正的成都！】成都，从3000多年前就开始叫成都！一座来了就不想离开的城市，只需5分钟，历史人文，风土人情，吃喝玩乐……让你了解真正的成都！太棒了！[good] 秒拍视频 ​​​分享图片 ​​​世界睡眠日，来看看快速入睡的妙招（分享自 @知乎日报 ） http://t.cn/8sGZNlK ​​​学穿英伦范：新手最容易走上小混混之路（多图）（分享自 @知乎日报 ） http://t.cn/8FFgvuT ​​​"
七月凉心,6,#全民K歌#《一人饮酒醉(王者荣耀版)》-不喜勿喷，，，[表情][表情]http://t.cn/RO0j0zp（来自@全民K歌） ​​​#全民K歌#《杀夫》-感觉还是不对，不喜勿喷哦。。。不敢太大声怕吵着别人休息。。http://t.cn/RO0jpZo（来自@全民K歌） ​​​#全民K歌#《胸是软绵绵的》-很久没喊过了，。。希望大家可以喜欢http://t.cn/RO0jN21（来自@全民K歌） ​​​#全民K歌#《我们不是情侣》-另一种感觉的麦。。。小花花送给我快来钻进我怀里[表情][表情][表情]http://t.cn/RO0j9zT（来自@全民K歌） ​​​#全民K歌#《你就是个混蛋》-不喜勿喷http://t.cn/RO0joHO（来自@全民K歌） ​​​#全民K歌#这首歌唱得很好，快来听听！>>《她只喝酒不说话》-我想我应该是疯了。大晚上的喊麦，喊的不好，让我心疼你们的耳朵一分钟。。。宝宝感冒了嗓子是哑的，所以凑合听哈。喜欢的就小花花送给我快来钻进我怀里[眨眼][眨眼]http://t.cn/RO0jaO4（来自@全民K歌） ​​​
高端文玩A静鑫阁主A,3,[彩虹]1.0雕花镯子 54-55-56口 [花朵][花朵][花朵] ​​​血檀木精品小克数，懂货的老总看过来 ​​​血檀木精品小克数，懂货的老总看过来 ​​​精品小福袋尺寸 20*20 ​​​[花朵][花朵]精工小葫芦[花朵][花朵] ​​​[彩虹]精品大圣背运 [彩虹]双面雕刻   废工 废料 废时。就是不涨价！ ​​​[火焰]经典貔貅珠子[火焰]四面雕刻 5000目抛光！19*20 ​​​精品小面包 尺寸 2.0*1.0 ​​​[樱花][樱花]精品小花生以假乱真[花朵][花朵]尺寸：27*14 ​​​招财三宝！招财猫 金蟾 有求必应！ ​​​
赫连橡342957,5,如果人们能够以互相间的同情，[bm血泪][bm血泪][bm血泪]#陈翔花式拉客#及人道的行径来剔除祸根，则人生的灾患可消减过半。 ​​​[红丝带][红丝带]#生活相对论#艺术家必须对自己冷酷到抛弃一切真情。 ​​​[哆啦A梦害怕][哆啦A梦害怕]#我是演说家#我每天都在笑 但是过得好不好 只有自己才知道 ​​​脾气坏的人普遍都是被人给宠出来的，[xkl偷看]#拜见小师父#毕竟不管怎样无理取闹、刁蛮任性，背后都会有一个坚强的后盾守护着。而部分脾气好的人，通常都缺爱，因为知道自己孤身一人无依无靠没人宠，所以也就只好老实的收敛起自己所有尖锐 ​​​男人想要的安全感，[bm做操][bm做操][bm做操]#中国有时差#是全世界都离开他，但始终还有个女人不离不弃。女人想要的安全感，是哪怕全世界都爱慕他，但他也只爱你一个。男人想要的女人，是他的退路归宿。而女人想要的男人，是她的唯一家园。所以不要刻意， ​​​請別以小人之心度君子之腹[耶]#彭禺厶你过来呀# ​​​人的眼睛有5.76亿像素，[困][困]#有时需要#但却终究看不懂人心。 ​​​外物之味，[xkl喜]#爱羽乐来了#久则可厌；读书之味，愈久愈深。 ​​​都忘了咱俩多久没说话了，[xkl顶][xkl顶][xkl顶]#1020快抢节#也快忘了当初为什么有那么多话跟你说。 ​​​只有那些永远躺在坑里，[嘻嘻]#孟子义将夜叶红鱼#从不仰望高处的人，才会掉到坑里去。 ​​​
用户黄渤老知青,2,我发表了头条文章:《社会主义要的是公平正义和共同富裕》 社会主义要的是公平正义和共同富裕 龙口·黄山馆镇 ​​​我发表了头条文章:《他们在做什么？》 他们在做什么？ 龙口·黄山馆镇 ​​​我发表了头条文章:《向伟大的文学巨匠鲁迅先生学习》 向伟大的文学巨匠鲁迅先生学习 龙口·黄山馆镇 ​​​我发表了头条文章:《对历史人物的评价应实事求是》 对历史人物的评价应实事求是 ​​​我发表了头条文章:《《样板戏》教育和鼓舞了几代人》 《样板戏》教育和鼓舞了几代人 龙口·黄山馆镇 ​​​我发表了头条文章:《尽孝，考验着每个孙男娣女》 尽孝，考验着每个孙男娣女 龙口·黄山馆镇 ​​​我发表了头条文章:《在“虚幻”的世界里，最珍贵的还是朴实无华》 在“虚幻”的世界里，最珍贵的还是朴实无华 龙口·黄山馆镇 ​​​我分享了 @用户黄渤老知青 的头条文章 多关心一下无业的人们 ​​​我发表了头条文章:《常动动脑筋，生活会有新转机》 常动动脑筋，生活会有新转机 龙口·黄山馆镇 ​​​我发表了头条文章:《做正直善良和忠厚坚强的人》 做正直善良和忠厚坚强的人 龙口·黄山馆镇 ​​​
租房卖房找我,3,白云区区独家笋盘[礼花][礼花][礼花]春庭花园面积:67平方                                     售价：160万户型：二房一厅楼层:楼梯5层产权:过四年 唯一 朝向：东南向                                   交通：白云大道北站                       学位：永泰小学                                 ​​​ 全文白云区区独家笋盘[礼花][礼花][礼花]乐得花园面积:72平方                                     售价：210万户型：两房二厅楼层:电梯12层产权:过五年 唯一 朝向北向                                   交通：黄边地铁站                           学位：省一级黄边小学            热线:何鹏13631174 ​​​ 全文白云区区独家笋盘[礼花][礼花][礼花]春庭花园面积:150平方                                     售价：170万户型：4房2厅楼层:楼梯9层产权:过五年 唯一 朝向：东南向                                   交通：白云大道北站                       学位：永泰小学                                热 ​​​ 全文【白云区黄边】时代玫瑰园二期，126平3室，售480万（现场实拍）3.81万/平 邻近地铁 随时可看 满五年 红本在手 业主急售 花园景 钥匙在手 生活方便点击查看：http://t.cn/RpuL5kC 广州·时代玫瑰园 ​​​[礼物]福利一波[手枪]接一波[礼物]为庆祝白云区石井[天下购商城]招商圆满成功暨开业在即。开发商推出最后20套保留单位，仅需首付10万得价值60万旺铺一间。再次提醒还没成交的客户要抓住最后机会，多买多赚，要买趁早。五重置业保障：第一重：、[卡拉ok][萨克斯]购买商铺10年使用权，开发商承租10年。第二重： ​​​ 全文[礼物]福利一波[手枪]接一波[礼物]为庆祝白云区石井[天下购商城]招商圆满成功暨开业在即。开发商推出最后20套保留单位，仅需首付10万得价值60万旺铺一间。再次提醒还没成交的客户要抓住最后机会，多买多赚，要买趁早。五重置业保障：第一重：、[卡拉ok][萨克斯]购买商铺10年使用权，开发商承租10年。第二重： ​​​ 全文【白云区黄边】时代玫瑰园二期，95平3室，售400万（实拍）4.21万/平 邻近地铁 学位可用 随时可看 满五年 红本在手 精装 业主急售 东南朝向 花园景 钥匙在手点击查看：http://t.cn/ROExPCs 广州 ​​​【白云区新市】汇侨新城东区，108平3室，售280万（现场实拍）2.59万/平 满五年 红本在手 东南朝向 城市景 钥匙在手 月卡车位 出行方便 生活方便点击查看：http://t.cn/RO9i77b 广州 ​​​[家]白云区[向右]🏻投资好项目举荐  [礼花][礼花]华时代SOHO [礼花][礼花]   🏡不动产权公寓 可以个人名义购买 40m²～70m² 平层一房一厅  [惊恐] 可以明火[火焰]➕大阳台 首付五成[色] 总价8️⃣0️⃣万起/套 现楼交楼[奖杯]  1️⃣可选择带精装交楼或者毛呸交楼 2️⃣可以自住 [家] +注册办公（阳台可以挂广告牌） ​​​ 全文【白云区白云大道】春庭花园，76平2室，租3000元/月（现场实拍）正南朝向 花园景 城市景 开阔景 生活方便点击查看：http://t.cn/ROUjTj3 广州 ​​​
晓盆友CZ,8,你还好吗？ ​​​我家滴东君哥最帅 ​​​我家滴峰哥最帅 ​​​只要是陈晓的粉丝都要关注点赞我哦@陈晓 ​​​那年花开月正圆，没有结局吗？ ​​​集结吧王者结束咯，但你们的表现不会忘滴哦 ​​​我要改变了 ​​​祝你们幸福，只有鹿晓得嘞！ ​​​大雁总有一天会南飞的 ​​​你晓得嘞[偷笑] ​​​
周超牙科_233,1,今天真累 ​​​
千寻翡翠-郑韩相,3,抱歉，此微博已被作者删除。查看帮助：http://t.cn/Rfd3rQV新品手镯 ​​​千寻翡翠今日新品，销售微信号13122926959 瑞丽·勐卯镇 ​​​千寻翡翠今日新品 瑞丽·勐卯镇 ​​​千寻翡翠，今日新品 瑞丽·勐卯镇 ​​​佩戴翡翠的女子，让人揣想，让人惦念——自喧嚣浮尘中盈盈映入眼帘的女子，浅笑轻颦，不经意间抬起的手腕，露出戴在臂上的翡翠镯子，晶莹剔透中，带着娇艳欲滴的翠-千寻翡翠销售微信号13122926959 瑞丽·勐卯镇 ​​​今日更新 瑞丽·勐卯镇 ​​​在民间一直流传着这样的一种说法，玉可挡灾，辟邪，而佩戴的翡翠手镯则可以帮主人化解一切负面的影响，为佩戴者守护住祥瑞的福气-千寻翡翠销售微信13122926959 瑞丽·勐卯镇 ​​​在民间一直流传着这样的一种说法，玉可挡灾，辟邪，而佩戴的翡翠手镯则可以帮主人化解一切负面的影响，为佩戴者守护住祥瑞的福气-千寻翡翠 ​​​多情也似相欺得，爱惹钗头翡翠翘-千寻翡翠销售微信号13122926959 瑞丽·勐卯镇 ​​​多情也似相欺得，爱惹钗头翡翠翘-千寻翡翠销售微信号13122926959 瑞丽·勐卯镇 ​​​
方圆珠宝宝石专拍,3,#方圆珠宝# 相较于彩色宝石的昂贵稀有，彩色半宝石不仅价格能为多数人接受，而且解决了设计上色彩统一或者足够丰富的难题。近几年，许多国际珠宝大牌的珠宝首饰，就有很多半宝石珍品，有前瞻性的珠宝藏家对于半宝石首饰也情有独钟，半宝石成为珠宝界不可小觑的生力军。【方圆珠宝百科】 ​​​特[得]：3300/对，不议价，翡翠耳钉，18K金镶嵌，种好色好，时尚漂亮。性价比高，配送权威证书✝️精美礼盒 ​​​#玉雕名家作品赏析# 海派玉雕大师王金忠擅长花鸟、人物的雕刻，他的作品大多选择带皮色的和田子玉，通过对皮色的巧妙处理和运用，既体现出了材质本身的特质，也让作品焕发出了夺目的光彩。业内人士评价说，王金忠的作品素雅、灵巧，把艺术的美感和精致的雕琢工艺完美地结合起来... ​​​我上传了一个视频 [钱]福利838[玫瑰]dm高冰花一对，水头十足，尺寸：14.1*17*3.5小12.4*18.7*2.9超值不退 http://t.cn/RWh23qC ​​​【精选】什么是贵金属？http://t.cn/RODkwmk ​​​三彩福猪手串，种老水足！尺寸11.6-7.8-6.5mm，[钱]750 ​​​#玉雕名家作品赏析# 任永辉，玉雕艺术家，安徽省首届玉雕大师，深潜玉雕行业十年，基于对玉石的深入研究，依靠对生活细致入微的观察，在作品中展现古典文化气息，不拘泥传统美学思维，勇于创新，辅以精湛的绘画技艺与雕刻技巧，融会贯通，为己所用，展现独到的设计理念，将深藏... ​​​据说这种玛瑙将是下一个南红，必大涨！据说这种玛瑙将是下一个南红，必大涨！ ​​​圆珠项链，底色清爽，种老水足！尺寸7.3mm*108颗，[钱]900 ​​​#玉雕名家作品赏析# 李斯，80后，师从其父广东省玉石雕刻大师李克生，自小于玉雕机旁长大，耳渎目染浸淫玉意，爱武侠好美乐，初习画功字而后执刀刻玉。好学勤思，作品灵巧而富神韵，主张雕刻者应以手中刻刀表达内敛的情怀，赋予作品厚重的灵魂。现为潮州市工艺美术协会会员，... ​​​买珍珠的时候，千万别询问商家珍珠是否天然http://t.cn/ROuzmlT ​​​
谈股论金-杨,9,午评：周五早盘，两市震荡反弹。盘面上，港口水运、国际贸易、交运物流、装修装饰、有色、钢铁、房地产等行业表现强势；题材股方面，上海自贸区、快递概念、迪士尼、中超概念、租售同权、次新股等涨幅居前。酿酒、保险、园林、银行、医疗、环保等出现调整。上海自贸区早盘大幅上涨：长江投资、锦江投 ​​​ 全文看看真正的有钱人都是怎么玩新三板的，5000万资产，收益2200万，一年下来却“不闻不问”，因为他们知道这是真正的投资到实体经济中去的，而不是投机炒作，看中的就是企业的发展前景与投资价值 ​​ ​​​近期股市低迷很多朋友的股票都在被套中，或是割肉或是苦等解套。我们机构协作企业认购新三板新股火爆进行中，早一点报名认购到新股的机会就会大一些。财富热线qq:418723874 ​​​大盘重心再度下移，图形不好看，受收盘后港股大跌影响今早或许还会有下探，但主基调还是小跌小涨的震荡，历来最难熬的周四过去了周五也差不多哪去，创业板连续调整后应该会有回抽。个人觉得今天再下探的话应该会出现局部行情，大机会仍然没有，激进的短线投机客可以在控制仓位下适当参与，稳健类型的投 ​​​ 全文创业板指数形成双底，1845点有支持，次新股指数有望反弹，虽然舆论认为重要会议结束以后，深沪市场会出现下跌，但本博认为不需要过于悲观，技术面依然支持上升行情出现，近期各大指数走势疲弱，这是因为今年是股市的重要底部，股市是讲究时间因素的，明年一开始就会见到股市急速向上，目前次创业板指数 ​​​ 全文2017年10月20日机会前瞻：一、氢燃料电池车步入商业化推广 行业望迎爆发期概念股：富瑞特装（ 300228 ）、大洋电机（ 002249 ）、雪人股份（ 002639 ）二、首个北斗物联网模块诞生 无人机送快递将成现实概念股：华力创通（300045）、华测导航（300627）、北斗星通（002151）三、谷歌阿尔法狗再 ​​​ 全文停牌002902 铭普光磁：涨幅较大 停牌核查300523 辰安科技：重大事项停牌 ​​​​复牌603701 德宏股份：终止筹划重大事项 股票复牌 ​​​​新股申购佳力图（732912）发行价8.64元，申购上限1.4万股，主要为数据机房提供控温设备。广哈通信（ 300711 ）发行价8.35元，申购上限1.4万股，主营多媒体指挥调度系统。 ​​​午评：周四早盘，两市震荡走低，四大行护盘，临近午盘，中小创止跌。盘面上，医疗、物流、医药、酿酒等行业表现强势；题材股方面，S股、医疗器械、健康中国等涨幅居前。船舶、煤炭、航天、环保、钢铁、有色、石油、券商信托、银行等跌幅居前。健康中国题材低开高走：乐金健康涨停，悦心健康、信隆健康 ​​​ 全文
妖狐的世界,2,"神级操作[good]这些创意美食教程，看完不得不服。[鼓掌]最神奇的秒拍视频 ​​​【改善了驼背猥琐颈体态】驼背不只会输掉气质，还影响健康，改善驼背猥琐颈体态，矫正不良体态，提升身高2-3cm，变身气质天鹅颈！​​​​ L 秒拍视频 ​​​101岁的老两口打架，感动了千万人，网友：这才是白头偕老#搞笑趣事# #搞笑幽默视频# 幽默趣闻排行榜的微博视频 ​​​《皮皮虾》完整版，太魔性了，哈哈我居然听完了~[笑cry] 1024专员的秒拍视频 ​​​看了才知道，自己懂的实在太少了。。。你还有多少没有记下来？ ​​​​打开58App，看更多同城新鲜事 下一次买房的时机是什么时候? 2019年房价或许会迎来一个低点。 ​​​怎样做一个好男人？1.好男人不会让心爱的女人受一点点伤2.好男人不会让等待的情人心越来越慌3.好男人就该听燃点人声乐团五人合体版《好男人》4.上一批听《好男人》的好男人，现在都当爹了5.祝现在和未来的爹父亲节快乐！#音乐红人计划# #致父亲的歌# #这些歌有夏天的味道# 秒拍视频 ​​​打开58App，看更多同城新鲜事 为什么有钱人都不买顶楼? 行内人分析出一点原因, 后悔知道太晚! ​​​打开58App，看更多同城新鲜事 “想弄死我，没门”！这名婴儿手上拿着的东西蹿红整个网络 ​​​打开58App，看更多同城新鲜事 这个胖女孩体重500多斤，减肥后似明星，男友庆幸当时没分手 ​​​"
曲眉770943,6,出于诚意的错误是应该加以同情的，[污][污][污]#陈翔花式拉客#而不应加以嘲笑。 ​​​道理很简单 远离让你难受的人 靠近令你舒服的人[xkl转圈][xkl转圈]#生活相对论# ​​​爱情要求忠诚，[good][good][good]#我是演说家#而忠诚则要求坚定。 ​​​支配战士的行动是信仰。他能够忍受一切艰难、痛苦，[疑问][疑问]#拜见小师父#而达到他所选定的目标。 ​​​谁不是从一个心地善良的孩子被现实折磨成一个心机深重的疯子[bm喜悦][bm喜悦][bm喜悦]#中国有时差# ​​​薄我货者，[bm哭泣]#彭禺厶你过来呀#欲与我市者也；我行者，欲与我友者也。 ​​​在智慧提供给整个人生的一切幸福之中，[哈欠][哈欠]#有时需要#以获得友谊为最重要。 ​​​失之毫厘，[bm得瑟][bm得瑟]#爱羽乐来了#差以千里。 ​​​爱，[bm抓狂][bm抓狂][bm抓狂]#1020快抢节#在俭朴的生活中，是有真生命的，象一朵朝露浸著着小花草，在奢华的生活中，即使有爱，不能纯粹，不能自然，象是热屋子里烘出来的花，一半天就衰萎的愁忧。 ​​​充实的思想不在于言语的富丽，[黑线][黑线]#孟子义将夜叶红鱼#它引以自傲的是内容，不是虚饰。 ​​​
云开雾散14326,2,今天我的「微博等级」又升一级，记录一下我在微博的成就微博等级，升等级享好礼 ​​​我在通过微博支付积分商城做任务赚积分，积分轻松赚，礼品天天换，快来一起做任务赚积分吧！链接：做任务赚积分，豪礼送不停 ​​​我在这里 郑州 ​​​
盲目的宇宙飞行士,1,Sichen  夏末の初秋过渡妆，唇妆是一大亮点。@微博时尚 #美妆v赏#  L化妆不求人的秒拍视频 化妆不求人的秒拍视频 ​​​少年胯下有首诗-漫画工作室来新成员啦【大裤衩子】@盲目的宇宙飞行士 今天【衫男】被【大裤衩子】笑话说名字像粗俗的一身白布衫的汉子被深深的打击了呢[哈哈] ​​​抱歉，此微博已被作者删除。查看帮助：http://t.cn/Rfd3rQV毁一生！我只是想加入一个群而已结果我姓名性别班级长相全部都被爆了！！简直不能忍！！！然后我这次考试还靠栽了！！祝你们早日精尽人亡！！ ​​​#随手拍#田中你欺骗我感情！说好要借我烂手机一周玩亚瑟王结果你现在背着我离开玩上了苹果！太凶残不能忍！！！！不借你了！！！！！@ ​​​
马小宪20k,3,我用@悦动圈 走了4393步。已运动32天，共13.87万步。赞不赞？ http://t.cn/ROe1FGG ​​​我的微博等级达到Lv9喽！想想就有点小激动呢[太开心]小伙伴儿们快来看看你的等级好礼微博等级，升等级享好礼 ​​​我在通过微博支付积分商城做任务赚积分，积分轻松赚，礼品天天换，快来一起做任务赚积分吧！链接：做任务赚积分，豪礼送不停 ​​​@微博会员 这波操作，我给满分！我已通过会员校园活动领取麦颂50元代金券，嗨翻课余生活全靠它了！现在参与还有现金红包抽，人人有礼，就等你来！速来！寻找校园福利领取人 ​​​来蚂蚁森林，为支付宝的公益林浇水，给地球带来更多绿色。@微公益http://t.cn/RNDEOx1 ​​​我用@悦动圈 走了0步。已运动29天，共12.43万步。赞不赞？ http://t.cn/RNqg5NR ​​​我的微博等级达到Lv9喽！想想就有点小激动呢[太开心]小伙伴儿们快来看看你的等级好礼微博等级，升等级享好礼 ​​​我在#微博会员福利#中领取了【摩拜单车夏日礼包】。微博会员送福利，权益多多，你也来看看吧！>> ​福利权益免费领！ ​​​今天我的「微博等级」又升一级，记录一下我在微博的成就微博等级，升等级享好礼 ​​​我用@悦动圈 走了0步。已运动23天，共9.20万步。赞不赞？ http://t.cn/RC6z6Uh ​​​
洒一地阳光会幸福001,1,福建千里香燕皮大混沌诚招加盟商！保证是纯手工制作不掺假！联系电话18300729733 驻马店·古槐街区 ​​​
以太物88,5,看清身體印記，喚醒療癒密碼 Ⅱ●頸椎開始出現問題的時候，跟關節有很大的關聯，因為整個脖子裡面的僵硬，都是因為忌妒所引發出來的狀態....●沉默負重的肩膀與雙手背負了各種生活中的責任，到雙手的手肘裡面，整個雙手就是代表一個人對於責任放下、放心的程度....●為什麼有些人的皮膚會有斑點 ​​​ 全文　　在灵界和人世间，有一种「对映原理」，这世界中存在的物质，可以对映到灵界中无形的存在。自然界的太阳是灵界太阳所產生的……它只是替代品－－灵界太阳所散发的，灵流是灵界，灵人的生命之源，事实上，灵流自灵界到达自然界。人有灵人体和肉体，存在於肉体中的灵人体吸收灵流以此维持人类的生命！ ​​​ 全文http://t.cn/R9mhWJg人死后变成了灵人去到地狱的灵人－－是……那些看不到灵界存在的人，因為他们不瞭解自己的本心……他们不是如宗教所说，只因犯了许多恶行而去地狱，他们是自己选择去地狱的！这些前往地狱的灵人，在人世间时，忽略了真正属於心灵的本质，只关心经由物质、性、名誉和权力来满足肉体 ​​​ 全文来自地心世界的讯息— 科技 (我本人看到这段文字如同跟亲人一起在地心图书馆阅读资料 幸福的流下眼泪)科技促进我们的文明从地心世界向您问候。我是米可斯，你们来自地球内部的朋友。今天我们谈论地心世界的科技。在地心内部的我们技术都非常先进，所有这些技术都用来建设，而不是破坏我们的文明 ​​​ 全文http://t.cn/RWZYKVa只要該星球上的人不選擇獵戶帝國的政經體系，他們就不會棄之不顧。反之，大多數人類如果自願活在現在的經濟奴役和菁英軍隊警察治國的主奴體系(也就是獵戶帝國早在幾千年前就為原始部落派系設定的發展方向)，他們就不會再來，讓人類自己去體驗發生在獵戶帝國和其他類似星球的專制統 ​​​ 全文黄 ​​​真正的爱是从你里面自然涌现出来的喜悦，它没有原因， 也没有动机，只是去分享它所产生出来的喜悦。庄子为什么逍遥 就是因为爱 逍遥就是自在快活 ​​​http://t.cn/RWvote2　　这季的主题是关于振动频率的，我之前在第22季专门写过振动频率，这季我将会结合自己最新的研究和心得再深入写一下。触发这次写作灵感的是我最近看的一篇文章，这篇文章叫《我见过天堂》，地质学家阿瑟·严森1932年8月因车祸有了濒死经验，因此得到了轮回的知识与启示。这篇文 ​​​ 全文『當他人沒注意時，仍做對的事。稱之為「內外一致」。』1. 有管制自己負面的思、語、身之能力。2. 不以他人的看法來認識自己。3. 是個自我誠實者，外來的批評也影響不了他。4. 「內外一致」不是他的目標，那只是另一個外來的評斷。5. 是個覺察者，能覺察內在的人。他因能回歸自己的本質：靈魂 ​​​ 全文生命从来就不意味着劳苦工作和挣扎，而是喜悦与创造的旅程。 cobra ​​​
一块帮公益发起人,1,这个孩子从生下来爸爸离家出走，至今没有音讯妈妈生下她也离家出走，十二年了，就跟着六十多岁的奶奶生活，家境实在贫困，没有经济来源，仅靠着奶奶种着二亩农田相依为命，今天给孩子买了点吃的，花了99元，爱心人捐的内衣，给孩子600元 莱西·滨河路街区 ​​​【嘿嘿提醒：在评论区发表自己的独特观点有机会获得嘿嘿为你准备的惊喜福利哦~】诺贝尔奖跟你我有什么关系？还真有，而且关系大着呢！ 今日头条 http://t.cn/ROV6Wgf ​​​每天刷微信刷微博，你知道这背后意味着什么吗？ 今日头条 http://t.cn/RO2YB01 ​​​【没想到，美国赌城枪击案还能让中国人这样“躺枪”】（来自 @一点资讯）没想到，美国赌城枪击案还能让中国人这样“躺枪” ​​​【壮观！2000名学生军训场上演心肺复苏[威武]】近日，2000多名厦门医学院学生展示了军训成果。除了常规的格斗术、队列表演，他们还表演了心肺复苏和止血包扎等技术，独具医学院特色。一手video的秒拍视频 网友：值得分享，感觉人人都应该学！ ​​​【举着国旗通过交战区是杜撰？利比亚撤侨亲历者告诉你真相】边境关闭，手机通讯中断，怕被枪杀—“我想回家我要回家！”利比亚撤侨亲历者王本虎讲述6年前撤侨前后，证实《战狼2》情节：举着国旗通过交战区。到了边境，有的人护照丢了，就让他唱国歌，唱完就放行…人民日报的秒拍视频 @演说家speaker ​​​【“中国天眼之父”南仁东病逝 享年72岁[蜡烛]】国家天文台消息，“中国天眼”（FAST）首席科学家、总工程师南仁东因病，9月15日23时23分逝世，享年72岁。FAST是世界最大单口径射电望远镜，可接收137亿光年以外电磁信号。南仁东20多年“铸天镜”，没有他就没有FAST。致敬，送别！人民日报的秒拍视频 ​​​美国留学生在中国，中国留学生在美国，看完我对美国产生了质疑！局座张召忠与鲁豫在演说家担当评委。美国所倡导的民主，自由你们还认同吗？ 今日头条 http://t.cn/Rp8NGDN ​​​【每日头条】优质资讯精选，轻松知天下事 http://t.cn/Rpfx9F5，世界上任何地方都有其违宪违法的禁忌，从不存在绝对的、不用负责任的言论自由。禁忌可以源自宪政精神，也可以来自历史教训、文明观念。比如，德国不能宣扬纳粹，美国不能宣扬种族主义。就在上月，两名中国游客在德国柏林国会外做出纳粹 ​​​ 全文【每日头条】优质资讯精选，轻松知天下事 http://t.cn/Rp5jK3h ​​​
足彩NBA分析师-迪,10,群 231658753  进群暗号  888微博 ​​​足球 - 全场 滚球大小投注  [心]滚球推荐[心] 罗甲 01:45 12 维托鲁康斯坦萨 0-0 克卢日上半场1内大  重注#跟着大牛买足彩# #滚球体育# #足球体育# ​​​足球 - 全场 滚球大小投注  [心]滚球推荐[心] 葡超 01:15 6 塞图巴尔 0-0 马里迪莫上半场1内大  重注#跟着大牛买足彩# #滚球体育# #足球体育# ​​​足球 - 全场 滚球大小投注  [心]滚球推荐[心]  西丙2 23:30 62 米兰迪斯 1-1 布尔戈斯   全场3内大 #跟着大牛买足彩# #滚球体育# #足球体育# ​​​足球 - 全场 滚球大小投注  [心]滚球推荐[心] 阿尔甲 23:59 9 阿贝斯 0-0 巴拉特上半场1内大 #跟着大牛买足彩# #滚球体育# #足球体育# ​​​足球 - 全场 滚球大小投注  [心]滚球推荐[心] 法甲 23:00 中 摩纳哥 1-0 卡昂全场2.5大  可重#跟着大牛买足彩# #滚球体育# #足球体育# ​​​足球 - 全场 滚球大小投注  [心]滚球推荐[心] 英冠 22:00 69 诺定咸森林 1-0 保顿艾尔宾全场2内大  重注上车 #跟着大牛买足彩# #足球体育# #滚球体育# ​​​足球 - 全场 滚球大小投注  [心]滚球推荐[心] 德甲 21:30 63 奥斯堡 1-0 汉诺威96全场2大占位  补1.5大 #跟着大牛买足彩# #滚球体育# #足球体育# ​​​足球 - 全场 滚球大小投注  [心]滚球推荐[心] 意乙 21:00 62 比斯卡拉 1-1 艾维连奴全场3大占位  补2.5大   可重注#跟着大牛买足彩# #滚球体育# #足球体育# # ​​​足球 - 全场 滚球大小投注  [心]滚球推荐[心] 英冠 22:00 17 班士利 0-0 侯城上半场1内大  可重#跟着大牛买足彩# #滚球体育# #滚球体育# #足球体育# ​​​
不要焦躁nn,5,我啥时候中奖[允悲] ​​​#双十一任性宠粉# [微风]10W.10W.10W现金送2898个[doge]狗子们！！转发+关注@种草达人买买酱 和 @元气种草达人 11月1日零点第一波 抽111个111元现金 11月5日抽111位每人111元现金11月7日抽111位每人111元现金11月9日抽111位每人111元现金11月10日19:00最后一波 抽1位4999元和11位每人1111元你 ​​​ 全文天有点冷了 别着凉了抽1000块钱去买件衣服吧后天就开 这次不过滤僵死粉在不中我也没办法了啊转发关注就行 @微博抽奖平台 ​​​【继续放大招】iPad一部，让你边看教程边学做菜，早日成为大厨！希望你们喜欢~ [害羞] ​​​简单点，转+关注，明晚11点半抽一人4999！！然后还有今晚11点半转发里抽300人两块，赞里抽100人8.8，评论抽100人8.8.还不中的别灰心，请狠戳http://t.cn/ROkuuKJ这里今晚零点开始到11月11日，都有红包可抽，最大有1111。。@微博抽奖平台 另外通知，从现在到双十一，我的抽奖不会断，双十一当天会抽 ​​​ 全文抱歉，此微博已被作者删除。查看帮助：http://t.cn/Rfd3rQV今日迷信，明天会收到一笔意外之财。 ​​​结尾有大大大彩蛋(送4221元现金)！！！！！双11红包来啦，今晚0点可以领取，最大有1111元！双11红包入口：http://t.cn/ROF7u3U 淘口令：￥cmXk05ivsX0￥ ​​​(图3有领取和使用规则)(大彩蛋：转发此微博并关注我@白菜剁手菌 今晚0点后抽3个送111元，11月11号0点抽3个送1111元，5个送111元) ​​​搞！事情！啦 ！！！[吃瓜]这次准备了 iphone X + 美图m8 + 索 尼 + 口红转发关注我 + @白菜省钱君 就可以啦啦啦详细看图1 ！！ 11.3 开  @微博抽奖平台 快转吧[羞嗒嗒] ​​​转赞评，各抽一个送1000元红包！后天就开！双十一剁手红包来啦，零点开始，有1111元啊啊啊。 双十一红包入口，先码走，零点开始，今年好多1111元！入口：http://t.cn/ROkjs0J淘口令：￥BYFA05ie3oK￥ ​​​抱歉，此微博已被作者删除。查看帮助：http://t.cn/Rfd3rQV
灰原的帽子,7,买品质货找我就对了！卖的是高的性价比http://t.cn/ROj7d4c ​​​，下单前先了解购买须知和产品须知[太开心] ​​​不接急单。 ​​​买品质货找我就对了！卖的是高的性价比http://t.cn/ROj7d4c ​​​，下单前先了解购买须知和产品须知[太开心] ​​​不接急单。 ​​​买品质货找我就对了！卖的是高的性价比http://t.cn/ROj7d4c ​​​，下单前先了解购买须知和产品须知[太开心] ​​​不接急单。 ​​​买品质货找我就对了！卖的是高的性价比http://t.cn/ROj7d4c ​​​，下单前先了解购买须知和产品须知[太开心] ​​​不接急单。 ​​​买品质货找我就对了！卖的是高的性价比http://t.cn/ROj7d4c ​​​，下单前先了解购买须知和产品须知[太开心] ​​​不接急单。 ​​​买品质货找我就对了！卖的是高的性价比http://t.cn/ROj7d4c ​​​，下单前先了解购买须知和产品须知[太开心] ​​​不接急单。 灰原的帽子的秒拍视频 ​​​买品质货找我就对了！卖的是高的性价比http://t.cn/ROj7d4c ​​​，下单前先了解购买须知和产品须知[太开心] ​​​不接急单。 ​​​买品质货找我就对了！卖的是高的性价比http://t.cn/ROj7d4c ​​​，下单前先了解购买须知和产品须知[太开心] ​​​买品质货找我就对了！卖的是高的性价比http://t.cn/ROj7d4c ​​​，下单前先了解购买须知和产品须知[太开心] ​​​买品质货找我就对了！卖的是高的性价比http://t.cn/ROj7d4c ​​​，下单前先了解购买须知和产品须知[太开心] 不接急单 ​​​
暮礼Smile,10,说大话的人是不知道天高地厚的人，直到有一天，说大话的人挨了雷劈才知道原来自己不该说大话。                                                                  ————暮礼Smile晚安：）朋友们，祝您美梦成真！[拜拜][拜拜][拜拜] ​​​金牛女问自己的妈妈：“妈妈，你为什么生下我来是金牛座？”金牛女妈妈回答女儿：“对不起！孩子，妈妈也曾用同样的话问过你姥姥。”[哈哈][哈哈][哈哈] ​​​假如你爱上一个金牛女孩，想搞定她，那么最好的方法就是先搞定你自己，数一数你有几套房子，几辆车子，几张银行卡。[微笑] ​​​有时候，脑袋冷静，就觉得自己应该对自己好一点，但是，有时候，在疲于奔波忙碌的时光里，脑袋就变成了一缕透过树叶的光，一直在燃烧…                                                                        ————暮礼Smile ​​​别以为开玩笑就只是开玩笑，其实，玩笑话里藏真心，只是愚昧的人把它当作玩笑一笑而过而已。                                                                        ————暮礼Smile ​​​内心深处的悲伤是无法用任何方式掩盖的住的，强颜欢笑是很难看的。                                                                   ————暮礼Smile ​​​狮子男和白羊女结合的话，注定狮子男永远摆不过白羊女，狮子最后会甘败下风，是好一辈子乖乖听白羊的调遣。[允悲][允悲][允悲] ​​​水瓶男对射手女说：“你要懂得我爱你的方式，那就是在我需要你的时候你必须就在我身边，除我之外，你不要有其他男朋友。”[允悲][允悲][允悲] ​ ​​​想问女同胞们一个问题：为什么狮子女事业有成婚姻失败呀？[摊手] ​​​妈再跟你说一遍，你这个不争气的小双鱼崽子，你再这么搞外遇，你的这两个小双鱼崽子妈是不给你看了，臭小子……[坏笑][坏笑][坏笑] ​​​
瑛梓鄧Tina,6,愿佛祖佑护吾亲友远离一切灾厄，平安、健康、吉祥！ 国泰民安！阿弥陀佛[祈祷][祈祷][祈祷] 韶关·南华禅寺 瑛梓鄧Tina的秒拍视频 ​​​平凡，不意味着不成功。就像小草，虽没有大树挺拔，却同样以自己的力量装点着大自然。昔日，杜鲁门当选为美国总统时，有记者去采访他的家人。他弟弟朴实地说：“我为哥哥而感到自豪，他将是美国最优秀的总统之一。但我也同时为自己感到骄傲，我是一名农夫，我用自己的手养活自己，照顾父母。”所以， ​​​ 全文喝茶只需两个动作——拿起和放下。人生亦如喝茶，虽看着繁杂，其实又何尝不似如此简单？有些事何必纠结于心？有些人何必纠缠不清？很多时候，看淡一些，看轻一些，世事原本可以像喝茶一样，不过拿起和放下罢了。 ​​​​人无病不知痛，人无伤不知悲，人无苦不知离，人无恨不知恕。因果昭昭，世事循环，天下万物，不外此理。 ​​​​生命中，相遇的人很多，相知的人并不多；生活里，相识的人很多，相依的人并不多，大千世界，并不是缺少一个说话的朋友，而是渴望一个理解自己，读懂自己的朋友，芸芸众生，并不是没有相识的朋友，而是渴求一个适合自己，体会自己的朋友。假如，生命中，有这样一个人出现了，你一定记住一个词：珍惜！ ​​​在你绝望的时候帮你的不一定是你的同伴，也许是一个的陌生人方子强的秒拍视频 ​​​倚楼听风雨，淡看江湖路。 ​​​我很喜欢你 可是好像只能到这里了[微笑] ​​​​一直觉得这世界上的告别仪式挺多的，比如喝一场大酒，来一场旅行，或者情不自禁的在车站大哭一场。可是后来才知道，人生中大部分的告别是悄无声息的，甚至要很多年后自己才明白，原来那天的相见，竟然已是最后一面。此后即便不是隔山隔水，也没有再重逢。于是和一些人拥有过的美好，到最后 ​​​ 全文从今往后，以朋友之名，深爱、占有、不分手。                                                            ❀ 坎话 ​​​
时装达人168,6,套头高领毛衣女秋冬季加厚韩版百搭宽松可爱学生外穿2017时尚新款【包邮】【在售价】109.00元【券后价】49.00元【下单链接】http://t.cn/RWL8j0z-----------------复制这条信息，￥VeWX05FbZdX￥ ，打开【手机淘宝】即可查看 广州·大石 ​​​毛呢外套女中长款韩版2017秋冬款加厚学生妮子斗篷牛角扣呢子大衣【包邮】【在售价】158.00元【券后价】128.00元【下单链接】http://t.cn/RWL8JEF-----------------复制这条信息，￥gpvb05F0IW9￥ ，打开【手机淘宝】即可查看 广州·大石 ​​​2017秋冬季新款韩版ulzzang宽松连帽卫衣女中长款套头上衣连衣裙【包邮】【在售价】59.00元【券后价】39.00元【下单链接】http://t.cn/RWL8b1a-----------------复制这条信息，￥sLwP05F0PGm￥ ，打开【手机淘宝】即可查看 广州·大石 ​​​2017春秋装新款韩版宽松百搭连帽套头卫衣女薄款外套假两件上衣潮【包邮】【在售价】49.90元【券后价】29.90元【下单链接】http://t.cn/RWLQBim-----------------复制这条信息，￥4Ts205FZqEE￥ ，打开【手机淘宝】即可查看 广州·大石 ​​​黑色打底裤女裤外穿秋冬季2017新款韩版百搭秋季紧身小脚铅笔长裤【包邮】【在售价】59.00元【券后价】29.00元【下单链接】http://t.cn/RWLQNd0-----------------复制这条信息，￥JNcL05FZRc1￥ ，打开【手机淘宝】即可查看 广州·大石 ​​​上班族和久坐族的必备的21种按摩手法！学会了可以造福对象，也可以转给另一半让TA学会了帮你按，按完之后会非常的舒服！不过要注意力度和安全哈~[太开心]每天按摩15分钟，身材不臃肿，体重控制2位数！赶紧来试试[来]全球健身中心的秒拍视频 ​​​2017秋冬季新款女装纯色套头长袖打底针织衫罗纹宽松圆领时尚毛衣【包邮】【在售价】179.00元【下单链接】http://t.cn/RWZzJXQ-----------------复制这条信息，￥lRaH05Ks9S9￥ ，打开【手机淘宝】即可下单 广州·大石 ​​​港欧时力代2017新款冬季女装宽松羊毛呢双面呢大衣外套2JM4340680【包邮】【在售价】599.00元【券后价】579.00元【下单链接】http://t.cn/RWZz5eQ-----------------复制这条信息，￥OR6r05KsYUr￥ ，打开【手机淘宝】即可查看 广州·大石 ​​​摩安珂馨妮2017冬季女装新款复古高腰拉链A字半身裙MA174SKT101【包邮】【在售价】169.00元【下单链接】http://t.cn/RWZzbhG-----------------复制这条信息，￥NyFz05Ks1A9￥ ，打开【手机淘宝】即可下单 广州·大石 ​​​港欧时力代2017新款女秋冬猫咪卡通贴布棉铅笔牛仔长裤1JY3066110【包邮】【在售价】199.00元【下单链接】http://t.cn/RWZzwzY-----------------复制这条信息，￥qFqm05KIui7￥ ，打开【手机淘宝】即可下单 广州·大石 ​​​
速改师,1,#探出小脑袋# 这样的下雨日，让我的心里好堵塞，因为好闲，人一闲下来就要想好多事情。我是速改师在这个时候与大家分享一下。今天卡奴怒袭广东省，让我觉得人生中不就是这样吗？说不定什么时候，什么地点，就会有一种强有力的冲击力向着你袭来，这个时候我们要做到的就是未雨绸缪。那怎么样才能做到囊 ​​​ 全文#今日贴纸打卡# 又到了速改师为大家小小改变的时候了，有没有很期待啊。今天要给大家分享的就是不要因为自己的状态不好就让自己懈怠。其实每个人都有状态不好的时候，但是能让自己的状态不好的时候都做的比别人好，这样的你还怕把自己不够强大吗？我是一个篮球教练，我让孩子们快乐的时候也把自己得到 ​​​ 全文#宝宝的小情绪# 又是一次发文站，今天给大家分享的是当爱情要离开的时候你应该怎么改变。现在的社会不能在一起的爱情多不胜数，因为家庭，因为金钱，因为陪伴，因为距离。仔细想一想这些莫不是找出来的借口吗？当一个人真的爱你，选择你的时候这些就早已经明白了。到最后分开，其实也就是因为她本来就 ​​​ 全文#你好老铁# 如期而遇的发了这样的微博，我是速改师，很高兴自己给自己一个这样的称谓。不知道大家发现没有，社会有时候很公平，有时候却很捣蛋。他把本来属于你的东西却让你费很大的力气才能得到。就像爱情一样，在这个物质社会横流的年代，保持住自己的那份爱情真的很难，但是你又不想放弃去找和你差 ​​​ 全文#今日贴纸打卡# 今日的晨光让我们又要改掉之前的懒散，精神焕发的迎接现光。如何改变自己，从现在做起[微笑][太阳] ​​​#生活如诗#曾经想过繁华如星的将来，曾经想过手牵手走到白头的夜晚，曾经更想过环游世界的时候还有你陪伴在我的身边，可这一切的一切却都是想过。现如今走在没有尽头的夜马路上，想着自己如今的生活，只不过是一种过渡，幸好没有……。躺着的时候遐想，睡起来了就奔波。这个时候我只想告诉自己，所有的 ​​​ 全文快来看超高人气单图《我奥》http://t.cn/R6XPtML（分享自 @人人网） ​​​静静的我离开了，但是回来的时候我要经天动地 ​​​时间总能让真正的人在一起【【夏日么么茶】《裸婚时代》动人剧情】 《裸婚时代》动人剧情 ​​​施恩遭怨【【电乐乐】富家女嫁给穷小子，4年穷小子翻身怒离婚，富家女失控大哭】 富家女嫁给穷小子，4年穷小子翻身怒离婚，富家女失控大哭 ​​​
O三羊开泰O,4,【科目三怎样一次性通过？只要做到这些，稳过！】一踩离合二挂挡，三转灯四看镜，五放手刹六抬脚。科目三考试是路考的最后一关，怎样一次性拿下？技巧都在这里了↓↓知车善用的秒拍视频 ​via人民日报 ​​​【驾考新规开考首日，某考场全军覆没？！[允悲]】10月1日起，驾考新规正式实施。网传南宁某考场科目二考试全军覆没…还有教练反映，在使用新规考试的第一天，科目三150人参考，仅1人通过[伤心]原因是：新旧规则交替期间，培训时仍然按旧规定训练...[话筒]划个重点，看下新规有哪些变化！（后厂村之花） ​​​【速转这份新驾考“通关秘籍”，助你驾考一次过！】10月10日，“史上最严驾考新规”开考，全国多地合格率明显下降。新旧规则交替期间，新版评判标准一定要记牢：210秒内未完成倒车入库不合格、90秒内未完成侧方停车不合格、下车开车门前不回头看不合格…驾考新规评判标准+驾驶技巧↓转给正在学车的TA！ ​​​ 全文#就业有位来#【[推荐]9张图，让你瞬间变PS高手、职场达人，转起学习！】 ​​​【惊！诺贝尔医学奖发现“熬夜令人变丑变笨” 你还敢晚睡吗？】今年诺贝尔生理学和医学奖获得者研究发现，熬夜会令人变丑变胖变笨。现在越来越多人熬夜，且多与手机有关。医生：长期熬夜易导致高血压、内分泌异常，代谢紊乱引起糖尿病，甚至肿瘤。看看新闻Knews的秒拍视频昨晚你几点睡的？ ​​​【惊！诺贝尔医学奖发现“熬夜令人变丑变笨” 你还敢晚睡吗？】今年诺贝尔生理学和医学奖获得者研究发现，熬夜会令人变丑变胖变笨。现在越来越多人熬夜，且多与手机有关。医生：长期熬夜易导致高血压、内分泌异常，代谢紊乱引起糖尿病，甚至肿瘤。看看新闻Knews的秒拍视频昨晚你几点睡的？ ​​​#环球微评#【中印边界“示好”比“怒怼”强】有印度媒体报道说“中国在边境地区增兵”，据说为此印度国防部长急匆匆地赶到中印边境地带。而在与中国解放军边防官兵隔着边界面对面交流时，这位女防长向中方军官双手合十致意，表示“你好”。中国军官也以“你好”回应。撇开女防长此行的实际目的，单就“ ​​​ 全文【高一到高三所有的数学公式，接稳喽～[赞] ​​​】因为 关晓彤会解二元一次方程，所以得到了爱情。所以你的数学成绩还好吗？[嘻嘻] ​​​【拉斯维加斯警方公布枪手身份 并已锁定与枪手有关的女性】拉斯维加斯警方公布，枪手名为史蒂文·帕多克（Stephen Paddock），64岁的当地居民。警方还称，基本确定锁定了与枪手同行的那名女性的藏身地点。此前警方称，在枪手射击的房间内警方发现了大量武器，目前已经对枪手的住所下达了搜查令。美国总 ​​​ 全文#拉斯维加斯枪击# 【旧金山总领事馆成立赌城枪击案应急工作组】旧金山时间10月1日晚，拉斯维加斯发生枪击案，中国驻旧金山总领馆正密切跟踪事件进展，迄未尚未收到中国公民伤亡情况报告。事件发生后，我馆在第一时间成立了以罗林泉总领事为组长的应急工作组，我们将继续与美方保持密切联系，了解中国公 ​​​ 全文
暧昧的稳,4,苦难不是生命的全部却摧毁了一半的幸福，在无法预知的流年中美与丑、真与假似乎都是难以形容的事物，一切的不安也许已经为竞争的过程打开了冲刺的阀门，终点是句号还是逗号亦或是省略号依然要从开头那个结尾说起。     ————勤静忍《水晶球的秘密2:黎明的黄昏》 西安·韦曲 ​​​迷雾的斑驳遮掩了真相的残忍，在理性和意见的智慧锦囊中夹杂着理智的认识，残缺的记忆抹杀了往昔的完满，在激情和堕落的情感交换中裹挟着幸福的光影，生命的轮转似乎依然是原来的样子，没有加快的速度也没有减缓的频率。     ————勤静忍《水晶球的秘密2:黎明的黄昏》 西安·韦曲 ​​​简单的复杂的好像来自于外部其实来自于内心，沉重的轻松的好像主宰着别人其实只是束缚了自己，浩瀚的渺小的好像自然的全部但却是意志的缩影，一切的平衡都在恒定中发生着变化，无论是幸福的光临还是痛苦的侵扰。    ————勤静忍《水晶球的秘密2:黎明的黄昏》 西安·韦曲 ​​​忧伤总是没完没了地影响着欢乐的频率，在和谐快要到达光辉的顶点时动荡又纷至沓来，孤独总是没完没了地打断着温馨的画面，在勤奋将要赢得成功的奖赏时倦怠又鲸吞一切，陌生总是没完没了地模糊着熟悉的面孔，在非凡即将摘取华美的王冠时平庸又卷土重来，所有的安宁总是那样短暂，就像流星美得璀璨却只有 ​​​ 全文光明总是来得很晚但它终究会降临，当血红的烈焰驱逐了残留在眼眸里的忧伤时，温馨的色调从来都不是一种简单的寄托，救赎总是陷入被动但它终究会觉醒，当宽恕的力量扑灭罪恶的欲念获得博爱的褒奖时，谦卑的认错从来都不是一种仓促的敷衍，信任总是沾满谎言但它终究会逃离，当深厚的情谊划破虚伪的面具照 ​​​ 全文法籍华裔作家高行健的长篇小说《灵山》。。。[心][心][心] 西安·韦曲街区 ​​​理性与感性只差冲动的距离，却让两张熟悉的面孔从此变得陌生，幸福与痛苦只差感悟的距离，却让迷惘的心灵找不到归宿，战争与和平只差杀戮的距离，却让权力的王座充满了纷争，一切的孤独并不是别人创造的而是自己封闭了自己，那些打开心结拥抱天窗的生命终究会得到梦想的眷顾。    ————勤静忍《水晶 ​​​ 全文忧伤有时候并不是来自外部而是来自内心，所有的苦闷也许只是失去了控制的平衡，当心态完全达到真正的平和时快乐就会在不知不觉的蹉跎中悄然而至。    ————勤静忍《水晶球的秘密2:黎明的黄昏》 ​​​一切的苦痛似乎都在为下一次的幸福积蓄着能量，而下一次的幸福似乎又在绝望的尽头孕育着苦痛，所有的情感似乎都在轮回的轨道里周而复始地变化着、循环着，好像昨天和明天的距离那么远又那么近。    ————勤静忍《水晶球的秘密2:黎明的黄昏》 西安·韦曲 ​​​阴暗的气息远离了黑夜的源头是否就可以感受到微弱的光明，光明的足迹踏遍了白昼的内外是否就可以感受到阴暗的存在，虚幻的梦魇阻隔了现实的无情是否就可以感受到星月的拥簇，星月的温暖点燃了火热的激情是否就可以感受到梦魇的侵袭，权力的纷争扼杀了自由的翅膀是否就可以感受到至上的荣耀，荣耀的花火 ​​​ 全文
那年认真的雪,1,不要总为一件不开心的事情耿耿于怀。 ​​​
爱谦1亿年,1,怎么说也快千万粉了，这次就在这条微博的转发里抽6个粉丝送你们一人666大洋庆祝一下吧。国庆过完开，么么哒[羞嗒嗒] ​​​
贾舒涵kita,6,"“如果有一天，我们结婚了，我只希望，那是因为爱情。我想和你走到最后，相濡以沫，携手终身。我怀着这样的想法和你在一起，为了到花甲之年依然有句我爱你。” ​​​​“一直都想告诉你     其实我过得没那么好     还是常想你  经常梦见你      只是时间让我学会了闭嘴     因为 孤独是常态     很多路都要一个人走    熬过去就好了” ​ ​​​♡         变心是本能 忠诚是选择        很开心你能来 不遗憾你离开        不能相濡以沫 那就相忘于江湖        从此 一别两宽 各生欢喜 ​ ​​​​人生本来就没有相欠别人对你付出，是因为别人喜欢你对别人付出，是因为自己甘愿情出自愿，事过无悔 ​​​​如果你是微胖或想快速瘦全身，可以试试这套10天快速减脂教程，无论你是想瘦腿、瘦腰、美臀还是练马甲线，都可以用这套动作，快速减肉的朋友一定要马！ S小姐的完美身材的秒拍视频 ​​​当你觉得她不再如初见时那般“乖巧懂事”，当你觉得她变得越来越“无理取闹”，这说明她已对你的爱越来越深，也说明了你对她的爱越来越少。 ​​​​路，在不通时，选择拐弯，心，在不快时，选择看淡；情，在渐远时，就选择随意。 ​​​​张爱玲曾经说过：""忘记一个人只需要两个东西，时间和新欢。你选择了新欢，而我选了时间。 ​"" ​ ​​​​有钱才敢做最真实的自己，没钱只能做别人喜欢的自己。 ​​​​人生本来就没有相欠别人对你付出，是因为别人喜欢你对别人付出，是因为自己甘愿情出自愿，事过无悔 ​​​​"
宇稳灵儿,3,谁说走路就是拼步数，走过1000就算赢！我已经在微博运动完成了首个千步行走，赢得蜗牛侠勋章一枚！等你来走！ ​​​我在这里 泰兴·张桥镇 ​​​今天我的「微博等级」又升一级，记录一下我在微博的成就微博等级，升等级享好礼 ​​​今天我的「微博等级」又升一级，记录一下我在微博的成就微博等级，升等级享好礼 ​​​分享一个不错的MV：Heize-《和你在一起的时间里》（来自 @酷狗音乐 海量曲库，极致音质）http://t.cn/R0dsGEC ​​​【一起转发这条微博！和爱豆唱出#我爱你中国#】快来和@TFBOYS组合 一起唱《我爱你中国》！除了在微博上传自己的演唱视频，你还可以在秒拍#我爱你中国#活动专区上传视频！参与活动不仅有机会获得定制奖品，你的精彩视频还可能和偶像一起，亮相公交、地铁和城市大屏！ 人民日报的秒拍视频 ​​​#王俊凯金九18成人礼# [美国]#王俊凯芭莎金九连创三纪录# 下一站，USA [飞机]️[飞机]️[飞机]️@TFBOYS-王俊凯 上海·上海浦东国际机场 ​​​分享图片 泰兴·张桥镇 ​​​#微博卡片背景#  青春正当时，我有我的Young！我正在使用90后的回忆“致青春”会员专属卡片背景，一起换上卡片，秀出独特的你！ 卡片背景：致青春 ​​​
f美x丽y坊,4,[红灯][红灯]最近你的皮肤痒吗❓好多人最近脸上为什么总是不时地发痒 脱皮💥甚至有刺痛感？这是过敏了吗？[向右] [向右] 想告诉大家 是换季❗ 不要再错误的把这种皮肤症状理解确认成过敏啦，这是缺水的信号！！[眨眼][眨眼] f美x丽y坊的秒拍视频 ​​​⚜小白瓶[5]️大功效 : 祛痘、祛痘印、收缩毛孔、粉刺、嫩肤、美白。[5]️大亮点: 排毒、纯草本、无激素、不依赖、不复发无副作用。   五个功效一个对策、那就是使用中药小白瓶‼️ ​​​【小黑瓶】🌿纯中药祛斑霜：熊果素，天然维生素E，维生素C，，上等珍珠粉，茯苓，等40多种纯中药研制而成❗️淡斑，去黄美白，细致毛孔，修复红血丝，完美的肌肤是养出来的❗️纯中药美白祛斑霜可以做到‼️ ​​​领取方式： 18块运费＋转发朋友圈，包包免费送。亏钱送福利只为充实朋友圈[玫瑰] ​​​明星同款时尚热销双肩小包，超大容量，出街必备，稳赚回头率）[爱心]️[爱心]️[爱心]️ ​​​[4]，本宝宝送福利啦[气球]时尚卷发梳，简单大方！主要实用[机智]有人想要吗？想要的私信我：我想要卷发梳[勾引]喜欢的点赞告诉我…… ​​​3，本宝宝送福利啦[气球]火烈鸟，简单大方！主要实用[机智]有人想要吗？想要的私信我：我想要保温杯[勾引]点赞告诉我多少人想要[鼓掌][鼓掌][鼓掌] ​​​2️⃣，本宝宝送福利啦[气球]时尚包包，简单大方！主要实用[机智]有人想要吗？想要的私信我：我想要包包[勾引] 3 ​​​[1]，好久没给大家送福利啦，所有小主们，关注朋友圈，加宝宝微信  给大家送礼啦[礼物] ​​​
纯水年华,5,#世界晚安#【一段视频，感受秋意浓[好喜欢]】山西运城中条山的树叶开始变红了，从空中俯瞰，山岭五彩斑斓。你那里的秋色如何[月亮]（央视）央视新闻的秒拍视频 ​​​【别人家的学校！山东一小学高尔夫成必修课】山东济南，经五路小学将高尔夫球运动引入校园，建起了600平方米的练球场。高尔夫不但作为社团选修课，还成为三年级的必修内容[并不简单]#小未看教育#你怎么看？[思考]一手video的秒拍视频 （梨视频） ​​​【小伙单膝跪地求婚 女友反手就砸来一个苹果[费解]】小伙和交往7年的女友一起摘苹果时，突然单膝跪地，掏出戒指向女友求婚，谁知女友反手就往他头上甩了一个烂苹果...原来，由于小伙以前拿假求婚恶搞了太多次，让女友以为这回又是“狼来了”的故事。不过，求婚过程虽稍显曲折，结局还是一口狗粮[doge]  ​​​ 全文#老外看中国#【中国共产党领导的改革为什么成功？法国前政要如是说——】法国前总理“让-皮埃尔·拉法兰”对很多中国人而言并不陌生。中国的改革与发展，始终是他密切关注的话题。拉法兰认为，中国共产党的高效领导力是中国快速发展的关键... ↓↓ 参考消息的秒拍视频 ​​​【党代会在身边：小哥地铁手机收听 雄安新区人民撑伞观看】#十九大召开#之际，全国各族人民满怀期待。不少网友在网上发布信息，表达喜迎十九大的欢快心情。 党代会在身边：小哥地铁手机收听 雄安新区人民撑伞观看 ​​​【习近平：青年兴则国家兴，青年强则国家强】青年一代有理想、有本领、有担当，国家就有前途，民族就有希望。中国梦是历史的、现实的，也是未来的；是我们这一代的，更是青年一代的。中华民族伟大复兴的中国梦终将在一代代青年的接力奋斗中变为现实。#十九大召开##青春中国梦·圆梦中国人# ​​​#十九大召开#【习近平：坚持房子是用来住的、不是用来炒的定位】习近平：坚持房子是用来住的、不是用来炒的定位，加快建立多主体供给、多渠道保障、租购并举的住房制度，让全体人民住有所居。 ​​​#领航中国#【十九大开幕前一天，震撼大片《领航》上线！】2012年，新一届中央领导集体登上历史舞台时，中华民族正站在一个前所未有的关键节点上。回首5年，时代的天空风起云涌。面对世情国情党情深刻变化，以习近平同志为核心的党中央如何引领中国号巨轮破浪前行？#十九大召开# 新华视点的秒拍视频 （ ​​​ 全文#微观十九大#【中国共产党第十九次全国代表大会今天上午9时在北京人民大会堂开幕，央视新闻新媒体现场直播】 央视新闻的微博直播 . ​​​【这个活动凭什么7个月吸引了上千万孩子参与？原来是“向习爷爷说句心里话”】“习爷爷，您好！我是一名少先队员，我们都觉得您很伟大，把党和国家管理得井井有条。我一定好好学习全面发展，长大后报效祖国。”今年，全国少先队组织普遍开展“喜迎十九大—我向习爷爷说句心里话”主题活动，究竟是什么 ​​​ 全文
寒山月5366,3,分享图片 咸阳·土桥镇 ​​​3\苹果可帮助护理秀发:用苹果制成的苹果醋可帮助肌肤去除头屑，护理秀发效果非常好，可在清洗干净头发之后直接倒适量苹果醋在头发上，并进行轻柔地按摩直至苹果醋中的营养被头发所圾収后再清洗干泽即可，头屑比较严重的美眉可以尝试哦! 咸阳·土桥镇 ​​​我发表了头条文章:《苹果可帮助肌肤平衡油脂分泌》 苹果可帮助肌肤平衡油脂分泌 咸阳·土桥镇 ​​​我发表了头条文章:《怎样用苹果来美容？》 怎样用苹果来美容？ 咸阳·土桥镇 ​​​分享图片 咸阳·土桥镇 ​​​分享图片 咸阳·土桥镇 ​​​#今日贴纸打卡# 想要好苹果找我[握手] 咸阳·土桥镇 ​​​
AA奢侈品复刻批发,4,一直在供最好的货给亲们，买的实惠，去专柜无压力。微信号:KT8862 ​​​一直在供最好的货给亲们，买的实惠，去专柜无压力。微信号:KT8862 ​​​一直在供最好的货给亲们，买的实惠，去专柜无压力。微信号:KT8862 ​​​一直在供最好的货给亲们，买的实惠，去专柜无压力。微信号:KT8862 ​​​一直在供最好的货给亲们，买的实惠，去专柜无压力。微信号:KT8862 ​​​一直在供最好的货给亲们，买的实惠，去专柜无压力。微信号:KT8862 ​​​一直在供最好的货给亲们，买的实惠，去专柜无压力。微信号:KT8862 ​​​一直在供最好的货给亲们，买的实惠，去专柜无压力。微信号:KT8862 ​​​一直在供最好的货给亲们，买的实惠，去专柜无压力。微信号:KT8862 ​​​一直在供最好的货给亲们，买的实惠，去专柜无压力。微信号:KT8862 ​​​
东北电商,10,庄淑秋新款兔毛绒挂脖圆领毛衣女套头宽松韩版袖子开口针织衫上衣庄淑秋新款兔毛绒挂脖圆领毛衣女套头宽松韩版袖子开口针织衫上衣 ​​​分享图片 ​​​分享图片2017年秋装新款妖都韩版大码女装宽松长袖外套圆领卫衣 ​​​朋友们，多多支持，本店销售要的人气，不要货，保证质量。2017年新款秋冬女装短款显瘦呢子大衣毛领都市韩版毛呢外套 ​​​连帽卫衣2017新款女秋韩版潮学生宽松bf 加绒加厚中长款宽松外套 ​​​2017新款秋装长袖T恤女纯棉韩版宽松学生秋季百搭外穿秋冬打底衫 ​​​连帽卫衣2017新款女秋韩版潮学生宽松bf 加绒加厚中长款宽松外套 ​​​2017秋冬新品韩版百搭纯色圆领喇叭袖貂绒毛衣女套头兔毛打底衫潮2017秋冬新品韩版百搭纯色圆领喇叭袖貂绒毛衣女套头兔毛打底衫潮 ​​​庄淑秋新款兔毛绒挂脖圆领毛衣女套头宽松韩版袖子开口针织衫上衣庄淑秋新款兔毛绒挂脖圆领毛衣女套头宽松韩版袖子开口针织衫上衣 ​​​半高领貂绒毛衣女套头秋冬高腰短款貂毛韩版宽松保暖兔毛针织衫厚半高领貂绒毛衣女套头秋冬高腰短款貂毛韩版宽松保暖兔毛针织衫厚 ​​​
花花世界中的女人,5,"【奥巴马将重返政治舞台 为州长选举站台】据美媒报道，美国前总统奥巴马卸任将近十个月，19日将首度重返政治舞台。他将参加新泽西州和弗吉尼亚州的州长选举造势活动，为民主党候选人拉票。报道称，11月7日举行的这两场州长选举被视为2018年期中选举的前哨战，也是对特朗普和共和党的一次重要测试。 ​​​【朴槿惠狱中读《德川家康》 韩媒：该书反映其内心抱负】“希望政治报复在我这里画上句号。”韩国前总统朴槿惠16日庭审的一句话引发余震不断。《东亚日报》18日报道，朴槿惠正在读日本小说《德川家康》（韩文版书名《大望》）。韩政界分析，朴槿惠或许想效仿德川家康，以忍耐之心迎来无罪释放，并重返 ​​​ 全文来了，来了。 俄国民主制度一个新星，克谢尼娅·索布恰克。其实，星， 她早就是了，莫斯科名媛，电视主持人，演员。白富美不说，还是官二代。她老爹是前彼得堡市长，普京的人生导师。 索布恰克今天宣布参加总统大选， 跟普京叫板。不过，普京还没正式宣布是否要竞选连任。很多反对派人士认为，她是在帮 ​​​ 全文【欧盟峰会上各国对加泰独立保持缄默：属西班牙内政】在西班牙政府19日宣布取消加泰自治后不久，欧盟召开例行峰会，却丝毫未提加泰问题。欧盟理事会主席称，“不认为欧盟应插手”。当日，法国、德国及荷兰领导人都表示，相信西班牙政府能妥善处理此事。据《路透社》援引在场欧盟官员，因为”惹恼马德里 ​​​ 全文#Ask Professor Michael about America# 您想更加了解美国吗？您对我们的习俗和传统有过好奇吗？您想知道在美国生活是什么样的？在美国工作是什么样的？在美国学习是什么样的？我将回答我的中国朋友们对我美丽国家的任何问题。请尽管问我！ ​​​【马云“忽悠”莫斯科大学生：我们有点钱，来一起做大事】18日晚，马云在莫斯科大学演讲，在分享成功经验后，马云向在场大学生宣布，阿里巴巴将在莫斯科建一所科学实验室，“我们有技术、数据和用户，当然还有一点钱”，希望有志青年与阿里巴巴一同努力，干件大事！ @时间视频 大佬时间的秒拍视频 ​​​祝贺！ ​​​#直播十九大#习近平说，坚持房子是用来住的、不是用来炒的定位，加快建立多主体供给、多渠道保障、租购并举的住房制度，让全体人民住有所居。#十九大全民观察团# ​​​刚来美国不知道这十条规矩被坑的很惨……Jeremy_杨家成的秒拍视频 ​​​An #American# named Tyson Walters is the proud owner of a huge Saint Bernard named Harley. He became frustrated when taking Harley for car rides because of all the hair Harley would shed. It went everywhere! So, he invented these hilarious, but practical dog leotards. #dogs# ​​​"
焕我生活abcd,2,"我在#微博会员福利#中领取了【汉堡王套餐抵用券】。微博会员送福利，权益多多，你也来看看吧！>> ​福利权益免费领！ ​​​[鱼]在这个移动互联网时代，资源整合是非常重要的！如果你也有实体店，欢迎你加入我们一起最好卖的发财面膜！要知道线上线下相结合一起赚钱两不误，一份房租两份收入！她可以——你也一定行‼️ 遵义·鸭溪镇 焕我生活abcd的秒拍视频 ​​​我参加了#微博会员福利#【会员特卖专场】，会员专享特价买买买！微博会员送福利，权益多多，你也来看看吧！>> ​福利权益免费领！ ​​​我卖的是顾客脸上的灿烂笑容我卖的是顾客由内而外的自信我卖的是顾客成就自我的魅力没错，我就是卖焕面膜的[捂脸] ​​​赶货赶货 焕我生活abcd的秒拍视频 ​​​,加油，让每一位患者都得到圆满的康复 焕我生活abcd的秒拍视频 ​​​[鱼]焕面膜最服帖，最薄[爱心]30ml精华天丝材质 最利于皮肤快速吸收到达真皮层让你皮肤由内而外喝饱水[水滴] ​​​快递哥哥也真够你忙的，又发货了[憨笑][憨笑] 焕我生活abcd的秒拍视频 ​​​[鱼]面膜这么多，为什么还要选择焕面膜❓给你三大理由够不够❓❗️焕我生活焕面膜[vs]其他面膜的区别❶普通面膜：大分子补水    焕面膜： 小分子精华！这样才能够真正深层补水❷普通面膜：一般服贴度    焕面膜：连同颈部360度包裹❸普通面膜：精华一般在20ml     焕面膜：精华含量为30ML💧 ​​​[鱼]焕面膜是我卖货最有底气的产品，也是我这辈子用过最多的面膜‼️正因一个好的产品，觉得物超所值，才会发自内心地推荐。到现在总有我不认识的人加到我，我问是谁推荐的，说出的名字总让我惊讶。因为更多是平常没说过话的朋友微友，默默关注你身边有人想做微商第一个就想推荐你。这是深入人心的东西 ​​​ 全文"
荷cYe不颜,1,"小时候总想长大，长高到能够到脚蹬子。我正在使用""胡同里的自行车""封面图，好漂亮，你们都快来试试！http://t.cn/RU1uJVF ​​​"
周红艳66,3,坐姿不良、低头玩手机、长时间吹空调…这些都是颈椎病的诱因。严重的颈椎病甚至影响走路，导致瘫痪！颈椎病该怎样自测？如何正确保养颈椎？…实用颈椎保养手册↓↓转给低头族！ [来] ​​​【颈椎放松操】今天教大家一套缓解治疗颈椎病的操，一共5个动作，每个动作一分钟，非常实用，分享给电脑、办公族们！ ​ ​ ​​​​加我微信有红包 十堰·红卫路街区 ​​​加我微信有红包 随州·环潭镇 ​​​加我微信有红包 武汉·金色港湾 ​​​今天我的「微博等级」又升一级，记录一下我在微博的成就微博等级，升等级享好礼 ​​​加我微信有红包 武汉·金色港湾 ​​​加我微信有红包 武汉·金色港湾 ​​​
小娇088,5,藏在诗词里的好名字。 ​​​助力十三五，天津最棒 ​​​【宝坻区筹建滨海国际机场候机楼】#宝坻出行#近日，区招商局与天津滨海国际机场就在宝坻筹建异地城市候机楼事宜进行深入洽谈，并达成初步合作意向。候机楼将提供出票、值机、航班信息等服务，方便宝坻区市民出行。 ​​​【宝坻传说：罗士信死于宝坻淤泥河】#文化宝坻#相传，罗士信是唐代一位少年将军，从唐太宗李世民东征高丽时路过宝坻，坐骑误入淤泥河，不得脱身而死，后被葬于宝坻城北，其后人一直在此守墓，逐步衍化成罗家庄，遂有罗将军墓的传说。  ​​​【宝坻的小伙伴们，要供暖啦！】#宝坻播报#根据市有关精神，宝坻区于11月12日00:00分开炉点火，进入低温运行阶段，11月15日正式达标供热。 ​​​【宝坻592路公交新增站点】#宝坻出行#为增加区内公交辐射范围，提高公交分担率。592公交线路新增设4个站点：金和园、和远小区、领秀城和御景华城。 ​​​【宝坻做好供热准备】#宝坻播报#近日，冠城公司供热所7名司炉人员用13天时间不辞辛苦将锅炉8个脱硫池清理完成，为供热期的正常运行做了充足准备。 ​​​【今日起宝坻限行】#宝坻出行#①时间：11月6日0点-11日24点，每天3点到24点；②本市号牌机动车，在全市范围内包括区县限行；③外地号牌机动车，在外环线以内（不含）限行；④单日允许单号行驶，双日允许双号行驶，尾号为字母的按双号管理。⑤上述限行措施期间，本市暂停实施尾号轮换限行措施。 ​​​【宝坻5岁评剧小票友获市级奖项】#宝坻播报#近日，在宁河县举办的天津电台区县联盟评剧票友大赛颁奖会上，宝坻区“全国十大名票”运怀君的徒弟于晴晴（5岁）获少儿组二等奖，震撼全市评剧票友。 ​​​【宝坻小伙儿登陆央视开门大吉】#宝坻播报#11月10日（下周一）晚7点半宝坻小伙儿杨继兵闪亮登场CCTV3开门大吉栏目，实现家庭梦想，传播上善宝坻。小伙伴们千万记得观看呀！下周二宝坻报宝坻周末还将同步推出专题报道，敬请关注！ ​​​
山东华劳人力资源有限公司,3,华劳集团股份有限公司——人力资源公司主营产品工伤保险产品—工伤伞，工伤伞华劳集团旗下山东华劳保险代理有限公司与太平洋保险、新华保险共同研发打造，旨在规避员工发生工伤、职业病、意外伤害给企业带来经济风险的全面雇主责任保障产品。另外劳务外包、劳务派遣等华劳  http://t.cn/RCIbFdU 德 ​​​ 全文遇见的人多了，你才会明白哪些人值得用生命去珍惜，而一些人只适合绕道而行。http://t.cn/RCY7yzP　　学会一个人生活，不论身边是否有人疼爱。做好自己该做的，有爱或无爱，都安然对待。http://t.cn/RpaC4W4　　世上没有一件工作不辛苦，没有一处人事不复杂 。你排斥现在的不愉快，光阴也不会过得 ​​​ 全文华劳  http://t.cn/RCIbFdU 德州 http://t.cn/R6SvndB 德州 http://t.cn/R6Svnd1 天津 http://t.cn/R6Svndr 济南 http://t.cn/R6LhF85 ​​​仰头不是骄傲http://t.cn/RCY7yzP　　是看见自己的天空　　你今天翻的书是为明天存的钱，你今天吃的苦是为明天存的甜。　　好好过你的生活，不要老是忙着告诉别人你在干嘛，也许他们并不想知道。　　我们每个人都是天地间的过客，一个人的声音和足迹，如果能被另一个人深深的怀念和铭记，这就 ​​​ 全文时光不比人http://t.cn/RCY7yzP　　它脆弱　　它禁不起来来回回的辜负　　遇见的人多了，你才会明白哪些人值得用生命去珍惜，而一些人只适合绕道而行。　　学会一个人生活，不论身边是否有人疼爱。做好自己该做的，有爱或无爱，都安然对待。　　世上没有一件工作不辛苦，没有一处人事不复杂  ​​​ 全文！ ​​​华劳 ​​​http://t.cn/RCY7yzP懂得变通，学会换位思考;人不可不犯错误，总有失误和不理智的时候。当犯了错误后，定会有内疚;当冲动过后，难免会有悔意。这个时候，我们就需要冷静下来，清醒一下大脑，整理一下思绪，不要总是抱怨生活的艰辛，命运的不公，不要压抑自己，迷失自己，让自己沉沦在忧伤里不能自拔， ​​​ 全文华劳集团喜迎十九大http://t.cn/RCY7yzP ​​​http://t.cn/ROOX9KRhttp://t.cn/RCY7yzP　　成功绝非偶然，一定属于必然。别人舍不得的时候，你舍得;别人忍不得的时候，你忍得;别人记不得的时候，你记得;别人做不得的时候，你做得;别人坚持不了的时候，你咬紧牙关去坚持。成功，就在最黑暗之后那零点一秒，就是所有人都选择放弃的时候，你仍知道自 ​​​ 全文
原来我输了,7,突然有点郁闷无聊，也不是不开心，想跟某个人轻松地聊聊天。。可是，翻遍整个扣扣微信电话联系人，真的不知道找谁。唉，这世界上有一种孤单，就是有快乐不知分享给谁，有难过也不知能跟谁诉说吧。 ​​​一个人哭泣、一个人擦泪、一个人难过、一个人分担。看到眼前的视线模糊到清晰，清晰后模糊，反复不停。睡醒后才发现，原来，我一直都只是一个人，上班 南康市 原来我输了的秒拍视频 ​​​分享视频 南康市 原来我输了的秒拍视频 ​​​或许，我只是你生命中的一个过客，一个转身就会忘记的过客。而你，就像我生命中的一缕阳光，但当我还沉醉温暖里时，你却毫不犹豫的从我身边带走，那一刻，我完全浸没在天崩地裂的绝望中，心被狠狠的撕得粉碎，失去了阳光，如同鱼离开了水一样。 南康市 ​​​给你发信息一分钟不回，我等，两分钟不回我等，五分钟不回我等，半个小时不回我等，三四个小时不回我等，我等你一个晚上信息了，你还是没给我回信息。 南康市 ​​​在现实生活中，你和谁在一起的确很重要，甚至能改变你生活的轨迹，决定你的人生成败。和什么样的人在一起，就会有什么样的人生。和勤奋的人在一起，你不会懒惰;和积极的人在一起，你不会消沉;与智者同行，你会不同凡响;与高人为伍，你能登上巅峰。会对人的情绪和生理状态产生良好的影响，激发人的内在 ​​​ 全文人生只有今生，没有来世。爱一个人就要坚持，执着，努力用心的爱她就爱她的全部，包括她的家人，亲戚朋友。 包括她的优点和她的缺点，不要说下辈子好好照顾她，不用承诺来世慢慢陪伴。 今生能给她多少给多少。 能陪伴多久就陪伴多久。只要心中有爱，只要心怀彼此。即便是一个瞬间的幸福拥抱，也该胜似 ​​​ 全文我想找一个微信跟我聊天的，工资好说。有意者联系我。 南康市 ​​​祝你生日快乐 ​​​祝你生日快乐 ​​​带着目标上路：目标是一盏明灯，照亮了属于你的生命；目标是一个路牌，在迷路时为你指明方向；目标是一支火把，它能燃烧每个人的潜能。人生的道路难以一帆风顺，也固然布满荆棘、充满坎坷，只要有明确的目标，你就会看到曙光，看到希望。即使前方的风浪再大，也会执着追求，无怨无悔  ​​​ 全文
漂亮的中年人6688,3,我的订单 ​​​分享图片 渭南·澄城县城关镇 ​​​分享图片 渭南·澄城县城关镇 ​​​分享图片 渭南·澄城县城关镇 ​​​分享图片 ​​​澄城县泰和家园小区为什么经常停电  难道是业主不交电费！？？？ 渭南·澄城县城关镇 ​​​#馬天宇的红包#Boomshakalaka！我在馬天宇 的红包中抽到了@滴滴出行 提供的“滴滴贺岁感恩券”，2017年的小惊喜！也许你的惊喜更大哦~馬天宇 的红包 ​​​
诸扛省g5lh,3,"减[赞啊]肥[赞啊]药顾客反馈你也想达到下面的效果？我们的软[赞啊]件可以自动把你的产品大量的曝光出去，让想减[赞啊]肥的顾客自动送上门。如果你想改变现状，那就来了解一下，犹犹豫豫没有目标，那就只能停留在原地[并不简单]我不再是悲伤裙上的傀儡，而是选择坦然面对，其实人生有时候就是这么简单容 ​​​ 全文你们是怎样关注到我，你的顾客就会怎样关注到你们，不试试永远不知道结果因为你想的无非就是那么几件事，而即使你失败了，你怀着痛苦不甘的心情倒下了，也没什么，尝试去忘记， ​​​客[赞啊]源我们不要爆[小黄人坏笑]机，只要精[鼓掌]准寂静冷清的夜晚是皓月的天下，天空褪去了浓郁的蓝色渡上了一层黛色。只有一轮明月。不，应该称其为皓月。 ​​​su840【狮子座吸引人的10个理由】1、霸气，王者风范；2、默契，绝对的默契，不用说甚至只有一个小小的表情没有任何指令就全部为你奉上；3、只对你一个人孩子气；4、夏天的光芒和温暖并存；5、负能量不让人看到，忍耐力无敌；6、体贴；7、幽默感；8、又大气又细心不粗鲁；9、你是我的，是我的，我的，的 ​​​ 全文#只想陪着你#  每天满满的精准我痴了，呆了。这美丽，惊呆了我。我准备进入房间拿出相机记录下这片绚丽，却又担心错过这华美的无法用辞藻形容的景色。 ​​​#只想陪着你# #合肥微整形培训#5顾客反馈~好用~客源源源不断[污]能采集到你们是我ruan件的功劳，能关注你们并且引起你们的注意也是我ruan件的功劳 微博8亿群体任你采集  像这流星，在隐忍过后的绽放不是艳丽的月亮的色彩，而是凝聚着生命的光芒！繁星虽然渺小，却也不是能被忽视的。 ​​​#我的幸福自己做主# #长沙儿童摄影#4每天一片绿[污]不好用的东西往往会兴起一时然后就慢慢淡出人们的视线，就像大家做微商一样，只有好的产品才会越做越好，因为他有用. ruan件也是一样我们从不是配角，繁星对自己说着。配角？你连配角都不配吧，月亮嗤笑着。繁星没有回话， ​​​#微商代理#3微博挂机引流?只为精准而生你们看到我并不是偶然~是我ruan[带着微博去旅行]件的功劳，因为我能任意采集微博[浪]⑧亿群体~但是最后，我们还是战胜了它，我们依旧参加着周末的尖子班，依旧奔走在那条通向学校的道路上。因为我们知道，只有吃得苦中苦，方能成为人上人。 ​​​#我的幸福自己做主# 2[污]每天一片绿,没有什么是不可能的，要看你用不用心 .快乐是永垂不朽的诗篇，而我就是作者。因而选择了快乐，所以就要一如继往的追寻，并展翅飞翔。 ​​​#占卜，塔罗牌#  1挂机引流～ 自己不想付出努力，就别羡慕别人的成功，新科技你不想去了解，那么就只能看着你的同行赚钱?预期挣脱孤独的束缚，不如挣脱红尘乱世的束缚。这种孤独，比任何都要丰富。 ​​​"
北京PK赛车信誉群,4,"爱拼才会赢，敢下就会红，开奖五分钟，少打十年工，只要北京赛车不倒，日子会越来越好。祝您身体健康万事如意顺风顺水开开心心合家团圆！ ​​​在岁月里，做一个懂得的人岁月忽而老了，光阴的屋檐下，多了一份静谧，安静中可以听到花开的声音，可以听到窗外的鸟鸣，也可以听清自己内心的声音。　　　　夏天的画布，色彩越来越浓了，有绿染诗心，也有色彩斑斓的花色，唯独少了一份清淡，可是又有什么关系呢，那绿的清亮的叶子，一样美得让人心 ​​​ 全文北京赛车pk10计划：我不能说我不珍重这些荣誉，并且我承认它很有价值，不过我却从来不曾为追求这些荣誉而工作。 ​​​​进群加微信公众号ag1289北京赛车PK10微信群，信誉群，十车道都能玩，全国统一开奖结果，5分钟开一次，每天9时开始，直到24时结束，每天开179次。每次**，是按赛道上的10个赛车编号投。大小，单双，龙虎，1.98高倍率，单点定位9.7倍！冠亚组合41倍，实力信誉大群,进群加微信公众号ag128910起 800 ​​​ 全文【数字赔率】9.8【大小赔率】1.95【单双赔率】1.95【龙虎赔率】1.95【冠亚大/双赔率】2.1【冠亚小/单赔率】1.7【冠亚和值11赔率】8倍【和值3/4/18/19赔率】41倍【和值5/6/16/17赔率】19倍【和值7/8/14/15赔率】11倍【和值9/10/12/13赔率】9倍 ​​​进群加微信公众号ag1289北京赛车PK10微信群，信誉群，十车道都能玩，全国统一开奖结果，5分钟开一次，每天9时开始，直到24时结束，每天开179次。每次**，是按赛道上的10个赛车编号投。大小，单双，龙虎，1.98高倍率，单点定位9.8倍！冠亚组合41倍，实力信誉大群,进群加微信公众号ag128910起 800 ​​​ 全文绝对信誉的北京赛车pk10微信群，微信接待号《ag1289》 3年的实力信誉老群，秒到秒回，9.8高赔率高返水, 开奖都和北京福利彩同步，招拉手，你还在担心鲨鱼群吗？ 有了我们（3年的实力信誉老群）你可以放心愉快的玩耍，这么好的信誉群你去哪里找， 赶快添加我们微信接待号：ag1289 欢迎您的加入我们的大 ​​​ 全文给Boer的一封信的北京赛车有我想对你说的每句话北京赛车我想问你什么时候开始喜欢我？北京赛车我想问你北京赛车了解我吗？记得和你在一起照大头贴记得和你在教室记得和你在学校记得和你一起逛街喜欢在里怀里停留喜欢跟你在一起的每时每刻喜欢跟你一起提前下课去河边玩喜欢跟你一起翻围墙， ​​​ 全文我参与了@央视新闻 发起的投票【这个中秋去哪儿赏月？】，我投给了“江苏南京•秦淮河畔”等2个选项，你也快来表态吧~这个中秋去哪儿赏月？ ​​​"
百瑞赢总监-陈君临,3,【嚣张！出租车堵救护车，司机叫嚣“我硬不让”！[摊手]】10月9日，湖南常德，一辆电动车撞上农用车，两人受伤，120救护车前去救援时被一出租车堵了十几分钟，原因是的士司机要从现场过被救护车拒绝了。该司机还称“我硬不让”，直到其朋友来将其劝走。据了解，的士司机被警方行拘5日。#出租车堵救护车 ​​​ 全文午后三大股指维持震荡盘整的走势，盘面热点板块趋少，只有次新股板块表现稍显活跃，今日权重股和白马股砸盘导致资金观望情绪再度提升，市场还是以消化获利盘为主，个股整体涨多跌少。板块方面医疗器械、次新股板块领涨，盘中次新股（江丰电子）异动拉升。有色钨、有色钼板块领跌。 ​​​国常会推进异地就医直接结算 医药类板块拉升　　9日召开的国务院常务会议听取公立医院综合改革和医疗联合体建设进展情况汇报，通过深化医改优化资源配置保障人民健康，并部署进一步做好基本医保全国联网和异地就医直接结算工作。会议要求，逐步将更多基层医疗机构纳入异地就医直接结算，加快相关医疗 ​​​ 全文$亿纬锂能 sz300014$ 不错，可以考虑[嘻嘻] ​​​$光威复材 sz300699$ ​​​发布了头条文章：《百瑞赢：25号晚间十大公告利好公司》 百瑞赢：25号晚间十大公告利好公司 ​​​祝你生日快乐 ​​​分享图片周五再一次出现低开后低位震荡，早盘一度出现跳水动作，但很快又被拉回，很明显是有国家队在护盘，为了维护市场的稳定。和上周五的走势比较像，也是低开后维持低位震荡，不同的是，这次是以阳线收盘，略显强势。在上周五低开震荡后，走出一周的窄幅震荡行情，那么这次是不是也是一样会走出一 ​​​ 全文分享图片http://t.cn/R0flb91 ​​​小男孩街头测试借两块钱做公交车，感动哭了 反映了当今的什么？#谜之微笑# 世界神奇视频的微博视频 ​​​
用户5622475889,2,精油的强大 微博故事 ​​​微博找人广场-养生 ​​​只有投资自己的身体才是最划算的 ​​​有喜欢吃榴莲的吗。一起吃[舔屏][舔屏][舔屏][舔屏] ​​​关爱中老年人健康。从鱼油软胶囊开始 ​​​三个臭皮匠 用户5622475889的秒拍视频 ​​​中秋丨愿：月圆，人更圆 ​​​【有质量的加粉】免费加粉神器！100%真实用户！ 一键开启被加！接受点到手软！！加一百个微商比不上一个真实用户！ http://t.cn/R0d5ymF 娄底·田坪镇 ​​​我发现了有用的文档分享给你-百度文库 http://t.cn/R0BN3jt 娄底·田坪镇 ​​​【女孩长得漂亮是优势，活的漂亮是本事】 女孩长得漂亮是优势，活的漂亮是本事 女孩长得漂亮是优势，活的漂亮是本事 （分享自 @百度贴吧）#百度贴吧# 自己赚钱当自己的女王，欢迎大家和我做朋友。微信。my1587387 http://t.cn/R0ndgbp ​​​
我佛慈悲说事9,10,一切法从心想生!我有两个老友:一个老疑心自己的鼻子会得癌，结果多年后，心想事成，就得了鼻癌，死了。另个常说要砍人，老劝不听，结果有一天，心想事成，就砍了人。一切法从心想生! ​​​一切法从心想生！ ​​​转心最好最快且利益最大的方法无过于念佛 ！ ​​​地狱是恶心变现出来的，把恶心转为善心，地狱就没了，就这么简单！ ​​​极乐世界是念佛心变现出来的！ ​​​处世让一步为高，退步即进步的张本；待人宽一分是福，利人实利己的根基。 ​​​待人处世有两种方法—一是把人压倒自己占先，还有一种是与人为善互让互谅；前者是竞争的行为，后者是谦让的行为。这两种态度完全不同。中国学者辜鸿铭认为，西洋人的生活乃是建立在物质上面，谈不上什么文明，他们是凭著相互竞争的思想而发展进步。我们再看看东方，以中国而论，是在物产特别丰富的黄河 ​​​ 全文盖世功劳，当不得一个矜字；弥天罪过，当不得一个悔字。 ​​​骄矜无功，忏悔灭罪 对国家树立大功，并且是天下万民崇敬的英雄人物们，若是夸耀自己的功勋，当这念头一起，他的功劳就完全从人们心中失掉了。古人所谓：‘一将功成万骨枯。’就是说要死去多少的兵士，才能成就一名大将的功勋。能时时有这个念头，就是道德高尚的人。因此，切切不可自己内心持有一个 ​​​ 全文完名美节，不宜独任，分些与人，可以远害全身；辱行污名，不宜全推，引些归己，可以韬光养德。 ​​​
唐汉子贤,6,非常酷的折纸忍者飞镖教学，很简单，还会变形！也可以带着小朋友动手试试最神奇的秒拍视频 ​​​【台湾省十九大党代表卢丽安笑怼：不爱台湾？这个问题逻辑很好笑。】现在是2017，不是1927、1937…我们都要有信心有勇气，不要再纠结于过时的、对立的意识形态...我们爱台湾，也可以爱祖国大陆！#初心铸辉煌，青春最担当##小青打call十九大# 中国青年网的秒拍视频 北京·人民大会堂 ​​​张雪峰舌战群儒怼主持人，获得观众认可！ 浦江猛哥的秒拍视频 ​​​最爱张雪峰老师了！#谜之微笑# 搞笑新秀的微博视频 ​​​美女再现江湖，有恩砸锅卖铁救你，有仇拆房卖地干你。道德和法治。 法治调查的秒拍视频 ​​​张雪峰老师告诉你：在东北，有一种人，我们管他叫“山炮”，哈哈哈哈太逗了！ 搞笑幽默视频榜的秒拍视频 ​​​女儿被嫁到了农村，父亲婚礼讲话听哭了所有人！讲的太好了[赞][赞][赞] 环球搞笑趣闻的微博视频 ​​​[哈哈][哈哈]张雪峰老师就适合去说相声[doge]#张雪峰##张雪峰老师##张雪峰老师又来了##来与本王一起乐起来# 情感暖心粥的微博视频 ​​​考研辅导神匠张雪峰老师终于开车了[允悲] 秒拍视频 ​​​【秋天养生 精髓全在这一碗汤里】天气转凉，气候也较为干燥，人体会因此表现为津伤肺燥。几种方便制作、适合秋季食用的药膳汤，滋阴、补血、清热、利尿……滋补一整个秋天！还有煲一锅好汤的6个诀窍↓↓ 收藏！ ​​​​
華-爱你一万年,6,http://weibo.com/u/6253409795 今晚干货比较多！提额！芝麻分550贷款！不要错过！[色]yy语音:今晚七点半袁老师主讲：1.[色]最近炒作中国银行曲线提额百分百成功方案[色]2.有社保最高20万的最新贷款[色]3.手机号注册网贷无法下款怎么使用虚拟号的系统解析[色]4.芝麻分550可申请的贷款最高3万[色] ​​​ 全文http://weibo.com/u/6253409795 随便拿一张都可以去浪漫的土耳其，拿两张可以去东京和巴黎，想去的联系，成为会员，世界范围，随时说走就走！[机智] 華-爱你一万年的秒拍视频 ​​​http://weibo.com/u/6253409795 中介必备，50岁以上各类型可以操作贷款，需要资金的速度了 ​​​#电影拆弹专家#2亿福利来啦！[噢耶]老大华仔谢谢老铁们的“内”种支持[作揖][作揖][作揖] 秒拍视频 . ​​​http://weibo.com/u/6253409795 ​​​http://weibo.com/u/6253409795 建行的代码提额方法[色][色][色][色]你提额成功了吗？给大家讲个小故事吧[发呆]在今天听公开课的时候，有个客户给我说，我按照你们的提额的方法提额成功了，提额提额5000，我好高兴啊[呲牙][呲牙][呲牙]我要加入你们会员学习核心知识，用这个技术赚钱太简单了[偷笑] ​​​ 全文http://weibo.com/u/6253409795 全民狂欢，           1、交通银行今天超红星期五，一年只有一次，有交通银行信用卡大，中介想薅羊毛的，速度，只有今天晚上了。          2、双十一花呗提额！花呗提额！花呗提额！口子随时关闭！别错过了！          3、建行大放水：只要有建设储蓄卡使用6-12个月的 ​​​ 全文http://weibo.com/u/6253409795 漂亮的招商银行王者荣耀信用卡，火影忍者信用卡，每次用来刷的时候，都有人问这么漂亮的卡好有面子哦，财狮金服真的可以带你飞。 華-爱你一万年的秒拍视频 ​​​http://weibo.com/u/6253409795 渠道渠道渠道马上双11，渠道很多奥有黑的有白的，还有双黑的，需要的可以找我 ​​​http://weibo.com/u/6253409795 喜欢付出，福报就越来越多；喜欢感恩，顺利就越来越多；喜欢助人，贵人就越来越多。 ​​​
富贵丶舌头,3,今天是10月18日是中国共产党第十九代表大会召开的日子，预示着在下一个五年计划的实施和发展就是要一外国人在中国要遵守中国法，外国在中国要遵守中国礼，外国人在中国要懂中国请，外国人在中国要学好中国话，要发展中国经济，要在中国做好中外互相发展与交流和人文领域的发展与人文交流和中国留学生的 ​​​ 全文今天是10月18日是中国共产党第十九代表大会召开的日子，预示着在下一个五年计划的实施和发展就是要一外国人在中国要遵守中国法，外国在中国要遵守中国礼，外国人在中国要懂中国请，外国人在中国要学好中国话，要发展中国经济，要在中国做好中外互相发展与交流和人文领域的发展与人文交流和中国留学生的 ​​​ 全文今天是10月18日是中国共产党第十九代表大会召开的日子，预示着在下一个五年计划的实施和发展就是要一外国人在中国要遵守中国法，外国在中国要遵守中国礼，外国人在中国要懂中国请，外国人在中国要学好中国话，要发展中国经济，要在中国做好中外互相发展与交流和人文领域的发展与人文交流和中国留学生的 ​​​ 全文今天是10月18日是中国共产党第十九代表大会召开的日子，预示着在下一个五年计划的实施和发展就是要一外国人在中国要遵守中国法，外国在中国要遵守中国礼，外国人在中国要懂中国请，外国人在中国要学好中国话，要发展中国经济，要在中国做好中外互相发展与交流和人文领域的发展与人文交流和中国留学生的 ​​​ 全文今天是10月18日是中国共产党第十九代表大会召开的日子，预示着在下一个五年计划的实施和发展就是要一外国人在中国要遵守中国法，外国在中国要遵守中国礼，外国人在中国要懂中国请，外国人在中国要学好中国话，要发展中国经济，要在中国做好中外互相发展与交流和人文领域的发展与人文交流和中国留学生的 ​​​ 全文今天是10月18日是中国共产党第十九代表大会召开的日子，预示着在下一个五年计划的实施和发展就是要一外国人在中国要遵守中国法，外国在中国要遵守中国礼，外国人在中国要懂中国请，外国人在中国要学好中国话，要发展中国经济，要在中国做好中外互相发展与交流和人文领域的发展与人文交流和中国留学生的 ​​​ 全文今天是10月18日是中国共产党第十九代表大会召开的日子，预示着在下一个五年计划的实施和发展就是要一外国人在中国要遵守中国法，外国在中国要遵守中国礼，外国人在中国要懂中国请，外国人在中国要学好中国话，要发展中国经济，要在中国做好中外互相发展与交流和人文领域的发展与人文交流和中国留学生的 ​​​ 全文
格尚众源众创空间,2,潍坊12351职工服务网上线暨众创空间启用仪式在市工人文化宫成功举行#潍坊身边事##创新创业##steam教育##创客##格尚众源众创空间##山东省总工会# ​​​#十九大# 习近平报告，这些话，真给力！转发，学习！ ​​​那一年，他们被迫躲上小船，今天，小船变成了航母；那一年，他们改革开放拥抱世界，今天，全世界都望向中国；那一年，你或许没有经历，今天，你我正共享祖国的荣光。继续奋斗，#十九大#，再出发！（图片创意/@王左中右 ） ​​​“豪迈杯”潍坊市第二届职工创新创业大赛高密分赛区预赛在高密市委党校圆满结束！#潍坊身边事##创新创业##steam教育##创客##格尚众源众创空间# 潍坊·潍坊市工人文化宫 ​​​中村春木设计的令人鼓舞的纸工艺品，这得不少几何知识吧！ Haruki Nakamura designs totally mind-blowing paper craft works! 视觉机器人的秒拍视频 ​​​10月13日，广东合作伙伴来公司参观[鼓掌][笑而不语]#潍坊身边事##潍坊·潍坊市工人文化宫[地点]##创新创业##steam教育##创客##格尚众源众创空间# 潍坊·潍坊市工人文化宫 ​​​周末到了，大家都是怎么安排的？出去玩还是在家窝着？小编选择加班，继续飞仙上神[二哈]#潍坊身边事# 潍坊·潍坊市工人文化宫 ​​​10月12日，临沂市总工会来公司参观#创新创业##潍坊身边事##steam教育##创客##格尚众源众创空间# 潍坊·潍坊市工人文化宫 ​​​【厉害 | 世界上最小的3D画笔】效果类似3D打印机，真的是在空中画画，厉害了我的笔！创意铺子的秒拍视频 ​​​“豪迈杯”潍坊市第二届职工创新创业大赛高密分赛区创业特训营，创新引领未来/创业改变命运，高密分赛区大赛的选手加油！！！[加油][加油][加油]#创新创业##潍坊身边事##steam教育##创客##格尚众源众创空间#  ​​​ 潍坊·潍坊市工人文化宫 ​​​
