1浮躁世界,1,最近很少上国内的网站，域名记不住，体验又很差。姐刚刚收了两个域名，一个是huang.wang（不是.com），准备做一个超级吸睛的网站，希望大家支持；另一个是sicong.wang（也不是.com），这个囤在手中，坐等王思聪报价，大家觉得值多少？[二哈][二哈] ​​​
1浮躁世界,2,#NOW#.top域名正在直播，快来围观，点此进入>>http://t.cn/RXCTvNc ​​​【“雄安”域名遭抢注 网上售卖最高176万】与各路炒房客近日拥进雄安新区相应，雄安相关域名也在网络上遭遇抢注，为数不少的域名已经开始对外挂售。记者发现，xiongan.com要价高达176.4万，为所有域名中最高。 ​​​​ 雄安域名遭抢注.售卖价176万 ​​​雄安大开发了，机会无限  xaloan.net 雄安、西安 贷款 xionganhot.net 雄安热点 xionganforum.net 雄安论坛 xionganol.com.cn 雄安在线 ​​​猩猩也爱美女[花痴][花痴] 秒拍视频 . ​​​我发表了头条文章:《极品大米 你需要》 极品大米 你需要 ​​​蚂蚁会员欧洲杯我支持法国夺冠，快来加入一起拿百万现金！ http://t.cn/RIj46ey ​​​我分享了@新浪新闻 的文章 http://t.cn/RLgPzgD ​​​
二环大奇哥,1,年轻时不用急着「化妆打扮变美」，大多数人变好看不是靠衣服口红高跟鞋晚上不吃饭堆出来的。青春繁盛的年代，要趁着好奇心最旺盛记忆最好的日子去读书和创造，要在感情最充沛修复力最强的时候去拥抱和恋爱，心定了阅历有了，人会突然又自然地闪现出光芒，举重若轻，翩翩然，那是真美。 ​​​你要记得那些黑暗中默默抱紧你的人逗你笑的人陪你彻夜聊天的人坐车来看望你的人陪你哭过的人在医院陪你的人总是以你为重的人带着你四处飘荡的人说想念你的人是这些人构成了你生命中一点一滴的温暖是这些温暖使你远离阴霾是这些温暖使你成为善良的人 ​​​今天认识了一个非常励志的姑娘。念完书本来是去投行的。在投行干了半年觉得不行，工作累，位子少，没热情。决定转行去做保险经纪。没人支持，父母朋友男朋友都不支持。但是还是想做，拼了命也要做好让周围的人都服气。我问她：你没怀疑过自己不适合做这个？她说：没。我只怀疑过我是不是运气不 ​​​ 全文李宗盛《山丘》现场版：“越过山丘 才发现无人等候 喋喋不休 再也唤不回温柔”，始终是这么有味道，无愧灵魂歌者！思想聚焦的秒拍视频 ​​​一起旅游/吃遍世界/畅谈无阻/互相依偎/支持鼓励/自由理解/包容信任/共同成长 ​​​日本的一位麻麻，经常给宝宝cos成各种可爱角色去迪斯尼玩，而且不少服装都是自己手工做的。各种形态下的娃真是太激萌了，可爱到翻滚！ ​​​#北京事儿#【[心]】@阿门的门 ：下雨天儿，一只外出巡游的狗狗和它的车夫。 ​​​[10.9-10.15]大红星天蝎：木星进入命宫，整个人都站在时代的前端。未来很长一段时间生活会有突破，要巩固自信，争取机会。工作欣欣向荣，部分人会遇到对手，但越有竞争越能激发斗志，反而会用强大的能量来完成任务，率先冲过终点。要平衡好大局和细节，不要过分多疑丶焦躁。注意休息，留心健康。下半周 ​​​ 全文分享图片 法国 ​​​分享图片 ​​​
MagicCLAY,2,"53个长知识的实用类网站 ​​​有哪些能够改变人思维方式、提高效率的超强悍数据网站？ ​​​太像菩萨了，忍不住的停下来拍照[祈祷] 上海·三林镇 ​​​自我提升可用的80个网站 ​ ​​​​有哪些好玩且耐玩的手机游戏？ ​​​48条知乎神回复，针针见血。卧槽！看完整个人通透多了！ ​​​​【无论做什么，这18个定律你要懂】①蓝斯登原则：在你往上爬的时候，一定要保持梯子的整洁，否则你下来时可能会滑倒；②吉德林法则：把难题清清楚楚地写出来，便已经解决了一半；③刺猬理论：刺猬在天冷时彼此靠拢取暖，但保持一定距离，以免互相刺伤。更多↓↓18个定律，学习，思考。 ​​​爱上跑步，新手8周running计划 ​​​""你好 我就是传说中的幸运草莓 60S内转发我 会好运！""[草莓][草莓][草莓][草莓][草莓][草莓][草莓][草莓][草莓][草莓][草莓][草莓][草莓][草莓] ​​​“时长近70分钟，来自英国的专业老师以轻松、幽默的形式完整演绎英音发音全过程。需要的童鞋，建议马住收藏 ，慢慢学习，永不删除！http://t.cn/RGYXAE3 ​​​"
suuupermannn,3,因为你只为你愿和我一起看云淡风轻岁月神偷-金玟岐 ​​​completely exhausted  fuck ​​​encounter this special metro train again [色][色] 深圳·宝安体育中心 ​​​朝鲜7月4日试射洲际导弹之后，特朗普直言中美合作已到尽头。特朗普7月5日在社交网络推特称，“中国和朝鲜的贸易在第一季度增长了40%。中国和我们的合作到底为止（So much for China working with us）——但我们过去至少得试一试！”（图源：特朗普推特账号截图） ​​​WE THE FUTURE！ 深圳·前海企业公馆 ​​​TO LIVE A LIFE RATHER THAN BEING ALIVE 深圳·SISYPHE BOOKSTORE ​​​hey sisyphelong time no see 深圳·SISYPHE BOOKSTORE ​​​YOGA LIN全世界谁倾听你 ​​​Shining YOGA ​​​i fell in love with the girl trying my besti thought she was the world I've been seeking for天黑黑 ​​​
黑泽哀,1,【泪目！妻子去世4年，93岁老爷爷每天携亡妻照片共进午餐[心]】美国一位93岁老爷爷每天会携带着亡妻照片，在两人经常光顾的餐厅用餐，感动许多顾客。妻子4年前去世，两人结婚63年。老人每天扫墓，用深情一吻向亡妻诉说心意。“我对妻子的爱，远超任何人对他人的爱，她生前与我形影不离，现在也和我在一 ​​​ 全文分享图片 ​​​这个公益广告，刚发布不久，就已经火遍了美国的社交网络。四十秒处剧情急转，你绝对猜不到这是一个什么主题的公益广告[心] 秒拍视频 ​​​
輝夜丿Kaguya,1,我以后生了宝宝一定会好好教育 ​​​@有道考神四六级 @老师王菲 我今天报了四级全程3班，可不可以把已经开课的讲义放在群里？#有道考神四六级# 谢谢啦 ​​​秋季千日红妆容教程 ​​​​（Chic韩风） ​​​​天呐，不合适也只能忍痛割肉了[悲伤]可怜我巴心巴肝的，可怜我忠肝义胆的，可是那又什么用，毕竟我能掌控自己的爱情，而你是否也能？ ​​​[开心]一脚踹死我臭臭 ​​​夜幕坂道，盛放之樱。绚烂随风，华碟翩舞。寂空凛夜芬芳，对月清酌无言。思君念君千回转，往事尘烟。香瓣纷飞何相伴，愿为亡君醉方休。 ​​​#水逆退散# 好痛好痛好痛，好烦好烦好烦 ​​​#炉石传说#最新系列《冰封王座的骑士》已经上线，第一波卡组分享来了，大家好运 ​​​[微笑]脑壳有问题 ​​​#楚乔传# 玥公子今晚段子手附身了！ ​​​
月残73712,3,在昨日，你活的漂亮而鲜活，而春秋不易，岁月如歌。 三亚 ​​​金庸小说中的经典语录...#读书# #小说# ​​​三亚·三亚•皇家帝国学院[星星][星星][星星][星星][半星]，凌晨散场 曲终人不散 三亚·三亚•皇家帝国学院 ​​​三亚·三亚•皇家帝国学院[星星][星星][星星][星星][星星]，自在深山有远亲 三亚·三亚•皇家帝国学院 ​​​一位乌克兰的摄影师，还原了童话故事里的情节和人物，拍出了下面一组照片......童话里不都是骗人的，童话还是有可能照进现实的[心] ​​​​被遗弃的渔村 ​​​. ​​​“ 如果晚点相遇，   你刚好温柔，   我刚好成熟，   我们会不会走到最后？” #口袋文学# 秒拍视频 ​ ​​​感动！那些被中国军人圈粉的瞬间 丨摄影师 ​​​​【1149.02公斤！袁隆平团队超级杂交稻亩产创世界新纪录[赞]】15日，中国工程院院士袁隆平团队选育的超级杂交稻品种“湘两优900（超优千号）”，在河北省硅谷农科院超级杂交稻示范基地通过测产验收。平均亩产1149.02公斤，即每公顷17.2吨。创造了世界水稻单产的最新、最高纪录。1149.02公斤！超级杂交稻亩产创世界新纪录 ​​​驻马店[星星][星星][星星][星星]，天气真好，太阳真大，我想大雨。 驻马店 ​​​
张泽_DogThing,5,#My Boring Weekend Vlog 001# 卖 iPad 记史上最无聊的 Vlog... ... 张泽_DogThing的微博视频 ​​​可以，盒子丢了。  📍 北京  [白云]️ 多云 12ºC   http://t.cn/RWLEEGA #一闪Onetake# ​​​可以，盒子丢了。  📍 北京  [白云]️ 多云 12ºC   http://t.cn/RWLEEGA #一闪Onetake# ​​​睡到自然醒，然后去公司去加班。 ​​​【沪研究证冬虫夏草无抗癌功效】中国科学院上海植物生理生态研究所王成树课题组，昨日（19日）在国际著名杂志《细胞》的子刊《Cell Chemical Biology》上发表最新研究成果，宣布冬虫夏草中不含具抗癌功效的“喷司他丁”（Pentostatin），及由此生物合成产生的虫草素（Cordycepin）。研究又指出，虫草素 ​​​ 全文睡到自然醒，然后去公司去加班。 ​​​劝君更尽一杯酒哇。 ​​​拍了一张照片。  📍 北京  [月亮] 晴 14ºC   http://t.cn/RWzhPnH #一闪Onetake# ​​​十万粉活动第五波！这一波走量[笑而不语]之前我说过奖品数量很可能上百，这一波就有上百件奖品了！转发本条微博并关注我 10.26 下周四晚九点通过@微博抽奖平台 抽出以下奖品：1、由@Damon的Airpods 提供的 60 个 AirPods 保护套！6 种颜色每种颜色 10 个！我一直在用他家的 AirPods 保护套，尺寸非常 ​​​ 全文拍了一张照片。  📍 北京  [太阳]️ 晴 19ºC   http://t.cn/ROFc9jb #一闪Onetake# ​​​Steam 上年度版的巫师 3 只要 63 元，可以说不买不是中国人了。 ​​​
思雪欧尼耶,5,"刚开始微商被人说是传销[微风]后来又有人说全部都是骗人的逐渐到了现在微商才逐渐被人接受 思雪欧尼耶的秒拍视频 ​​​简洁的语言，简单的工作。恭喜宝宝做一单就赚了300元[鼓掌] [鼓掌] ​​​会员真实的反馈，只交一次钱.之后终身免费，何不试一试呢。 ​​​他是个91岁的农村孤寡老人，17年未添一件新衣，17年几乎未尝肉味，一个馒头都舍不得买，可正是这样一个""吝啬""的倔老头，却用拾荒和省吃俭用的7万多元钱慷慨地资助了全国100多个学生。他没进养老院得到的生活补贴也全捐给了学生。他叫刘盛兰。[心] ​​​有些人加我第一句话就是问要钱吗？我想告诉你: 是的是要钱的 ，但一份价值一分收获。你想不劳而获那我告诉你:不可能。有想法的人可以加我微信，咨询一下。 ​​​万事开头难[绿叶]有些人做几天赚不到钱就放弃了那我那么就的坚持在你眼中算什么[爱心][爱心][爱心][爱心] ​​​可能很多人觉得我是骗人的但我想告诉你 如果你被骗了 顶多骗个500元但是如果你没有敢拼的勇气 你可能一辈子都只能平平淡淡的度过为何不趁着好有时间拼一把呢？[爱心] [爱心] [爱心] ​​​人总要成长加入七团也许是你不错的选择[爱心] ​​​"
babybabett,3,为 Python 打 call，为 PHP 打 call，为 Go 打 call，为 Javascript 打 callback ... ​​​#有村架纯# 这段《ar》11月号的视频刷爆了日推！湿漉漉的头发和慵懒的笑容，村花的色气感太诱人了吧~[舔屏] 霓虹蛋奶酱的秒拍视频 ​​​看到苏式面竟然在所谓中国“十大面条”中榜上无名，怒传一碗前几天在苏州东吴面馆遭遇的香菇面，解解郁闷。不说面的细腻筋道，汤的甘醇鲜冽，光这面中的香菇，饱浸鲜汁，赤黑而浓香，虽为素食，绝不寡淡，隽永绕口，绵绵不绝。 ​​​朋友们，我想做一件事。请各位把本地优秀的宠物医生或医院，写在评论里。最好是自己亲自去过的，听说的也可以。希望这条微博可以让所有小可爱，都能在第一时间得到救治。也希望最好大家都用不到。格式:XX省XX市某某医生/某某医院，擅长什么病，详细地址。 ​​​这首诗送给大家！ ​​​@物语迪士尼disney 出自最完美的离婚[心碎]顺便安利一下，剧本身也很好看嗷[doge] ​​​@寒冬winter 你们连失足少女也不放过啊....[吃瓜] ​​​刚刚对面的程序员小哥哥怒对产品经理：最烦你这句话了，md产品都没上线什么叫“从用户的角度看？”用户呢？用户说啥了？！都是你说的…[doge][doge][doge]哈哈哈哈哈哈哈哈哈哈 ​​​睡前喷了好多 la vie est belle [月亮][月亮] ​​​Node.js Certified Developer (NCD) Program http://t.cn/ROVEsmC ​​​
哈克萨斯看小说,2,中国是一个假概念，这是远东散落的移民部落，数量千千万万，以家庭、家族、地缘和血缘为基本单位。这些利益孤岛之间从来没有共同的信仰和爱情，因此互相欺骗和掳掠成为人际关系的潜规则。（任不寐）任不寐：问答与回应：再见——2015年圣诞晚会上的致辞 ​​​commie或者更準確的說Lenin檔這種東西，實際上就是進步主義知識分子特別是後來的無神論者太多了之後產生的一個反向的清理者。沒有任何組織和秩序生產能力的知識分子在享受著教會等強組織體系保護下繁殖得太多了之後，漸漸地把他們自己享受的安全看成是理所當然的，然後逐步地首先走向世俗主義，然後走 ​​​ 全文【1990年中国的登记库存为80吨，到2005年前后基本消耗殆尽，大部分中国象牙企业面临倒闭。但在2006年象牙雕刻”及时地“入选了中国国家级非物质文化遗产名录，中国开始寻求象牙进口的途径，并最终于2009年以“传承象牙雕刻非物质文化遗产而非发展象牙产业”为由说服了《公约》委员会，同意中国购买南部 ​​​ 全文该微博因被多人举报，根据《微博社区管理规定》，已被删除。查看帮助：http://t.cn/Rfd14WY该微博因被多人举报，根据《微博社区管理规定》，已被删除。查看帮助：http://t.cn/Rfd14WY该微博因被多人举报，根据《微博社区管理规定》，已被删除。查看帮助：http://t.cn/Rfd14WY山东人是一种什么东西呢，你对他好，他觉得你怕他，他就对你坏。你对他坏，他就怕你，就对你好。 ​​​#人身攻击#举报上诉，我支持被举报人，你也赶快来参与吧。 查看详情：[人身攻击]@喝茶读书不争朝夕 举报@汪兆铭桑 ​​​祝你生日快乐 ​​​我免费围观了 @房地产门外汉 的回答，问题价值 88.00 元，快来一起免费围观~ 微博问答:对于宁波城市发展，人口导入，房价未来怎么看？涨幅会弱于杭州吗？现在只有杭州一半吧，差距会扩大还是持平？宁波市区房价投资价值怎样？类比全国什么城市。 ​​​
Liang_jyq,1,#有奖转发#【世界读书日，小高送Kindle！[礼物]】读书可以完善一个残缺的灵魂和滋养一个枯燥的心灵，#4.23世界读书日#来袭，小高送你更贴心的！即日起，转发本条微博并在评论区留言你今年想看的书，就有机会获得Kindle Paperwhite电子书阅读器1个！[舔屏] 世界读书日，小高送Kindle！ ​​​祝你生日快乐 ​​​【转发送CP手机】喜迎情人节，vivo X9Plus星空灰将于2月14日情人节开卖！我来送个情人节大礼，只要转发本微博并艾特你的(老婆、女朋友、基友……)即可，2月17日用@微博抽奖平台 抽送vivo X9Plus星空灰和vivo X9玫瑰金各一台！你和你艾特的那个人一人一台，共两台！爽不？快艾特并转发吧！ ​​​又到了纯福利时间，电影《诛心之同窗异梦》上映。我拿出5000元现金，抽50个朋友每人100元！再抽30个朋友每人1张爱奇艺VIP月卡！只要转发并说出影片第六分钟最后一句台词是什么，中奖的就可能是你！戳这看片：诛心之同窗异梦 ​​​邓先森《致我们那段青涩而天真的时光》第二弹[doge]邓先森DENG的秒拍视频 ​​​全中国人都被这个小孩感动了，这孩子长大了，一定成大器，祝你以后生活幸福！ http://t.cn/RqXCt3r ​​​【有点厉害】最后一个好赞啊！不看后悔！[微笑] ​​​抱歉，此微博已被作者删除。查看帮助：http://t.cn/Rfd3rQV#宋佳的红包#一不小心又中奖了！(≖ ‿ ≖)✧我在宋佳 的红包中抽到了@滴滴出行 提供的“滴滴百元礼包”，好实在的礼物，让宝宝心情美丽一整天～宋佳 的红包 ​​​该微博因被多人举报，根据《微博社区管理规定》，已被删除。查看帮助：http://t.cn/Rfd14WY
橘亓大人,1,白天在图书馆犯困偷懒的后果是不得不牺牲晚上追剧看电影的娱乐时间🌚刷完今日份的习题一身轻～“是什么让您乳齿坚持今日事今日毕？”是因为 ​​​“一生只画一个女人”一直觉得为自己喜欢的人画幅画是件特浪漫的事情 ​​​晚上校学生会干事来宿舍发放关于断电意见的调查问卷，之后闲聊发现和学妹在几个主要的问题上竟然不约而同选了相同的选项，两个人都为这“蜜汁合拍”大笑起来。从一进大学的十人寝到后来的四人寝以及现在的寝室，不同的室友，神奇的是都相处得很好。可以开玩笑起小外号，从没发生矛盾没有争吵更没有网 ​​​ 全文不停止对美好的追求，要努力成为更好的人儿。你好哇，新的一岁[星光]🤗 ​​​等灯灯凳——你的好友更新了一条微博。 ​​​撸猫记🐈 ​​​有点压抑的一本书，发现看完书再看它的电影会有种奇妙的感觉。即使电影总是没有书好看，可还是喜欢追风筝的场景，还是心疼简单善良的哈桑，还是希望世界没有战争更加美好。看完满脑子都是那句“为你，千千万万遍”。很推荐~但不适合在晚上读🙁 ​​​傍晚七点，博鳌的海。嘿，好久不见呀～ 琼海 ​​​以前我以为自己是天秤座的时候，好多朋友觉得我是处女座。后来当我知道自己其实是处女座后，我就真的越来越像处女座了🙃 ​​​在论文堆和开题报告的准备中度过了心力交瘁的两星期，加上之前的定题，整个六月就是一个大写的忙[二哈]。接下来就是各种删删改改只希望不久的开题顺利就好[并不简单]#研一狗的期末日常# ​​​
长久的小屋,2,每个安慰你挂科算什么的人最后都默默拿了奖学金；每个夸你肥嘟嘟的脸好可爱的人最后都瘦成了万人迷；每个在你面前说自己前途渺茫的人最后都身家过亿。只有你在无知堕落里淬炼成一个SB。 ​​​别人帮你，那是情分，不帮你，那是本分。容不容得下是你的气度，能不能让你容下是我的本事 人是活给自己看的，不是他人的一句话就能左右自己，让自己活出潇洒自我。 #屌丝如何变男神# ​​​
青春heart万丈,9,"母親的電話[允悲][允悲]晚安 ​​​母親的電話[允悲][允悲]晚安 ​​​【蓝媒看点】今晚20:30,21:40浙江卫视播出的#中华好故事#中有一位特别的讲述者，他以“河森堡”这一网名被人熟知。他是国家博物馆的讲解员，他自创了故事化的讲解模式，让讲解不再枯燥，而且还坚持发表科普类的文章。他是个坚守着自己对文化的兴趣和理解的80后，正在为了传递更多的文化知识而努力着。 ​​​背这儿破东东了，歇歇就找货发宝贝，有点累 眼睛疼，，，，[微笑][微笑] ​​​【纪录片.Ch4.家里有头熊.我的超大宠物：一吨野牛.Bear.About.the.House.Living.with.My.Supersized.Pet.2017】英国宠物数量达5千万以上，但对于一些人来说汪星人喵星人太过普通。很多人以凶猛动物为伴，一起生活，一起进餐，一起嬉戏。本片讲述超码宠物，7英尺高的熊，9英尺长的鳄鱼。B站英字在线： ​​​ 全文【厉害了！中国发射一枚超级卫星 以后哪里都可以高速上网】你是不是经常都对着手机电脑灰色的信号格望“网”兴叹？而这一切都将成为过去！中国在西昌卫星发射中心成功发射实践十三号卫星，卫星完成在轨试验后被命名为中星16号。这是我国首颗高通量通信卫星，通信总容量超过20G。这项技术的突破，意味着 ​​​ 全文【厉害了！中国发射一枚超级卫星 以后哪里都可以高速上网】你是不是经常都对着手机电脑灰色的信号格望“网”兴叹？而这一切都将成为过去！中国在西昌卫星发射中心成功发射实践十三号卫星，卫星完成在轨试验后被命名为中星16号。这是我国首颗高通量通信卫星，通信总容量超过20G。这项技术的突破，意味着 ​​​ 全文+Heather Mahler ​​​给大家欣赏下我的豪宅[doge]       Instagram：haruharu040777 ​​​从商贩到夜间小巷，摄影师RK用iPhone记录下的一个充满生活气息的东京 ​​​"
yu258347,9,贵在真诚[微笑] ​​​[喇叭] 真爱[心]起来别睡了[喇叭] 你不能抛下我先睡[拍卖] [拍卖] [剪刀] [打针] 🏹  [喇叭] 快点！起~~~[微笑] ​​​凌晨4点起来点赞一定是真爱[心][心] ​​​【俩胖大叔用肚皮模拟声音很逼真，全场笑得前仰后合[笑cry]】两日本男生表演用肚皮做花式音效：水滴滴到水面上的声音、拔木塞声和海豚哭泣声，声音极其逼真还很搞笑，两人把评委和观众逗得前仰后合。大肚子男生的春天到了吗？[偷笑] 时差视频的秒拍视频 ​​​【俩胖大叔用肚皮模拟声音很逼真，全场笑得前仰后合[笑cry]】两日本男生表演用肚皮做花式音效：水滴滴到水面上的声音、拔木塞声和海豚哭泣声，声音极其逼真还很搞笑，两人把评委和观众逗得前仰后合。大肚子男生的春天到了吗？[偷笑] 时差视频的秒拍视频 ​​​就说二货你的日常吧 🙊 ​​​我们来聊聊天吧~ ​​​你要是不对我摆架子你说得你是不是得帅成不要不要的样子了呢~[心] ​​​梦露在人群，1960，来自摄影师Burt Glinn ​​​
呱呱叫的哆咪,3,孔明灯:    又叫天灯，俗称许愿灯，又称祈天灯。是一种古老的中国手工艺品，在古代多做军事用途。现代人放孔明灯多作为祈福 之用。男女老少亲手写下祝福的心愿，象征丰收成功，幸福年年。一般在元宵节，中秋节等重大节日施放。    相传五代（公元907～960）时，有一名叫莘七娘的女子，随丈夫在福建打 ​​​ 全文哆咪的娱乐天地…… 酒泉·南苑 ​​​这小傻狗也太可爱了吧| ˘•ω•˘ )… #谜之微笑# #搞笑# #项羽爱虾说# 项羽爱虾说的秒拍视频 ​​​抱歉，此微博已被作者删除。查看帮助：http://t.cn/Rfd3rQV手撕鬼子的资源找到了，看一次笑一次，不愧是抗日神剧！[允悲]（cr.邓先森）二战那些事的秒拍视频 ​​​OPPO vivo  在线下真是豁出去了[跪了][跪了] 翁安神的秒拍视频 ​ ​​​国外几个知名的DJ，在现场恶搞粉丝，嗨到一半的时候画风突变[笑cry]#搞笑视频榜# 奶罩都笑了的秒拍视频 ​​​2017年法定节假日已过完，剩下的日子只能吃狗粮了[二哈] ​​​应该努力地去生活对过往闭口不提是好是坏皆为经历 ​​​9个实用简单的小动作保护腰椎，平常在家多做做，远离脊椎痛、腰椎痛！ ​​​​ ​​​​
yvette_jing,3,【发胖前的十个信号】1、发现只有一条合身的裤子；2、开始感觉自己邋遢。3、已有一个月没有测量体重；4、赘肉凸现；5、看电视的时候吃零食；6、两周都没想到运动；7、经常口渴；8、开始出现便秘；9、拒绝吃主食；10、不再提前计划自己的饮食。 ​​​【心理箴言】人生最大的修养既不是懦弱也不是忍让，而是察人之难，补人之短，扬人之长，谅人之过，而不会嫉人之才，鄙人之能，讽人之缺，责人之误。包容是肯定自己也承认他人，是一种善待生活，善待别人的境界。 ​​​女人没有安全感，不是你没有钱，而是从你身上看不到希望～～ ​​​某帖子问道：“假如变成了隐形人，你想做的第一件事情是什么？” 在众多的回复中有这么一条：“在闹市街上放100元，谁捡我就踩谁的手。” ​​​寂寞的夜晚，一壶清茶，一些想念，伴着我静静地凝视着漫漫苍穹，我扪心自问，为何你对我忽冷忽热，忽远又忽近呢，我寻不得答案，也许是我不够优秀，也许是我做得不够，也许是我命中注定，你我缘浅.  我在这里：  徐州·上海餐厅 ​​​【香辣鳗鱼】1.鳗鱼去掉大骨头，切小段，用5g盐和料酒腌15分钟，控干；2.鳗鱼表面蘸上干淀粉；3.辣椒碎、孜然碎、盐3g、白芝麻混合均匀；4.鳗鱼入锅炸；5.炸到表面金黄；6.锅内留底油，炒炸过的鳗鱼，把3中配好的调味料撒入，翻炒均匀。 ​​​不要轻易去爱，更不要轻易去恨，努力让自己活得轻松些，让青春多留下些潇洒的印痕。你是快乐的，因为你很单纯，你是迷人的，因为你有一颗宽容的心，你会幸福的，因为你懂得宽容。 ​​​天空飘来八个字，七夕算什么玩意儿，不是一人过，就是两人过！ ​​​【装傻乎乎手段最高明的星座】第一名:双鱼座；第二名:摩羯座；第三名:双子座；第四名:处女座；第五名:狮子座。【最没事业心的星座】第一名:金牛座；第二名:天秤座；第三名:水瓶座；第四名:巨蟹座；第五名：射手座。 ​​​一哥们说了，要追某个女人之前，要搞清楚对方有没有男朋友的最简单的方法是，观察她的膝盖一段时间，看看是否有淤青．．．． ​​​
Tzwd_涛总,1,8.0t  w型16缸 四涡轮增压发动机。 ​​​#NBA球员势力榜# 我已为KevinDurant投票！快来为你喜爱的球星提高排名吧！球员势力榜 ​​​神经衰弱。 ​​​
cuuuuuuuute,2,"溜[猪头]～ 上海·上海来福士广场(黄浦区西藏中路) ​​​简单点，转+关注，明晚11点半抽一人4999！！然后还有今晚11点半转发里抽300人两块，赞里抽100人8.8，评论抽100人8.8.还不中的别灰心，请狠戳http://t.cn/ROkuuKJ这里今晚零点开始到11月11日，都有红包可抽，最大有1111。。@微博抽奖平台 另外通知，从现在到双十一，我的抽奖不会断，双十一当天会抽 ​​​ 全文#双十一天猫红包# 抢红包戳：http://t.cn/ROkQyHJ一姐疯了，她说今天第一波红包很多1111元红包[doge]那我也助力一下~转发这条微博抽100人平分1000[坏笑]明晚开！！感觉我也被一姐传染了[二哈]哈哈哈哈，双十一疯起来吧口令复制：￥GXcK05iKhX6￥ ​​​​抽10台iPhone 8！10台iPhone 8！！转发关注我和@白菜总动员 即可参与11月1日抽十人，每人一台iPhone 811月1日抽十人，每人一台iPhone 8不喜欢可以折现，转吧  爱你 ​​​抽5台iPhone X！！！对的，五人每人一台！！再抽10台 kindle paperwhite！！！再再再抽 六万多现金！！！六万多抽总共六百多人！！9月28日开始抽，10月16日抽最大的，具体时间安排戳图~~~关注+转发我即可，@微博抽奖平台 监督评论和赞看我心情随机发小惊喜。 ​​​​我正在听《说散就散》（来自@酷狗音乐）,你也来听听吧! http://t.cn/ROWhGXw ​​​这是一条评论都是【我不知道什么系列但差不多这种风格的】表情包合集。 ​​​[干杯]来啊，发个小福利，明晚就开奖！抽3名每人1111元，再抽500人每人8.8元 [小黄人高兴] ​​​打扰了    抽个奖一台iPhone 8 Plus+一台美图t8s+一台Kindle Paperwhite 3 +3000RMB【抽一位全部送出】转发+关注我和@红包口令君 即可参与[ok]10.23日通过@微博抽奖平台 抽出 ​​​#粉丝福利# 下月12日抽奖送一个[小嘴]iPhoneX[小嘴]把我们的#TVG写真#和#TVG轻奢婚纱照#设作屏保是不是很好看？等X上市我们就去买！记得转关！ ​​​"
亦翮,3,觉得内向者好像自带一个隐形能量槽，需要跟人打交道的时候就会清空一点，有压力时也会清空一点，疲劳也会清空一点。能量槽积累到至少50%才能给人打电话，80%才能跟人出去聚会，90%才能打投诉电话……[允悲] 总之，如果面对邀约的时候我说“啊不是很方便…”有时不是邀约的人不对，也不是聚会的内容我不 ​​​ 全文#热血格斗迷# 找准时机，你也能成为KO高手！ 格斗迷的秒拍视频 ​​​看到你如此悲伤，这就是我出现的原因。 ​​​剩下的回忆，我会一个人慢慢走完。我会一个人去奈良，去北海道，去看雪看极光。我会在时间的长河中慢慢去学会释然。我在日本会好好的。希望你也是。很多事情。不能后退不能后悔。唯愿此生，永不再相见。…我真后悔爱上你。 ​​​到底什么才是真正的爱情。是一时的喜欢？还是看一时的感觉？还是一时的利用？一时的需要？我和你在一起只是我身边刚好是你？啊啊啊啊啊啊啊啊啊啊啊。我明明已经做好了和你过一生的准备。却不知道你已经打算要走。 ​​​到底什么才是真正的爱情。是一时的喜欢？还是看一时的感觉？还是一时的利用？一时的需要？我和你在一起只是我身边刚好是你？啊啊啊啊啊啊啊啊啊啊啊。我明明已经做好了和你过一生的准备。却不知道你已经打算要走。 ​​​马力全开！热血格斗！工作室携手格斗梦工厂首部漫画作品《格斗西游传》问世！主笔@刘冬子 编剧 @平常心1217   助力11月25日@UFC终极格斗冠军赛 首秀中国上海！ ​​​说来奇怪，自从最近练了打拳后，我就老想和比我大一级的那个俄罗斯毛熊打一架（目测身高180+体重200+一头金毛+酒糟鼻）…这大概就是一个男人的血性？我好像可以理解了为什么那些真正上过战场杀过人的士兵与现在的军训教官，气质与眼神完全不一样。大概就是你明知不敌，但仍不缺乏对视的勇气。 ​​​来世愿做一只巨大的乌鸦。有恩必报，有仇必偿。衔血凌空，肆意翱翔，黑色巨大的羽翼遮蔽了血日与天空，眼里闪烁的是阴森诡异的光，当黑夜降临，然后，就请你，自由的飞吧。 ​​​#早安原画人# 这样美好的少年少女，谁会不喜欢呢？[小黄人高兴]@眠狼 近期作品分享 ​​​
伟大的晗201703,1,期待她的古装剧  超美的[花痴] ​​​
jx083,2,想听echo哭哭[害怕] ​​​没有 ​​​#新生因变而生# 送福利了，感觉运动好了小腿粗了好赞真心是不错的哈，嘿嘿~~ ​​​霆大王！你要保護臣妾！一會還玩更刺激刺激的！@William威廉陈伟霆 ​​​ 《餐饮管理>> 餐饮文书>> 演讲稿》 (来自 @头条博客) http://t.cn/zOYMS8h ​​​
农夫在种地,10,580智尚版官方指导价。 青岛·北宅街区 ​​​580智联版官方指导价。 青岛·北宅街区 ​​​风光580卖了二十万台了么~ ​​​在家启动车，中间的路程，保不准有小偷~ 青岛·北宅街区 ​​​一个在屋里，一个在屋外，不限距离，都可以远程操作。互联，只要通过手机就可以控制全车。 青岛·北宅街区 农夫在种地的秒拍视频 ​​​360全景泊车系统。 青岛·北宅街区 ​​​会对话，更智联。 青岛·北宅街区 ​​​东风风光580智联版的卖点就是人机交互 青岛·北宅街区 ​​​第一场发布会竟然是东风风光580上市的发布会[汗]#风光580智联型上市发布会# 青岛·北宅街区 ​​​科二挂掉了。 即墨·龙泉镇 ​​​
lovely靡靡茶_DM,3,【上校鸡块】还是自己做的上校鸡块够味好吃！无添加，更健康！get[馋嘴] ​#食用收集# ​​​这也许是史上最好最全的VLOOKUP函数教程 这也许是史上最好最全的VLOOKUP函数教程 ​​​【58个超实用网站，助你提升自我 ​】#考研大搜罗# ​​​#Dr韩英文儿歌精选# 系列31——Baby Shark[兔子]这首十分经典的儿歌，帮助宝宝熟悉家庭成员名字。这个版本的画面是我见过的版本里最可爱的。这首儿歌里我们还可以注意到编排时的快慢节奏变化，其实我们与孩子一起唱歌，为孩子念绘本时，如果能做到绘声绘色，便是最优质的早教[心] 秒拍视频  ​​​ 全文“可怜我们这些害羞的人，总被误会成高冷。 ” ​​​#M鹿M的红包#Boomshakalaka！我在M鹿M 的红包中抽到了@微博电影 提供的“电影代金券”，2017年的小惊喜！也许你的惊喜更大哦~M鹿M 的红包 ​​​#吴尊的红包#Boomshakalaka！我在吴尊 的红包中抽到了@让红包飞 提供的“处女座财神卡”，2017年的小惊喜！也许你的惊喜更大哦~吴尊 的红包 ​​​#李晨的红包#Boomshakalaka！我在李晨 的红包中抽到了@滴滴出行 提供的“滴滴贺岁感恩券”，2017年的小惊喜！也许你的惊喜更大哦~李晨 的红包 ​​​#洛杉矶胖爸爸的红包#boom boom boom！我在洛杉矶胖爸爸 的红包中抽到了“赴美生子优惠券”！2017年的小惊喜！也许你的惊喜更大哦~洛杉矶胖爸爸 的红包 ​​​#美容师Po的红包#Boomshakalaka！我在美容师Po 的红包中抽到了@聚美陈欧 提供的“聚美百元礼包”，2017年的小惊喜！也许你的惊喜更大哦~美容师Po 的红包 ​​​
Scratchwound,1,。 ​​​靠谱的兼职赚钱APP，0成本，上手快，月入过万！http://t.cn/RaC8x1G ​​​#沃•开心#  脑洞艺术家Daihei Shibata制作的一个视频，你永远想不到下一秒会发生什么 [笑cry]http://t.cn/R6PZ9JY ​​​#米妮大萌萌mini的红包#Boomshakalaka！我在米妮大萌萌mini 的红包中抽到了@让红包飞 提供的“处女座财神卡”，2017年的小惊喜！也许你的惊喜更大哦~米妮大萌萌mini 的红包 ​​​谁能告诉我为什么女生照照片喜欢只照半张脸 ​​​
淳朴的上海男人,1,每个人都不容易，我愿意当吃亏的那个人 ​​​赢了！第一次现场看[足球]感谢申花，带来精彩比赛和震撼也希望受伤球员早日康复。 ​​​
meinierweijie,3,我免费围观了 @马栏坡的新鲜事 的回答，问题价值 1.00 元，快来一起免费围观~ 微博问答:邓超当年拍屠龙记的时候出轨安性女明星被孙俪追奸是真的吗？前段时候又爆出轨江一燕，她是什么背景？邓超和孙俪小俩口现实中真像现在这么恩爱吗？ ​​​我免费围观了 @陶短房 的回答，问题价值 29.99 元，快来一起免费围观~ 微博问答:画家吴欢曝光:著名演员张少华（即为图中人物），年轻时候以红卫兵队长的身份，带队抄砸了他父母的家，并且把他母亲新凤霞的半月板踢坏，并且抢走了齐白石画像据为己有。而 ​​​我免费围观了 @鲍迪克 的回答，问题价值 108.00 元，快来一起免费围观~ 微博问答:鲍老师好，你怎么看待94年清华校友朱令案？在各种版本的猜测中，你认为真相更可能是哪一种，孙某是否无辜？你怎么看待二逼瓦西里和一毛不拔大师贝志诚的争论？朱令还能康复 ​​​你学历高，你所学的知识并没有什么用，有用的是这代表你智商比别人高、比别人有耐力、能吃苦！这些特质让你成功。而不是你的高学历让你成功。 ​​​读不读大学的差距，是这样影响我们一生的。 ​​​红土航空又晚点🙈我们坐哪趟航空都不开心！！！ 南京·南京禄口国际机场T2航站楼(上港路) ​​​我在这里 南京·秣陵街区 ​​​我免费围观了 @王福重 的回答，问题价值 200.00 元，快来一起免费围观~ 微博问答:王老师，平谷线开通，有人说燕郊房价涨，北京房价跌，是这样吗？ ​​​坑比九元航空垃圾公司早晚倒闭，收的托运行李费比机票都贵！祝愿你们早日倒塌，大家都别坐。 海口·海口美兰国际机场 ​​​其实廉价航空公司的机票也并不便宜，我买的时候都没有注意，只是选不成座位我才注意到。加上托运行李每个人差不多增加350元行李费。估计上飞机后吃饭喝水还会增加一些费用。这个廉价已经很不廉价了。 海口·海口美兰国际机场 ​​​
Qlouds,1,我刚刚在摩点上支持了这个项目:【中国独立游戏大电影】《中国独立游戏大电影》（暂名），是一部记录中国独立游开发者创作历程的纪录片。制作组希望通过独立拍摄的形式，尽可能真实地呈现中国独立游戏开发者... 中国独立游戏大电影，用独立的方式记录独立游戏 ​​​爆头案例分析:1。发球前不做卡线测试。先小力度发球进行测试的话，就不会受伤；2。懒。从拿到球两手旋转紧线的方式来看，不是自己从头绕线的，从沙发的报纸来看，这颗球很可能被弟弟或客人动过，卡线后没有解开就放在那。对别人绕一半的球应保持警惕，解开重绕！3。逃脱发球姿势错误。身体侧向；手 ​​​ 全文yet another empty shell. ​​​图层计算：正确，移动计算：正确，跳跃计算：正确，下落计算：正确哈哈哈[二哈] ​​​【入手 iPhone X 之前，说说手势操作那些事儿】目前关于 iPhone X 的大多数讨论都停留在硬件等方面，而我们则更加关注系统和交互的变化，这一篇，我们要回到过去，说一说手势操作那些事儿。@老麦煮机 | 全文：http://t.cn/R0GHiBJ ​​​高兴一晚上！ ​​​有个动得有点快。。 ​​​改动有点大，垂直移动都有问题了。。不过图层计算好像是正确的。。 ​​​能动啦 ​​​一直在写的游戏小样..现在终于有了一个计算正确的版本，这个星期争取把移动给做出来吧.. ​​​
多莲子,2,"继315之后，92后已经是中年人了[二哈]改善中年人黑眼圈秘方曝光了，仅要1元你信吗[摊手]【秘方暗号：329445】【阿萨伊果冻】狙击糖化保护视力 淡化黑眼圈 眼睛酸涩眼干 护眼#二姨妈的小分享# 秒拍视频 . ​​​可不可以不勇敢。 ​​​我总认为人生早有安排，这一生中，两个人会相遇的次数是固定的，后来见一次就少一次了。我又觉得，好像聊天也是一样的，该说的说完了，就没有要说的话了。 ​​​来打个招呼吧。“嗨！早啊。天气真冷。” ​​​下雨了，天气骤冷，在12月的头一天，像是算好的日期，刚刚好。如果人生刚刚好，相遇刚刚好，相伴刚刚好，那么活着真好。可若没有错过和失去，怎会懂得珍惜，又怎能明白什么才叫刚刚好。 ​​​下雨了，天气骤冷，在12月的头一天。 ​​​好多那个时候常听的歌，现在歌名都想不起来了。原来，不去触碰就会陌生。 ​​​车技不好，拐个弯要用推的。一过路小伙:嘿！拖车不？我:哟！不用不用！减肥呢。[可怜]事实上技不如人:怪我咯？ ​​​山有木兮木有枝,心悦君兮君不知。 ​​​说好不为你忧伤，但心情怎会无恙。 ​​​"
黄千仪64425,3,"今天我在#百词斩# 背了45个《高考高分》单词， 我已经在百词斩坚持了9天。你也来背单词吧 >>> 百词斩 首页 ​​​我已经坚持了2天英文阅读, 完成了2篇文章 http://t.cn/Rp69Y2X ​​​今天我在#百词斩# 背了25个《高考高分》单词， 我已经在百词斩坚持了9天。你也来背单词吧 >>> 百词斩 首页 ​​​我已经坚持了1天英文阅读, 完成了1篇文章 http://t.cn/RpMEVkW ​​​「Try and Try Hard」要玩儿 就玩儿真哒～ http://t.cn/RpM8DJP ​​​#我爱二次元#耳朵要怀孕！人气王Lao干妈超赞戏腔唱古风版 《典狱司》，有多少人沉迷辣酱日渐消瘦[污]#Lao乾媽# 微博视频 ​​​杭州有哪些值得一去的地方和必须品尝的美食？ ​​​​狗是没有意识的动物（只有人类是有意识的，其他动物的行为完全都是出于物种本能）。狗不会故意恶意伤人，如果出事，也是因为主人没有管教好，怎么能把责任怪在狗身上？我们不谈什么生命平等，但单单所谓＂恶犬＂等等称呼，就是一种强加的罪名。犬类伤人，被惩治的应该是不负责的主人，而不是让狗来承担 ​​​ 全文卧槽，这是我见过最毒的了，不得不信 ​​​. ​​​#橙光游戏赛高#我在用橙光游戏（安卓客户端）玩《 君王六百年（12／12更新） 》呢~因为实在是太吸引人了，让我随时随地都想玩一玩[太开心]小伙伴们也要来一起玩哟（分享自@橙光游戏中心）橙光游戏（安卓客户端）下载地址:http://t.cn/RMOYYWS ​​​"
浦西伐客,2,最近连续四天微博小秘书都给我发了私信但是总是打不开我估计是推送人民日报写给青年的信可能我已经不是青年了吧 ​​​追尾的傻逼坚持要先寄发票，等保险公司赔钱后再转账给我。傻逼见得多了，这么恶心的傻逼还是第一次见，估计是在东莞做鹅的。 ​​​车被追尾，对方全责，一直催我快点定损，但是对方车险公司人寿，拖了8个工作日才出价格，而且旧件单还没出来。我好心把价格先告诉对方，没想到这个傻逼说太贵了你一定是加了什么项目吧我只会付该付的责任。我操他娘的大傻逼，你搞别人肚子搞多了吧！早知道就给点钱给4S店来个全套大保健不对是保养了！ ​​​围棋手即将转型成程序员，就像赛车。舒马赫驾驶技术牛逼，但是要拿冠军，还得看车队引擎给力与否。 ​​​不适合跑步，鉴定完毕。 ​​​所以，一开始就是哥哥陷害弟弟，最后弟弟又代替哥哥坐牢。下一季名字就叫白夜追凶之越狱？ ​​​《天才枪手》，怎么讲，我至少可以想出5种比女主角钢琴课科学、便捷、不易出错的作弊方法。某些片段还是挺有意思的。 ​​​这一天真正来的时候是这么的措手不及，连我最爱的The Simpsons都没下完……现在大学外面还有光盘卖吗？ ​​​德布劳内真心厉害 ​​​“您好，很抱歉您的回答受到牵连。知乎禁止政治敏感，问题「北京的高房价是否透支了外来年轻人的创造力和生活品质？」由于违反知乎规范被删除，导致您的回答也受到牵连被删除，还请您谅解。具体规范烦请查看知乎社区管理规定 。如果有其他疑问，欢迎您随时来信询问。查看详情”[二哈][二哈][二哈] ​​​ 全文
用户6388230396,8,扫一扫我的微博二维码名片，关注我吧~ ​​​社会上的好心人们大家好，本人叫赵银胜25岁，2015年我换上了强直性脊柱炎病。两年以来为了治病花光了所有积蓄。已经是无法在继续治疗。家中爸妈都以年过六旭，在家就靠种点地还不够维持生活。本人因病重现什么都做不了。希望有爱的好心人们帮我一把，求求你们了，也许我自己不怕死，但是每当我看到爸爸 ​​​ 全文“高科技？神秘秘方？酒店神嚎给你揭开真相！#老王搞事##祖传秘方##揭开真相##高科技##江湖郎中#”老王搞事的秒拍视频 （使用#秒拍#录制，免流量看热门短视频！） ​​​社会上的好心人们大家好，本人叫赵银胜25岁，2015年我换上了强直性脊柱炎病。两年以来为了治病花光了所有积蓄。已经是无法在继续治疗。家中爸妈都以年过六旭，在家就靠种点地还不够维持生活。本人因病重现什么都做不了。希望有爱的好心人们帮我一把，求求你们了，也许我自己不怕死，但是每当我看到爸爸 ​​​ 全文社会上的好心人们大家好，本人叫赵银胜25岁，2015年我换上了强直性脊柱炎病。两年以来为了治病花光了所有积蓄。已经是无法在继续治疗。家中爸妈都以年过六旭，在家就靠种点地还不够维持生活。本人因病重现什么都做不了。希望有爱的好心人们帮我一把，求求你们了，也许我自己不怕死，但是每当我看到爸爸 ​​​ 全文社会上的好心人们大家好，本人叫赵银胜25岁，2015年我换上了强直性脊柱炎病。两年以来为了治病花光了所有积蓄。已经是无法在继续治疗。家中爸妈都以年过六旭，在家就靠种点地还不够维持生活。本人因病重现什么都做不了。希望有爱的好心人们帮我一把，求求你们了，也许我自己不怕死，但是每当我看到爸爸 ​​​ 全文【“我快不行了，让我再看一眼儿子吧！”老爸在抢救，儿子却在隔壁救别人！】10月19日上午11点左右，台州医院心血管内科副主任医师葛卫力完成了一位病人手术后，口罩还来不及摘，就问身边的护士徐超：我爸爸怎么样了？手术还顺利吧？当得知父亲已经顺利完成手术时，葛卫力这才放下心。事实上，在父亲心 ​​​ 全文【有钱人终成眷属？男子为女主播刷9千万礼物抱得美人归】日前，有网友爆料一直播第一女主播vivianf和给她刷了九千万人民币的榜一要结婚了，评论都说“这大概就是嫁给爱情吧”。 ​​​
饼干和萝卜_691,1,一直觉得这个《See you again》MV才最有感觉，单曲循环了好久，致敬保罗！ 热门搞笑排行榜的秒拍视频 ​​​
LIRUOXIBABY,1,#吃喝玩乐切# 流口水啊！！！！夏天吃超棒的#快手炒面#，自己在家几分钟搞定，比外面买的好吃100倍，吃货试试啊[兔子]（大胃爱丽丝） ​​​​分享图片 ​​​分享图片 ​​​分享图片 ​​​分享图片 ​​​终于找到这个小姑娘剪刘海的完整视频了！可爱得不要不要的！长大了不得了啊[笑cry]http://t.cn/RoQR8ac ​​​五瓣樱花规整比例的画法，马了学～[胜利]️ 秒拍视频 ​​​运动后的拉伸动作！可以放松并加强运动减肥效果！ ​​​​这个一定要收[赞] ​​​​祝你生日快乐 ​​​教你如何拍出大长腿！http://t.cn/RSYyHMg ​​​
Youngurt_D,1,拳打三星脚踢苹果[doge]，835跑得过么[笑cry]。。。 ​​​hhh~~~ 又一部被名字和颜值制裁了的国宝级影片，三傻的既视感。。 ​​​那些说放水的人也不知道怎么想的，这分明是AHQ打累了呀，你看SKT遇到EDG不是证明自己还是SKT嘛。（除非尾款没结清[doge]） ​​​土名好养活还可以理解。。但是男孩取女孩名，女孩取男孩名好养活是谁编出来的！？ ​​​本来还在想skt今年是真被打蒙了还是因为别的。。。转眼就被啪～啪～啪～不过可以放心了，离开pawn的EDG这次真的很精彩！！！十五的月亮十七圆hhh～～～ps:不碰毒药的原因不是因为别的就是因为碰过lol[doge] ​​​现在医院的漱口水可以去申请麻醉专利了，嘴里醉到没感觉。。我貌似比这个人的智商削微高辣么一丢丢，吃的鱼香肉丝，后来特么才知道是辣的。。。然后这个花好月圆的小长假就基本告别饮食了-----------~~中秋快乐~~------------- ​​​永顺炸鸡什么时候变成通州的特产了，怎么就我这个本地人不知道[允悲]。。。 ​​​加上本故事纯属虚构呀！ ​​​瞎说！分明是39个！315j的彩蛋，不过原来片尾都是自动跳过，233~~ ​​​Surprise[允悲]我的心态呀。。！！这回彻底把祖宗给端过来了。。第7窝了，不想走进为何要走近[微笑]。 ​​​
情香缘-波,1,我的午餐唉 ​​​这是一幅很神奇的招财转运符，据传，68秒内转发，正财偏财都来，好运就会降临！ ​​​
飞老七,2,分享图片 ​​​我参与了@思想聚焦 发起的投票【挂号难，谁之过】，我投给了“小地方医疗条件差，得了病都往大医院跑！”这个选项。你也快来表态吧：挂号难，谁之过 ​​​抱歉，此微博已被作者删除。查看帮助：http://t.cn/Rfd3rQV我刚更新了#新浪微博G3版客户端#，1.信息流新增地点卡片；2.新增悄悄关注分组，发给我的定向微博分组；4.会员支持微博置顶；5.广场新增掌上营业厅；6.支持Android 4.2系统；下载地址：http://t.cn/zjDKHUi ​​​1965年2月李小龙参加美国福克斯电影公司面试。。。什么是霸气外露，信心十足~~！[good]    http://t.cn/z0FBMcJ   ​​​这是一张珍贵的照片！50年代，一个中国女孩在台湾大街上被一个美国大兵偷拍。照片上的女孩儿非常气愤，恶狠狠的看着拍照的美国小子。她叫毕丽娜，来自哈尔滨。他叫费伟德，是一名驻台美军。这是他们第一次见面的情景。后来他们相知相恋，1960年的圣诞节，他们的儿子出生，中文名叫做费翔。 ​​​新人到，人欢笑，朗里个朗 ​​​
呆萌的天使在微笑,1,你确不在 铜仁·铜仁职业技术学院 ​​​
天玎,1,这年头，不来个腰肌劳损，重度脂肪肝，肾结石，都不好意思出来混 ​​​今年布克奖的短名单已经公布，入围的是：《4321》 by Paul Auster《History of Wolves》 by Emily Fridlund《Exit West》 by Mohsin Hamid《Elmet》 by Fiona Mozley《Lincoln in the Bardo》 by George Saunders《Autumn》 by Ali Smith ​​​出门上班，电梯里面老奶奶看我低头看手机说，别老是看手机，对颈椎不好，站姿要做到后颈碰到衣领，但是得自然放松。 ​​​nginx 确实是神器；新 MacBook Pro 性能渣、续航渣、键盘渣 ​​​各种圆的线条动效设计，爽的不要不要的~~~ ​​​让专业的人做专业的事情，可以减少太多成本消耗。 ​​​不熬夜；不吃垃圾食品、外卖；系统健身。 ​​​萌萌的猫爪，很可爱呢[doge] ​​​阿里云真是垃圾 ​​​小人总会在阴暗处露个头，恶心你一下。 ​​​
用户6390225166,10,【有认识葛爱玲的可以加微信必有重谢】 有认识葛爱玲的可以加微信必有重谢 有认识葛爱玲的可以加微信必有重谢 （分享自 @百度贴吧）#百度贴吧# http://t.cn/RWL9X5D ​​​【需要的加微信】 需要的加微信 需要的加微信 （分享自 @百度贴吧）#百度贴吧# http://t.cn/RWLKxDl ​​​没想到能找到这张照片？无论十年二十年请记住我没有忘掉你。 ​​​漂亮不漂亮嘻嘻！ ​​​【巾帼枭雄之谍血长天http://t.cn/RJLTMAH】 巾帼枭雄之谍血长天http://t.cn/RJLTMAH 巾帼枭雄之谍血长天 http://t.cn/RWLIoUQ（分享自 @百度贴吧）#百度贴吧# http://t.cn/RWLIoyN ​​​【枭雄收规华国语链接:http://t.cn/RyhXctM】 枭雄收规华国语链接:http://t.cn/RyhXctM 枭雄 收规华 国语链接:http://t.cn/8kRBzcQ（分享自 @百度贴吧）#百度贴吧# http://t.cn/RWLfuF5 ​​​【枭雄收规华国语链接:http://t.cn/RyhXctM】 枭雄收规华国语链接:http://t.cn/RyhXctM 枭雄 收规华 国语链接:http://t.cn/8kRBzcQ（分享自 @百度贴吧）#百度贴吧# http://t.cn/RWLflFJ ​​​【枭雄收规华国语链接:http://t.cn/RyhXctM】 枭雄收规华国语链接:http://t.cn/RyhXctM 枭雄 收规华 国语链接:http://t.cn/8kRBzcQ（分享自 @百度贴吧）#百度贴吧# http://t.cn/RWLfK5P ​​​【S破狼·贪狼.1080P.WEB-DL.H264.AAC.C】 S破狼·贪狼.1080P.WEB-DL.H264.AAC.C S破狼·贪狼.1080P.WEB-DL.H264.AAC.CHT-YueTV...（分享自 @百度贴吧）#百度贴吧# http://t.cn/RWLVk1v ​​​【少年锦衣卫2.2017。http://t.cn/zOQQapR】 少年锦衣卫2.2017。http://t.cn/zOQQapR 少年锦衣卫2.2017。http://t.cn/R4beatR（分享自 @百度贴吧）#百度贴吧# http://t.cn/RWLVY3j ​​​
Ping_world,1,#李银河# ​​​这是我的亲堂弟贾巴伍各。6月14日十二点十分点，持枪的贩毒歹徒夺走了他三十四岁的生命。人民失去了一个好警察，而我，失去了一个亲人，失去了一个生命里最踏实最靠谱的亲人。他5岁的大女儿刚刚上幼儿园，小儿子一岁多，刚会走路。一家族的人都为这两个娃娃唉声叹气。妻子是汉人，当初他们恋爱了九年 ​​​ 全文#看过《萤火之森》# 我的评分：★★★★★ 五年前一个女孩子说，就像萤火之森中无法拥抱的痛苦吧。整部片子毫不拖沓，清新，绿意盎然。喜欢这样简单的感觉。百度账号无意中用了Kim的头像这么久，想想也是很奇妙。 http://t.cn/RZrSRID ​​​在鸡蛋与高墙之间，总是选择站在鸡蛋一边 ​​​心情有点复杂的一天复杂的时候总想写下来理一理错失了我的三万大奖和导员谈话后回宿舍复习发现了下午考试系统的漏洞舍友全开动 考试全起飞自己做得挺日狗晚上满校园荧光流动老友亲切得让人想拥抱四处顾盼流连 都是美好结束一个长期压在心上的事时总会忽然空落落的看云上的“近期任务”忽 ​​​ 全文C919不负众望，一飞冲天，可喜可贺!为了这一刻中国等了30年，泪奔啊～1980年，中国自行研制的大飞机运10首飞成功，但1986年在美国忽悠下正式下马。没有完全自主产权的大飞机平台，就没有加油机电子干扰机预警机反潜机运输机等军用支援飞机的可用平台，C919定型后将解决这一系列问题。天高任鸟飞，海阔 ​​​ 全文过得真舒坦[微笑] ​​​
龙爸2797433805,3,我发表了头条文章:《人啊》 人啊 ​​​男人都有六副模样：平时像人一样；偷情像贼一样；约会像鬼一样；上床像狼一样；完事像猪一样；情人面前像猫一样……女人也有六副模样：男人面前像处女一样；吃零食像老鼠一样；谈情说爱笑的像蜜一样；上了床像疯了一样；叫喊起来没命一样；到了高潮像断气一样。千万别笑，你也一样。 ​​​茉莉花也开了[兔子] 我在:http://t.cn/zWQMvzv ​​​急事，慢慢的说；大事，清楚的说；没把握的事，谨慎的说；没发生的事，不要胡说；做不到的事，不要乱说；伤害人的事，不能说；讨厌的事，对事不对人的说；开心的事，看场合说；伤心的事，不要见人就说；别人的事，尽量别说；自己的事，听听自己的心怎么说；现在的事，做了再说；未来的事，未来再说。 ​​​抱歉，此微博已被作者删除。查看帮助：http://t.cn/Rfd3rQV想睡觉却不能够，因为在上班上夜班。困死了也没办法，因为在上夜班。可怕，的夜班。该死的夜班。不的不上的夜班。都是钱惹的祸。唉，钱啊何时才够花才够用。就不用在上夜班。那将会多幸福。幻想中夜班。 我在:http://t.cn/zWTsfyk ​​​该微博因被多人举报，根据《微博社区管理规定》，已被删除。查看帮助：http://t.cn/Rfd14WY该微博因被多人举报，根据《微博社区管理规定》，已被删除。查看帮助：http://t.cn/Rfd14WY
sweet落梅如雨,2,#年糕妈妈说育儿#我已经错过了拯救世界的机会，但绝不能再错过它，这些超值大奖！我参加了活动“抽价值316妈咪包”，你也来试试手气 抽价值316妈咪包 ​​​我围观了@洛杉矶房东 的回答，该问题价值50.00元，围观仅1元，快来一起围观~ 微博问答:房东！打算离开上海，去新一线城市落户，苏州、武汉、南京、杭州、无锡，青岛、郑州，这几个城市，该选哪个？ 我现在在上海工作，但没有上海户口，上海这边落户也较难，没 ​​​买房是最需要技巧、经验和战略的，所以这着实是一篇详述买房的实用干货。#财经MCN#《【纯干货】买房终极攻略吐血整理！不得不收藏！》 【纯干货】买房终极攻略吐血整理！不得不收藏！ ​​​周传雄《关不上的窗》，我是心门上了锁的一扇窗，任寒风来来去去关不上，这些年无法修补的风霜，看来格外的凄凉。 [心] 思想聚焦的秒拍视频 ​​​我在《微博财经·投资达人说》为 @时间轨迹s 老师打榜，铁杆贡献值+1，希望老师拿下本周周榜冠军！ 投资达人说·大V人气榜 ​​​我在《微博财经·投资达人说》为 @时间轨迹s 老师打榜，铁杆贡献值+1，希望老师拿下本周周榜冠军！ 投资达人说·大V人气榜 ​​​我在《微博财经·投资达人说》为 @时间轨迹s 老师打榜，铁杆贡献值+1，希望老师拿下本周周榜冠军！ 投资达人说·大V人气榜 ​​​【塞舌尔——游记】一个消费不高、不用签证的国家，来跟随作者那既风趣又逗逼的画风，来领略一下这个西印度洋的群岛国家吧 ​ ​​​​我围观了@洛杉矶房东 的回答，该问题价值50.00元，围观仅1元，快来一起围观~ 微博问答:房东好。中国的房价涨跌真是雾里看花啊！怪不得楼市如此让人着迷。新闻报道限购的城市成交低迷，价格回落，例如北上深，环京。可微博看到的情况例如成都，武汉，南京，环沪 ​​​我免费围观了 @洛杉矶房东 的回答，问题价值 20.00 元，快来一起免费围观~ 微博问答:房东你好，我打算以后定居在强二线城市，请问我等普通大众有必要买落户政策规定的面积大小的房子吗？总之就是想问强二线城市（如成都）的户口重要吗？ ​​​
史微笑的活在水里的鱼,1,发生了一些事儿，让我决定重新记录肥肠的一年，舍之才得之，加油我的儿砸[加油] ​​​【好妈妈每天尽量为孩子做到九件事】1.每天醒来一个微笑；2.自己做早饭；3.准备一套干净的衣服；4.送孩子到教室；5.接孩子时给孩子一个充满爱的拥抱；6.带孩子参与劳动；7.饭后散步；8.陪孩子玩一个小时；9.睡前看书讲故事。 ​​​
popvip44,1,手头工作告一段落，一高兴，失眠了。。。 ​​​分享图片 ​​​久经波折，终于找到一个比较妥善的解决方案，差不多可以结题了，爽 ​​​过年回来忙的跟[狗]一样然后网易就非常体贴的推送了这首Terror...瞬间炸毛，体力max＜（￣︶￣）＞　 分享单曲Terror（@网易云音乐） ​​​一口气看完逃避可耻但有用，忍不住二刷了，刷完之后又有了三刷的念头(/ω＼)，太可怕了，赶紧上张gakki smile压压惊 ​​​「逃避可耻但有用」ED 未公开画面初披露！各种NG和花絮可爱可爱！ http://t.cn/RfrPcEL ​​​哈哈哈哈哈这画师有毒啊！你名的几个NG镜头[二哈]（P站：http://t.cn/RfBMBMk ​​​#银魂# 见到阿银的第一反应，历史总是惊人的相似[拜拜] ​​​@命运-冠位指定  一次尝试，诸多忐忑。 ​​​我以前和你一样也是个Saber，直到我……看到了零食 [喵喵] ​​​
用户6388288532,1,明天会更好，加油[太开心][太开心][太开心][太开心] ​​​
上海迪士尼青青客舍3399,4,《姑娘的时候》 作者：上海迪士尼青青客舍3399 查看全文：http://t.cn/RO1H56p 分享自@新浪博客 更多精彩内容请下载 http://t.cn/R4PB99w ​​​《2017年10月21日》 作者：上海迪士尼青青客舍3399 查看全文：http://t.cn/RWZ33Yv 分享自@新浪博客 更多精彩内容请下载 http://t.cn/R4PB99w ​​​《10/10日最新上海迪士尼攻略，只需重点》 10/10日最新上海迪士尼攻略，只需重点 我发现了一篇超精彩的【上海游记】，速来围观！我在 @蚂蜂窝自由行 发现了N多蚂蜂窝游记，自由出行必备，下载APP> 蚂蜂窝自由行 官方订阅号 ​​​我发表了头条文章:《上海迪士尼青青客舍花园民宿》 上海迪士尼青青客舍花园民宿 上海·川沙新镇 ​​​【上海青青客舍是我们自己的房子，自己经营，无论硬装软装都比较用】 上海青青客舍是我们自己的房子，自己经营，无论硬装软装都比较用 上海青青客舍是我们自己的房子，自己经营，无论硬装软装都比较用心，我本人是船舶...（分享自 @百度贴吧）#百度贴吧# http://t.cn/RWv8kO7 ​​​《10/10日最新上海迪士尼攻略，只需重点》 10/10日最新上海迪士尼攻略，只需重点 我发现了一篇超精彩的【上海游记】，速来围观！我在 @蚂蜂窝自由行 发现了N多蚂蜂窝游记，自由出行必备，下载APP> 蚂蜂窝自由行 官方订阅号 ​​​《2017年10月19日》 作者：上海迪士尼青青客舍3399 查看全文：http://t.cn/ROkVgPB 分享自@新浪博客 更多精彩内容请下载 http://t.cn/R4PB99w ​​​《10/10日最新上海迪士尼攻略，只需重点》 10/10日最新上海迪士尼攻略，只需重点 我发现了一篇超精彩的【上海游记】，速来围观！我在 @蚂蜂窝自由行 发现了N多蚂蜂窝游记，自由出行必备，下载APP> 蚂蜂窝自由行 官方订阅号 ​​​【上海迪士尼青青客舍花园民宿是个靠近迪士尼度假区的独立带院子小】 上海迪士尼青青客舍花园民宿是个靠近迪士尼度假区的独立带院子小 上海迪士尼青青客舍花园民宿是个靠近迪士尼度假区的独立带院子小楼，距离上海迪士...（分享自 @百度贴吧）#百度贴吧# http://t.cn/ROe1BvZ ​​​
假的土豆,2,OMG！新赛季第一天就出现这种大伤太令人沮丧，恐怖的画面让我想起同样经历过断腿大伤的保罗乔治和利文斯顿，但他们最终满血复活！为海沃德祈祷，早日康复。CBA因故推迟一周，希望所有球员好好准备，保护好身体，远离伤病，伤病滚粗！韦德跪地詹皇掩面 全场祈祷海沃德伤情场面感人 ​​​克利夫兰骑士新赛季最新宣传片出炉~[舔屏] 秒拍视频 . ​​​郭士强赛后采访！ 对方球迷好自为之吧！！！ 辽宁篮球的秒拍视频 ​​​
我为我的信仰,1,祝你生日快乐 ​​​祖国生日快乐 淮南·淮南师范学院 ​​​【青岛旅游攻略】青岛，这个充满魅力的北方海滨城市，拥有很多迷人的自然风光还有，到青岛不要轻易尝试白花蛇草水，真的。更多旅行攻略，请关.注.我  #行走旅行人生# ​​​#IT技术分享#【C++实战干货合辑】1玩转算法面试 http://t.cn/RidExp02懒癌者的福音：最全C、C++算法集合http://t.cn/Rttvt1X3如何成为一个优秀的高级C++程序员http://t.cn/RfVd5FY4漫谈C++：良好的编程习惯与编程要点http://t.cn/R5A5DSh5面试中的排序算法总结http://t.cn/R5XQC31 ​​​你的每一次规范骑行，都在为这个城市的文明接力。规范用车，从我做起。 ​​​当女程序员遇到问题 ​​​【干货！史上最全的生活小技巧[赞]】整整40分钟，全部都是最棒的生活技巧！每一个都帮你省心省力到不行↓↓转发收藏，一切生活中的小问题都会迎刃而解！还不赶快马走！http://t.cn/RJUEEoO（网络） ​​​春节期间，和亲戚独处的你。生动形象！ http://t.cn/Rxp1Mk6 . ​ ​​​【寒假推荐：100个句子记完7000个单词[推荐]】不同的英语考试对词汇量有不同的要求，四级4000+、六级5500+、托福8000+、GRE10000+……基础不扎实、单词记不住？记住这100个句子，搞定7000个英文单词不是梦！转发收藏，利用寒假，给自己充充电！ ​​​从上帝的视觉去看这美丽的大自然，来自瑞典摄影师Tobias Hägg的航拍作品，更多可看其instagram:airpixels ​​​
世紀傻瓜_,1,生命之光[哆啦A梦微笑] ​​​虽然完全不明白这样做有什么意义，但还是觉得小哥好牛掰...看完后300斤的我也跃跃欲试了[笑cry] http://t.cn/RidYOxK . ​​​哈哈哈好喜欢这个有毒的广告[doge]#低调炫技#http://t.cn/RiZBPZh ​​​卧槽 这样也可以！涨姿势了！[笑cry] http://t.cn/RJci88I ​​​…－－… http://t.cn/RMzSHwZ ​​​传说中最重口的黑暗料理：爆炒水蛭…………我整个人已经不好了…………[拜拜] ​​​无论看多少遍，还是觉得这一段霸气到不行！！ http://t.cn/RcvRkTs ​​​【周恩来与邓颖超书信热传 网友：来自中央的狗粮】网友倩兮HMing送上了这把来自中央的高级狗粮：1942至1955年，9封周恩来与邓颖超的往来书信。谈论的大部分是革命，字里行间也透露着对彼此的关爱和勉励。出自《周恩来邓颖超通信选集》，由中共中央文献研究室编撰，1998年2月出版。周恩来与邓颖超书信热传 网友：来自中央的狗粮 ​​​祝你生日快乐 ​​​【不占朋友的便宜，是一个人对待友情的顶级修养】不是朋友会画图纸，你就可以理所当然认为装修有保障；不是你朋友在国外，就应该为你跑遍整个城市只收你贴牌价；不是朋友没有工作，你就可以使唤她。友情不是理所当然的索取，而是珍惜真爱所有的付出。@谢可慧的村庄 不占朋友的便宜，是一个人对待友情的顶级修养 ​​​
别忘把我带上,3,两个人之间的矛盾是相互的，没有哪个过错是单独一方的，如果谁都不愿意先退那一步，就大家一起让步，腾出两步的位置瞬间可以海阔天空了。虽然今天是雾漫，但心里清澈了许多，你好，早安[微笑] ​​​放下执着，放下不甘心，你才能够彻底解脱 ​​​对不起！请原谅！谢谢你！我爱你！ ​​​多用心去倾听别人怎么说，不要急着表达你自己的看法。[嘘] ​​​中秋佳节，困累，晚安 ​​​再见，不送！ ​​​人生四然：来是偶然，去是必然，尽其当然，顺其自然。—— 莫言 ​​​能出现在你生命里的人，都不是偶然，有的来欣赏你，有的来心疼你，有的来帮助你，有的来利用你，有的来修炼你，有的来教育你，但无论如何你都要感激他们，因为他们最终成全了你完善了你让你学会了感恩学会了坚强更学会了珍惜也学会了思考学会了分辨学会了看淡，有时候总需要等一等时间会给你正确答案 ​​​我一自己追着你要答案，可能你的沉默就是最好的回答了 ​​​入了心的人最难忘，动了情的情最难放。。。 ​​​
想要一只皮卡丘,2,【秘制糖醋排骨】做法简单，对于爱肉的童鞋绝对不能错过哦。cr：大胃爱丽丝 ​​​​我领取了由@水密码 提供的1朵鲜花，赠送给@赵丽颖，获得了2爱慕值，感觉自己萌萌哒！饭圈的亲们，快来送花应援吧！赵丽颖已收到505988朵花 ​​​#happybirthday兔u# 我领到了@水密码 鲜花1朵，送给@赵丽颖 ，祝她生日快乐！颖火虫们快来领花，让我们一起来祝福颖宝！水密码 ​​​转发这个Rick传送门，一个月内好事会不断传送过来！！！ ​​​转发这条微博，10月好运不断，心想事成[心] ​​​“能被看见的努力都是肤浅的。” ​​​#生活经#【茄汁油焖大虾】剥两只虾就能下一整碗米饭，鲜到恨不得连壳也吞掉！[馋嘴]教你5步做出超好吃的油焖大虾~转存！@日食记 ​​​#天秤座最喵星# 象征着秋天来临的天秤座，为人热情、优雅、善于表达，也是盛产高颜值男神女神的星座之一哟！以下这8位男/女神都是天秤座，你最喜欢哪一个呢？来关注@猫眼电影 并转发投票支持你最喜爱的#天秤座最喵星#，票数最高的那位明星，小喵将在Ta生日那天承包猫眼电影全国线下6000+台取票机展示海 ​​​ 全文最近运气不好的人可以转一转[哆啦A梦微笑] ​​​你期待的，正在向你走来 ​​​​！ ​​​​
吃吃喝喝打豆豆,7,抽奖！来一波国庆大福利，抽1条黑裙子+2套美团，共3个名额，女装大佬外卖送起来[跪了][跪了][跪了]规则：关注+转发，10月9日由@微博抽奖平台 抽出3个名额[跪了]#绝地求生# #绝地求生大逃杀# ​​​​#绝地求生泡面番# ​​​​【为什么骑电动车的总爱闯红灯？[摊手]】闯红灯这件事：抢得好，可能比别人快一秒；抢不好，就可能比别人快一辈子！[汗]#蜀黍说安全# ​​​大喜的日子！！！ 中华之鹰01的微博视频 ​​​大喜的日子！！！ 中华之鹰01的微博视频 ​​​分享图片 ​​​那时候我只从新闻上了解到是因为母亲吸毒造成的悲剧，但今日才知道里面的内情。分享自李亚玲《不能忘却的纪念——写在李思怡案十周年日》 -      今天，一连接到几个新浪微博网友艾特，转给我一条不幸的消息：     今天上午，南京江宁2个女孩被民警发现死在家里，...  (来自 @头条博客)    ​​​ 全文#解救被绑架的皮皮鲁# 今天是我向国家工商总局商标评审委员会递交“郑州皮皮鲁西餐厅”恶意抢注的第3302660号皮皮鲁商标无效宣告申请整六个月http://t.cn/RaDGteM[话筒]六个月以来，我的感受是国家工商总局商标局重视保护知识产权、重视知名作品角色注册商标的知识产权保护。国家商标局在4月28日（图2 ​​​ 全文铲屎官去诊所接一只喵回家，结果它死活要拽着自己的橘猫伙伴一起回，拼命扯住就是不肯松口……“快跟我回家啊！这里危险！再不走会被切的喵喵喵！！！”[喵喵] 我们都是宠物迷的微博视频 ​​​【快到中秋了，一起转发，帮这85名被拐的孩子与家人团聚！】这些孩子都是在全国打拐行动中被警方解救的，曾有孩子被人贩多次转手，他们可能从未有机会在家人怀中撒娇…他们现在广东，目前警方正全力寻找孩子亲生父母，如认出孩子请联系警方；家长请带好报警资料，申请亲子鉴定。警方解救的这85名广东被拐孩子等待认领！ ​​​【英国女子嫁到山东农村遇强拆 靠涉外身份保护丈夫】潍坊村民许帅娶了个英国媳妇，轰动当地。2011年政府要征地，一亩补偿700，征地电话说不交地就抓人。许帅到处告状，外媒打电话要采访，镇领导赶紧安抚：你别闹了，缓一缓，我们先不征了http://t.cn/zH4GG4S娶外国老婆原来有这种福利！ ​​​
逍遥君GG,2,我分享了 @参考消息 的头条文章 美媒称中国将引领5G革命：2023年或拥有全球过半用户 ​​​【眼睛从哪来】我们用进化来的眼睛观察进化。混乱博物馆的秒拍视频 ​​​分享一篇技术含量很高的文章，关于如何来做颜色提取。作者想找个小项目练练手，以便熟悉 React，于是想到了图像颜色提取这个方向，也有的说法是图像主题色提取，颜色量子化，或者是叫由图像生成调色板，原因无他，只是因为漂亮！文章地址 http://t.cn/RorQDLT $w ​​​抱歉，此微博已被作者删除。查看帮助：http://t.cn/Rfd3rQV『复旦海归教授“自杀性”地抱怨吐槽：中国教师的日子为什么那么难？』复旦海归教授“自杀性”地抱怨吐槽：中国教师的日子为什么那么难？ ​​​『中国作出重大让步 中美开启全面合作』中国作出重大让步 中美开启全面合作 ​​​申通快递分拣机器人：70%人工下岗。目前已在义乌、天津、临沂三地的申通快递公司启用。  黄刚-物流与供应链的秒拍视频 ​​​2016国家新闻出版总局推荐157部优秀国产纪录片，给大家推荐以下几部 ​​​《Python 获取网易云音乐热门评论》经常一首歌曲下面会有一些被点赞众多的神评论。加上前些日子网易云音乐将精选用户评论搬上了地铁，网易云音乐的评论又火了一把。本文讲解了如何用Python 获取网易云音乐热门评论。http://t.cn/R6lv0jJ（by lyrichu ） ​​​
鞠哥哥,1,"#小米MIX微博有礼#如此低投入高回报的大转盘活动怎可少了我！这不科学！拼人品的时候到了！转盘转起来，大奖快到碗里来！我参加了活动“上微博，赢小米MIX手机”，你也来试试手气 上微博，赢小米MIX手机 ​​​我是""鞠鞠1748607200"", 我已经将名字改为""鞠哥哥"",请继续关注我哦~ ​​​"
假装很有理,3,越长大越觉得，比起诉说自己的委屈与不甘，沉默最好。反正，你走你的，我活我的 ​​​“你心里需要一点确信的坚定的东西。” ​​​​—— 德卡先生的信箱 ​​​说实话，挺感动的，在这样一个拜金、自私的年代，一群人能为了情义赌上自己的前途，支援自己的恩师、队友，不容易。能有这样一群相知相守的伙伴，也是一种幸福。 ​ ​​​（转） ​​​当初因何出发还记得吗一路向前走可以迂回变道但别背弃初衷如今为何坚持说得出吗已到了这里可以放慢休息但别后悔选择你的人生对自己负责清醒独立继续加油早安我是履述，温润依旧 ​​​世界上最棒的事是，每天早上醒来又是崭新的一天，完全免费，永不断货。#早安# ​​​大美淡水。 ​​​#早啊# 所有随风而逝的都属于昨天的，所有历经风雨留下来的才是面向未来的。——玛格丽特·米切尔《飘》 ​​​
戈薇与桔梗呀,2,双十一火炬互点来呀 双11火炬诚信互点群 ​​​站住！辣条给我一根！明晚从转发抽一个粉丝送500个大刀肉 [并不简单] ​​​#灰绿还是粉白#继白金蓝黑之后的又一争论，这个鞋到底是灰绿还是粉白？你看到的是什么颜色？[思考][思考]来投个票→这个鞋是什么颜色？灰绿还是粉白？ ​​​这图这两天挺火的，问下尾巴，大家觉得是灰绿还是粉白。[笑而不语]发起了一个投票 【鞋子是灰绿还是粉白】鞋子是灰绿还是粉白 ​​​快乐的[天使]快乐不起来了 ​​​“假期午后的宁静和咖啡茶的惬意。” ​​​天黑了，什么都是看不见的。光是微笑者的保护色。 ​​​天杀的队友在语音聊天而我——只能孤身奋战偷敌方水晶（我不是九亿少女，我是九亿哈哈哈哈） ​​​黑暗中你沉重的呼吸是清晨弄堂里熟悉的雾，你温热的胸口缓慢流动着悲伤与寂静的巨大河流。 ​​​
幸运的嘉有琦人,2,[心]漂洋过海来看你资源[心] 超级好看，追到底啦，赶快追起来[鼓掌][鼓掌][鼓掌] ​今晚７、８两集，无偿给大家看， ，别客气，晚上继续大放送.看下图获取，漂洋过海来看你全集资源，只要你[good]不要钱 ​​​​鼓掌][鼓掌][鼓掌] ​ ​​​​#秒拍视频#我分享了 芒果娱乐的秒拍视频 ​​​#济南身边事#【济南地铁R1线航拍大片震撼来袭!沿途最美风景你值得拥有！】近日，有记者操纵无人机来到R1线园博园附近。升空俯拍，这里的地铁轨道已初见规模，宛如一条巨龙盘卧在青山绿水间。小编觉得这应该是全国最美的地铁交通线路了。坐上它，看风景的同时又畅通无阻。先睹为快，一起来看看R1线的风 ​​​ 全文#里约奥运#我向@林丹 送出一枚金牌，祝偶像取得佳绩！关注奥运盛会的亲们，快来送金牌应援你所支持的奥运健儿。助力运动员势力榜，为中国代表团加油！运动员势力榜 ​​​
and删除记忆,2,#微博卡片背景# 我正在使用“大眼仔”会员专属卡片背景，你也一起来试试吧！ 卡片背景：大眼仔 ​​​#我的会员报告# 每月一次的会员专属报告来了！8月我获得了【害羞的月光族】称号，并抽到了一枚本月【事业符】！哟吼吼吼~我不会骄傲的，我只会傲娇\(^o^)/~你也来看看呀！2017年08月微博会员报告 ​​​#微博卡片背景# 我正在使用“Q版赵灵儿”会员专属卡片背景，你也一起来试试吧！ 卡片背景：Q版赵灵儿 ​​​比个馒头，代表中意你，我正在使用“比个馒头”#微博头像挂件#，你也一起来用吧～ 头像挂件：比个馒头 ​​​今天我升级为VIP4了 ​​​抱歉，此微博已被作者删除。查看帮助：http://t.cn/Rfd3rQV我参与了@网影帮 发起的投票 【#十佳网影人气新星# 你心中的鲜肉小花是谁？】，我投给了“吴建国《谢文东》饰演 谢文东”这个选项。你也快来表态吧~#十佳网影人气新星# 你心中的鲜肉小花是谁？ ​​​泰晤士河上空的莎士比亚……仲夏夜有梦[沙尘暴][沙尘暴][沙尘暴] ​​​吓死宝宝了[酷] 秒拍视频 . ​​​#张杰的红包#Boomshakalaka！我在张杰 的红包中抽到了@微博会员 提供的“50元会员红包”，2017年的小惊喜！也许你的惊喜更大哦~张杰 的红包 ​​​
用户6394348404,1,#全民K歌#《不说(路过版)》-我猜你会来http://t.cn/RWy521w（来自@全民K歌） ​​​
用户6079443498,4,今晚睡不着老 高密·朝阳街区 ​​​谁说走路就是拼步数，走过1000就算赢！我已经在微博运动完成了首个千步行走，赢得蜗牛侠勋章一枚！等你来走！ 高密·朝阳街区 ​​​分享图片 高密·朝阳街区 ​​​分享图片 高密市 ​​​
一双大目艮目青,1,#东营身边事#孩子，妈妈陪你一起看海[二哈] 东营 ​​​液体火箭发动机的低温推进剂，像液氢的温度，是-252.7度，但烈焰可达3～4千K，基本可以把现有所有的材料融化，冰火两重天！那发动机是如何保持冷静的呢？请看本期专题《冰火两重天--液体火箭发动机推力室技术揭秘》 冰火两重天--液体火箭发动机推力室技术揭秘 ​​​台湾省 ​​​分享图片 东营 ​​​
1种修行,8,【沪研究证冬虫夏草无抗癌功效】中国科学院上海植物生理生态研究所王成树课题组，昨日（19日）在国际著名杂志《细胞》的子刊《Cell Chemical Biology》上发表最新研究成果，宣布冬虫夏草中不含具抗癌功效的“喷司他丁”（Pentostatin），及由此生物合成产生的虫草素（Cordycepin）。研究又指出，虫草素 ​​​ 全文抱歉，此微博已被作者删除。查看帮助：http://t.cn/Rfd3rQV偷鸡盗狗确实是违法，但是，群众在面对犯罪嫌疑人时，绝对无权私刑！对犯罪嫌疑人只能扭送公安机关依法处理，私刑是严重的违法犯罪！要不得！ 广州·聚德中路109号小区 http://t.cn/RWzP19D ​​​请不要怀疑我，我就是何思云。 ​​​【廉政名言】河南交通厅长第一任曾锦城上任写血书：“我以一个党员的名义保证绝不收人家一分钱”。后因受贿罪，获刑15年。第二任张昆桐提口号：“让廉政在全省高速公路延伸”。后因受贿罪，获刑无期。第三任石发亮提出：“一个廉字值千金”。后因受贿罪，获刑无期。第四任董永安告诫说：“切莫后人哀之 ​​​ 全文如果你是蒋介石，当年这场仗，怎么打？！ ​​​揭露一下地沟油也违规了？那还能点啥？ ​​​自己看看！啥都不说了！[怒][怒][怒] 日久生情是真理的秒拍视频 ​​​#降低刑责年龄##杨华适合担任司法局公务员吗# @警民直通车-闵行 @上海司法行政发布 @上海公安闵行110指挥中心 @警民直通车-上海 @上海闵行法院 @闵行检察 @上海二中院 @上海一中院 @上海检察 @海民视角 @海上步行者2013  ：闵行区司法局法治宣传科科长杨华@侠骨柔情的杨华  今天晚上，发布微 ​​​ 全文
破皮卡球,2,【很强的蓝调女口琴手 Indiara Sfair - C小调即兴】来自巴西南部的Indiara Sfair 擅长布鲁斯与爵士的口琴演奏与创作，一段短短的Cm即兴演奏，她掌握清晰的旋律线与画面感，非常好听。#技惊四座#Steven_爱音乐的秒拍视频 ​​​这是四年前的一篇文章，前不久和朋友聊天，想起了这篇文章，以及其中的核心点：我读书的那条暗线，就是一直在追寻在思考，作为一个人，我该如何存在。这并非是一个简单的哲学思考，而就是活生生的人生。——头条文章：《人应该如何存在——谈谈我的读书史》 人应该如何存在——谈谈我的读书史 ​​​#英国女王大学商学院学生线上大使#我来申请学生线上大使～@英国女王大学商学院 谢谢女王大学 谢谢商学院 谢谢主页君 （音量稍微开大点哦） 英国·贝尔法斯特女王大学 皓先森哟的微博视频 ​​​分享图片 ​​​、 ​​​
愚人通,3,把别人认为你做不到的事做到最糟，这样不就可以如他所愿啦。 ​​​今天出了趟门摔得鼻青脸肿，因为路上多了太多穷困群众了，导致我无数次被穷困撂倒。 ​​​走在路上突然摔了一跤，爬起来拍拍裤子说：“我又被穷困撂倒了”——豆瓣 nomad ​​​去年把写了四千多条的微博删到只剩两千多条，深知过往写那些东西时的幼稚，毕竟已经过了那个看什么都不顺眼还要说出来的年纪。虽然现在还是会看许多事不顺眼，但是会选择沉默。这不值得推崇，沉默不是金，表达才是。 ​​​“你是女权主义吗？”“看不出来吗？”“公司每次让一群男人去搬东西，女人不能参与，从潜意识里觉得女人干不了这活儿，本质上就是在歧视女性，怎么不见你呐喊女权主义口号站起来反抗了？” ​​​“真希望我的职业是卧底。”“为什么？”“这样就可以把不敢对你说出口的爱用摩斯密码告诉你了。” ​​​“和喜欢的男同学单独在教室里，我应该如何委婉地向他示爱？”“在这样的情境之下我很难保证不会对你有非分之想。” ​​​俗话说的好，贪小便宜吃大亏，吃亏是福，所以，贪小便宜是福 ​​​“《但愿人长》久这首歌表达了演唱者一种怎样的心情？”“表达了演唱者对八舅在生活上诸多不如意的无奈与感慨之情。你看开头两句，明月几时有，八舅问青天。” ​​​
喝精少男,10,150万粉丝or双11终极福利！！这可能是史上最大的清空花呗抽奖！帮你还一年的花呗，总共20万送给你！关注我+转发微博，由@微博抽奖平台 开出 ​​​#粉丝福利#超超超超......超大福利来啦！[哈哈][哈哈][哈哈]送10W！10W！10W现金！只送现金，想要什么拿去买~[色][色][色]转发+关注@泡泡挖白菜 和 @泡泡白菜君 10月20日零点第一波 抽20位平分2000元现金 10月24日抽30位每人168元现金10月27日抽50位每人188元现金10月30日抽100位每人199元现金 ​​​ 全文来给大宝贝们送一波大福利啦！转发这条微博并关注我和@丁丁挖白菜，就有机会获得以下奖品！！ 抽五个人每人送一个拍立得，10个人每人1000元现金红包（10月30号开奖）抽一个人送iPhone X256g，一个人送iPad mini 4（11月11号开奖）快点行动吧[doge] 刘哔电影的秒拍视频 ​​​🤗本週我們特别推出「万圣节限定卡布奇諾」，更有饮品类买五赠一积点活动等着你。萬聖節[南瓜灯]之前先來「小野咖啡」玩起來[幽灵][幽灵][幽灵] ​​​🤗本週我們特别推出「万圣节限定卡布奇諾」，更有饮品类买五赠一积点活动等着你。萬聖節[南瓜灯]之前先來「小野咖啡」玩起來[幽灵][幽灵][幽灵] ​​​何以解忧？唯有再抽！10台iPhone X 256G+8万多现金 送2340人！！！10台iPhone X 256G+8万多现金 送2340人！！！关注我和 @防吃土攻略   转发即可参与！10.16开始至11.11天天抽！详细安排戳图看！11月11日抽最大的 10台iPhone X 总共抽2340人！！！总共抽2340人！！！由@微博抽奖平台 监督  评 ​​​ 全文何以解忧？唯有再抽！10台iPhone X 256G+8万多现金 送2340人！！！10台iPhone X 256G+8万多现金 送2340人！！！关注我和 @防吃土攻略   转发即可参与！10.16开始至11.11天天抽！详细安排戳图看！11月11日抽最大的 10台iPhone X 总共抽2340人！！！总共抽2340人！！！由@微博抽奖平台 监督  评 ​​​ 全文#动漫#《哥哥是大笨蛋》系列： 哥哥的大香肠好好吃[doge] ​​​一千多块的矿泉水是什么味道？喝完感觉长生不老了[doge]评论+转发，抽1个人送视频里所有的奢华矿泉水！（这期做完要吃土了… Bigger研究所的秒拍视频 ​​​福利继续，转发不要停！！！转发+关注@蓝胖子挖白菜 每天抽100个11.11，从点赞里抽100个11.11！双11红包戳这里：http://t.cn/ROs8fxy  淘口令：￥Ko6u05HRZSi￥10月23日到11月12日每两天抽一次，零点开奖@微博抽奖平台共2000个名额，中奖率特别高哦！ ​​​
罗罗亚3,2,阅读500篇 http://t.cn/R0bCdUG ​​​小牛连克马刺骑士 我正在看新浪直播#16/17赛季NBA常规赛 骑士 85-100 小牛#，你也一起来看吧！http://t.cn/RM1oFHr ​​​@M鹿M 我在OPPO#浙江卫视跨年#领跑2017人气榜上为你送卡啦，你在我心目中是最棒的！ 浙江卫视跨年人气榜 ​​​#扇贝打卡# 扇贝英语阅读和单词特训第214天：完成2篇文章，103个单词，明天继续http://t.cn/RfqBfFM ​​​【海贼作业】#动漫#海贼王最新剧场版#航海王之黄金城#正在大陆各大院线上映，各大院线票房爆棚！想必很多同学都看了吧？来发表一下你的意见哇？你觉得《航海王之黄金城》好看吗？ ​​​有什么短句适合当个性签名？ ​​​#一加3极速体验#赢免单！即日起至7月17日，为你购买的#一加3#拍摄6张以上的高清美图，带话题#一加3极速体验#发布超过50字的体验微博，千份4折一加3定制保护壳优惠券等你拿！我们也将随机抽取优质的晒单微博，共将送出2个一加3免单机会+10份极速闪充套装！转发评论本微博，随机送出极速旗舰一加3一台！ ​​​6666666 我正在看新浪直播#骑士VS勇士#，你也一起来看吧！http://t.cn/R5oyL02 ​​​我参与了@人民网 发起的投票【20位著名主持人，你最喜欢哪一个？】，我投给了“汪涵”等3个选项，你也快来表态吧~20位著名主持人，你最喜欢哪一个？ ​​​
局外人的视角,4,20W关注了，感谢你们的不离不弃一路相随！明晚8点，斗鱼直播间1969843，关注并办卡一张抽同款显示器一台---明基卓威 XL2430 24英寸144显示器。据说点赞并转发此条微博的粉丝中奖率更高哦[憧憬][憧憬][憧憬] ​​​​本期#暴走大事件# 停更，具体原因看图！ ​​​双11红包来啦 ！！！最大1111元！今晚零点开始！入口： http://t.cn/ROkQmhu淘口令：￥bxkM05igWxz￥转 赞 评，各抽一个送1111元！！！ ​​​我免费围观了 @黄章晋ster 的回答，问题价值 200.00 元，快来一起免费围观~ 微博问答:黄总统您好，李敖一直是我的精神偶像，但老罗（另一个偶像）也说过李敖足够勇敢，但不够坚强，我大概也能理解，但还是想听一下您对李敖的评价，以及在李敖人生当中的各个阶 ​​​福利：500万英语词汇，1200万英语例句，马上整理好。包括基本释义、词形变化、详细释义、双解释义、英英释义、短语词组、常见例句等。见图。资料巨全，全网最全，没有之一，支持英语查汉语、汉语查英语两种模式，同时包含各种专业词汇。转发超过2千上传app，走起。请关注 国学大师_国学网_汉字宝典_国学经典&古典文学_四库全书电子版&永乐大典 ​​​我免费围观了 @黄章晋ster 的回答，问题价值 500.00 元，快来一起免费围观~ 微博问答:黄老师好，想请您谈谈斯大林。如果当年斯大林不进行肃反清洗，苏联能否避免在苏德战争中初期那种一溃千里的状况？大清洗造成了苏共干部的断层是苏联一步步解体的重要因素吗 ​​​我免费围观了 @黄章晋ster 的回答，问题价值 500.00 元，快来一起免费围观~ 微博问答:黄老师好，想请您谈谈斯大林。如果当年斯大林不进行肃反清洗，苏联能否避免在苏德战争中初期那种一溃千里的状况？大清洗造成了苏共干部的断层是苏联一步步解体的重要因素吗 ​​​贵司监督员素质堪忧啊……是个两面派。@来去之间 @鱼姜 ​​​微博评论员绝不接受质疑。你们真的很棒[doge]互联网是有记忆的，在这一点上，你们和普通网民才平等。平等有什么用，删了就好了呀～是吧@来去之间 。大不了用抖机灵回复，是吧？@姜鱼 。我就是个草芥。我也想看看，什么时候，图四那样的犯罪信息能够被及时举报，谩骂和恶意诽谤的举报能够真的落到实处 ​​​ 全文我免费围观了 @格斗酷 的回答，问题价值 18.00 元，快来一起免费围观~ 微博问答:我们知道中国武术建国后失去了往死里打的实践机会，在现代社会的规章制度下，中国传统武术的出路在哪？如何实现现代化？ ​​​
叶友深0716,3,单曲循环  分享了LP的单曲《Lost On You》 http://t.cn/RWhBlzR (来自@网易云音乐) ​​​要不是点开知乎关注问题提醒，还不知道薛之谦就这么继续上台了，这什么傻逼世道啊。 ​​​你无法知晓自己忘记了多少曾经认为永远不会忘记的事情。——reddit I_Am_Only_O_of_Ruin ​​​一个曾在诺基亚工作过的资深同事说，诺基亚在全盛时期做了一件大事，建了一个详细的全球手机用户数据库。这个数据库的数据很精准，诺基亚在全球找了很多调研公司和机构，花了天价（按亿人民币计算），访谈了数以万计的用户。这个数据库被认为是诺基亚的核心竞争力之一，每当他们要做个新产品，就打开数 ​​​ 全文既是癣疥之疾又是附骨之疽，几年来断断续续的掉线问题居然是因为跑在后台的西数硬盘的几个附带程序~真是见了鬼。差点就准备重装系统了。如果有灵，祝你死得开心！ ​​​无妄之灾～ ​​​平潭风真特么大 ​​​小时候在读者还是哪里看的一篇短文，印象里主角是约翰叔叔还是舅舅，说的做事情牵枝带蔓不断走神不务正业的故事，查了半天找不到原始出处，但找到了其他好几个版本，主角变成邻居和约翰，起码两本书鸡汤书都整段用上了。主旨由别走神变成懂得适而可止，不要追求“无法承受的奢侈”——完美。#心结# ​​​改密码！ ​​​小巧精致的模型表达 ​​​
猪猪biu婷妹儿,1,金毛宝宝抱着熊宝宝准备睡觉，感觉金毛不眨眼会被当成毛公仔啊。 。 。金毛的豆豆眼好萌秒拍视频 ​​​
专踩牛人,3,"普京：听说我在中国成了网红？哈哈被最后两张笑炸[笑cry]#笑话# ​​​我用#CSDN#这个app发现了资讯《PHP开发资源大全》,一起来围观吧http://t.cn/RMa4ayC ​​​#我的减肥餐#周六的健康减脂早餐来自宿舍党@转型的小公举 ，宿舍党的福利哦~ ​​​#小麦碎碎念#给大家安利一首改编自薛之谦的《丑八怪》的《瘦不下来》，岁月是一把猪饲料，我究竟吃了多少，唱出了多少人的心声http://t.cn/RVpWCF9 。via.@最神奇的视频 ​​​你身边有多少“假白富美” ​​​《诗经》和《楚辞》中的植物，现在的名字和样子是怎样的？ ​​​吃石榴的正确方法，看着简直太爽了，赶快学起来！[哆啦A梦吃惊]当时我就震惊了的秒拍视频 ​​​抱歉，此微博已被作者删除。查看帮助：http://t.cn/Rfd3rQV那些能让你瞬间读懂自己的心理学金句 ​​​"
用户6380823030,1,兰博基尼逼真手绘！竟然用手画出了数码绘的效果……我伙呆！！ 逗自己玩呐的秒拍视频 ​​​​
李蔺0630,2,【划时代的巧克力诞生】好利来#蒲公英空气巧克力# 浓郁又轻盈[心]第一口就颠覆你对巧克力口感的体验[馋嘴]抹茶口味、牛奶巧克力口味，好利来天猫旗舰店今日首发[色]卷发并@ 1位巧克力好友，送10位宝宝每人一盒#蒲公英空气巧克力# 记得一定要冷藏哦～ 好利来蒲公英空气巧克力 ​​​每次一出事情就开始感慨中国禁枪什么什么的，仿佛错的是美国政府而不是持枪扫射的人。没有什么事情是只有单一的因素就产生的好吗？所有的条件集合在一起才发生的惨案揪着一个点来一味分析是不是太片面了#拉斯维加斯袭击# [蜡烛][蜡烛][蜡烛] ​​​据BBC报道，美国赌城拉斯维加斯乡村音乐节上突发一起枪击案，枪手从高处向下扫射，造成至少20人死亡，上百人受伤。目前一名嫌疑犯已经被击毙，不确定是否还有其他枪手，警方正在全力搜捕嫌疑犯的同伙。在美国的同胞一定要注意安全！ ​​​不管了，我先送一部给大家吧，详情看图！ ​​​​【谷阿莫】400秒看完2017/9/13蘋果i8+ix的2小時發佈會，今天早上一定要看的新聞，肯定就是剛剛半夜的蘋果發布會的資訊啊！對了，不知道誰贊助了我一台iPhone x (256G)，所以我決定對在轉發這篇微博的人裡抽一個送他，等手機上市後會用 @微博抽奖平台  抽谷阿莫的秒拍视频 ​​​看完爽死了！[二哈][二哈] 简直踩点控的福利！油管大神 voordeel 发布了最新的漫威混剪，各种打斗场景的节奏踩到飞起！神经电影志的秒拍视频 ​​​[并不简单][并不简单][并不简单] ​​​【新华社英文点评印度四大错 各国网友炸开了锅】刚刚过去的周末，新华社在海外社交媒体播发了一条英文短视频《印中边境对峙，印度错在哪？》       视频在优兔、脸谱和推特三大海外社交平台引发强烈反响，浏览量迅速突破40万次，海外网友发表了超过2000条留言。       印度网民原以为自己人多，企图 ​​​ 全文#林肯公园主唱自杀#据外媒，林肯公园主唱查斯特-贝宁顿（Chester Bennington）在家自杀身亡，年仅41岁。[蜡烛]林肯公园主唱自杀.年仅41岁 ​​​哈哈哈哈做了个字幕版的[笑cry]小蜘蛛太萌了  谷大白话的秒拍视频 ​​​
龚海报,4,#领航中国##十九大时间#【最新“国家形象宣传片”发布：《中国进入新时代》】你的梦，我的梦，他的梦，每个人的梦，都是中国梦。中国特色社会主义进入了新时代，让我们一起，为了梦想，出发！ 人民日报海外版-海外网的秒拍视频 ​​​2017年10月16日由美国探索频道出品、英国子午线制作公司承制的电视纪录片《China：Time of Xi》完成首播。视频在线观看：第一集：China:Time of Xi Episode 1- People’s Republic；第二集：China Time of Xi Episode 2: Running China；第三集：China Time of Xi Episode 3: All Aboard ​​​这是我见过最感人的哥们聚会 ​​​确认了。宁夏房产税这个事是媒体乌龙了。文件上写的，免税的情形包括：①《中华人民共和国房产税暂行条例》中第五条规定的情形。这个第五条规定的就是，个人非营业用的房产，免税。 ​​​花半小时看了下文章，说点个人浅见，未必正确仅供批评：1. 别幻想什么无监督学习，监督信息来自精准规则，非常强的监督信息。2. 不再把围棋当作从数据中学习的问题，回归到启发式搜索这个传统棋类解决思路。这里机器学习实质在解决搜索树启发式评分函数问题。3. 如果说深度学习能在模式识别应用中取代 ​​​ 全文虎扑上有位网友的母亲去世了，丧葬期间他没流过几次泪，心里头也没有太悲伤的情绪。他很困惑，是不是自己骨子头是个冷血的人。于是他上论坛发了帖子说这个事。帖子里，有人安慰道：“至亲离去的那一瞬间通常不会使人感到悲伤，而真正会让你感到悲痛的是打开冰箱的那半盒牛奶、那窗台上随风微曳的 ​​​ 全文#十九大#【#给青年的一封信# |你的梦想有多雄奇，中国就有多美丽】你说对时代有信心，有时却又“累觉不爱”，好像遍地黄金的日子过去了，风口都是父辈的。一些资源注定被激烈的竞争，但不妨碍这个伟大的时代被充分共享。当中年人依然阳光，当青年人充满力量，这便是最好的中国。 你的梦想有多雄奇，中国就有多美丽 ​​​把重要讲话做成思维导图方便大家学习（图1是原图，图2是左半边内容，图3是右半边内容，PC端查看原图可以看清楚） ​​​#十九大#【划重点！十九大重要论断】①中国特色社会主义进入新时代；②新时代中国特色社会主义思想；③我国社会主要矛盾；④开启全面建设社会主义现代化国家新征程。转发，收藏，学习！#学习时间# ​​​
猕猴桃的南瓜麻麻,3,【黑诊所违规鉴定胎儿性别 失误致孕妇打掉男胎】杭州一对夫妻一到家黑诊所查B超，检查结果是腹中胎儿为女性。因求子心切，丈夫带妻子到医院做引产，万万没想到产下的竟为男婴。引产手术也导致这位母亲以后不能再生育了。黑诊所违规鉴定胎儿性别 孕妇打胎痛失男婴 ​​​晚自习带着学生看《诗歌之王》，你们配《琅琊榜》那段一结束，所有的学生都鼓掌了，太棒了！！！[鼓掌][鼓掌][鼓掌]@cucn201宝木中阳 ​​​#小泡芙# 可爱到炸了。这么可爱的女孩子奶声奶气说怕怕的换谁听了都招架不住。刘耕宏一脸女儿奴的样子[并不简单] 俗粉酱的微博视频 ​​​面对大地震，接纳产妇的罗汉寺主持说见死不救才是最大的忌讳[泪]我佛慈悲 ​​​#反港独#香港中文大学民主墙「港独」海报被内地女生怒撕事件发生后，今日不少中大学生自发在民主墙上张贴反对「港独」、「中大学生会不代表我」的海报，其中不少以「表情包」的形式发出，引人捧腹。在中大文化广场附近，亦有市民拉起横幅抗议「港独」思潮在校园蔓延。（记者 流深） ​​​案件67期：五兄弟万里追凶案——“我们不懂如何办案，但是知道杀人偿命”。 ​​​周杰伦歌曲的一些评论，就像看一个个故事一样[心] ​​​​其实在戛纳70周年我们范冰冰评委的自拍也因为这套路人糊图而被吐槽，我比较喜欢称之为『逢见必弯系列』[小黄人剪刀手]@范冰冰 ​​​哈哈哈是我了，笑中带泪[允悲] ​​​男生视角VS女生视角，2分钟开始是女生视角，真想令人心痛...[笑cry][笑cry]豆瓣杂谈的秒拍视频 ​​​
缘来是我LWS,7,有时候跟人喝茶，聊天，解渴！有时候跟人喝酒，调侃，头晕！有时候跟人打牌，烟熏，伤财！一个人舒适的在家里喝茶、听歌、看书时，一杯茶越喝越真切，越喝越清醒：品茶是独处思考问题的方式，也是消耗时间的方式，不知不觉中构成了自己的人生观世界观价值观。 ​​​缘来是我LWS 打卡第4天。运动不为了证明什么，我只是在做自己，#不屑风雪#。一起来打卡社区 蜕变吧！ ​​​张    杰:      《 我们都一样》大    壮：   《 我们不一样》蔡依林：   《不一样又怎样》薛之谦:      《你还要我怎样》张赫宣:      《我们不该这样的》我：          《你想怎样就怎样》 ​​​现在开始健身意味着什么？意味着我们每天都在和同龄人拉开距离！它只需要一点点的时间！它却回馈了我们整个人生！ ​​​很多人不懂，当别人不再说你时，那不是体谅，是放弃。说，是在乎；沉默，是无语；人真正的生气是沉默的，真正走掉的那次关门声最小。 ​​​名人与凡人的差别在什么地方？名人用过的东西就是文物，凡人用过的就是废物；名人强词夺理叫雄辩，凡人就是狡辩；名人跟人打招呼叫平易近人，凡人就是巴结别人了；名人打扮不修边幅，叫有艺术家的气质，凡人呢？流里流气的；名人喝酒叫豪饮，凡人就叫贪杯；名人老了叫刘老，凡人只能叫老 ​​​ 全文今年天气冷的早，从夏直接到冬天。 ​​​八年前就买的书，再看一遍特朗普[偷笑] ​​​当你真正努力过的时候，你就会明白天赋的重要！ ​​​怎么凡事都要比呢？小时候比成绩，长大了比工资，现在走个路比的是步数…… ​​​
蓝鲸市关爱单身狗成长办主任,10,"有人能和我说说“强奸戏”为什么经久不衰？秒拍用户不存在的秒拍视频 ​​​#碎片读书# 朱元璋的北伐檄文自古帝王临御天下,皆中国居内以制夷狄，夷狄居外以奉中国，未闻以夷狄居中国而制天下也。…… ↓↓↓ ​​​#民国文人#  哲学家金岳霖 ​​​不玩了！[哈哈] ​​​#民国文人# 1926年，金岳霖留学回国后，先受聘于清华大学教授逻辑学，并受校方委托创办了清华大学哲学系，担任系主任。当时的哲学系只有金岳霖一个教师，也只招到沈有鼎一个学生，当时一师一生，号称一系，成为美谈。尔后的三十多年里，他不但一手办起了清华大学哲学系，而且培养了这方面的许多大家 ​​​ 全文必看视频！“李伯伯要当红军#民谣# #吉他弹唱# #音乐#”我的秒拍作品，一起来看~富贵欧吧的秒拍视频（使用#秒拍#录制,免流量看热门短视频!） ​​​孫立人遭誣陷 檢舉人62年後曝光 ​​​超叼！美国特勤局在行动2017！美国特勤（USSS）03年之前属于美国财政部，目前属于美国国土安全部。特别勤务局主要有两个任务：一是保卫总统、副总统、当选总统、当选副总统以及他们的近亲、前总统和夫人、前总统的未成年家人、来访的外国国家或政府首脑及总统指定的人，这些人被称作“被保护人”；二 ​​​ 全文朋友们，现在不好好努力的话，将来再对自己满怀憧憬充满希望的时候就只有转发抽奖博的那一刻了啊。 ​​​卧草！！！！！[吃瓜][吃瓜][吃瓜][吃瓜][吃瓜][吃瓜] ​​​"
真-网瘾少女,1,今天芭莎慈善夜红毯上的小花第一波图，三位人气小花杨幂、赵丽颖、宋茜，谁今天的造型最让你惊艳呢？【芭莎慈善红毯谁最让你惊艳？】芭莎慈善红毯谁最让你惊艳？ ​​​【票选#2017金鹰女神# 你支持谁入选？】一年一度的“金鹰女神”评比就要开始了！纵观今年各位女演员作品和人气，在范儿姐看来，以下几位女星入选的可能性最大！赵丽颖 、王丽坤 、迪丽热巴 、郑爽 、周冬雨 、谭松韵、。你觉得呢？票选出你的女神吧~[兔子][兔子]我发起了一个投票 【2017金鹰女神你支持 ​​​ 全文写下你的理想体重   一个月内就会实现 ​​​
你不该保持沉默,3,"普京谈加泰罗尼亚危机：“你们甚至对欧洲某些国家的崩溃表示欢迎……为什么你们能如此轻率地利用这种政治局面来取悦华盛顿的大哥？在你们当初支持科索沃独立时，在欧洲和其他地方就埋下分裂主义的种子。”（梨视频）普京：加泰罗尼亚危机的根源是这个 ​​​【沪研究证冬虫夏草无抗癌功效】中国科学院上海植物生理生态研究所王成树课题组，昨日（19日）在国际著名杂志《细胞》的子刊《Cell Chemical Biology》上发表最新研究成果，宣布冬虫夏草中不含具抗癌功效的“喷司他丁”（Pentostatin），及由此生物合成产生的虫草素（Cordycepin）。研究又指出，虫草素 ​​​ 全文台湾科学家在科学转化医学杂志发布重大研究成果，称整个亚洲的肝癌高发或与马兜铃属植物作为草药的广泛使用使用有关。研究人员检测台湾两家医院98例肝癌病理样本，结果78%具有马兜铃酸诱变的特征，大陆的89例47%符合。另来自越南的26例19%相匹配，来自东南亚其他国家的9例中的56%匹配。但是，来自北 ​​​ 全文【美国参议院通过预算案 税改扫清重大障碍】美参院周四投票通过2018财年预算案，这一预算案将允许美国政府因为税改在未来十年减少1.5万亿美元收入，为共和党税改扫清了重大障碍。在此之前，美国众院已于10月5日通过预算案。参院的通过会自动开启一个名为预算协调的立法程序，使未来的税改方案只需简单 ​​​ 全文#声色字幕组# 【MV祝福书豪】当林书豪倒在地上时，他连说了六次“I‘m done”（我完了）。随后他的哭泣让人心碎！书豪相信上帝自有安排、可为何这道路如此艰辛！最痛苦的不是身体，而是眼看着梦想就要起航，却又在瞬间支离破碎。@JeremyLin林书豪，愿你早日归来，驰骋四方。#3X3黄金联赛# ​​​ 全文到底谁是伪中医？——16个中医教授看同一个病人,诊断各不相同 - 作者:林梦， 到底谁是伪中医？——16个中医教授看同一个病人,诊断各不相同（想看更多？下载 @知乎 App：知乎 ） ​​​看了一篇关于微博限流的文章，才知道原来每个用户都被后台系统贴了某种标签，比如喜欢动漫电影或者绘画，然后每发一条微博也会被自动分析和打分，标签与之符合的用户在刷到的概率才会高。觉得我们离个性被标签和圈子取代的时代不远了。开这个微博的初衷是想要做丰富一些的内容，不受限于艺术、历史或 ​​​ 全文1983年春晚，严顺开在舞台表演小品《阿Q正传》，堪称经典。他是我国唯一一位荣获“卓别林金拐杖奖”的演员，被公认“喜剧之王”。10月16日上午，严顺开老师因病在上海去世，享年80岁。果麦视频的秒拍视频 ​​​妄议有风险，发文需谨慎 ​​​天才少年 @刘大可先生 养成记。//分享节目我是刘大可，我小学就知道如何用砒霜治梅毒（@网易云音乐） ​​​"
用户6058327533,1,“一样的勺子，为什么你打的比我打的疼”太贱了！心疼这位懵逼的小哥！[笑cry]http://t.cn/RGTqVOP ​​​
梵高先生很下流,5,你为什么要努力 你为什么要努力   by韩路 ​​​高速连环喵喵拳，6秒打出29连击狗子：疼疼疼疼疼疼疼疼疼。。[允悲]#中字# 松鼠视频的秒拍视频 ​​​好厚啊(º﹃º)500页真是沉甸甸的！字体也特别大，很清晰，再适合不过我这种老年人视力（x）而且第一篇就是我最喜欢的大福和小王！谢谢太太的产出！@天生弱虫uga-绅士勇者-沉迷学习 ​​​原来车站的自动检票机是这样的工作原理…蜀黍辛苦了[笑cry] ​​​没错，我就是那个又蠢又坏的车评人李三吱的秒拍视频 ​​​#黑科技走进生活# 约架两年，美日机甲大战终于划上完美句号了。10/18公开了9月份末大战时的视频。美国MegaBots VS 日本水道桥重工第一场：MegaBot Mk.II(別名Iron Glory) VS  水道桥重工Kuratas  ＝ Kuratas轻松胜出 黑科技在日本的秒拍视频 ​​​有钱 ​​​企业家决定了，明天就买这个！ ​​​【美日机器人对决，日本“高达”遭吊打】澎湃新闻的秒拍视频 北京时间10月18日，美日两国巨型机器人对决视频上线，日本“高达”仓田号车轮战美国队：“仓田号”在一拳KO“钢铁荣耀”后，却惨遭“鹰王”吊打，差点被拆成废铁。（视频来源：MegaBots）美日机器人对决，日本“高达”遭吊打 ​​​#Destiny Child# 欧派之歌................. via. youtuber: showtime Chan筱的秒拍视频 ​​​
晶恒硕,3,"小男孩儿才3岁就满身是戏[doge]，一听到自己喜欢的音乐马上跟着节奏嗨起来，你们感受一下[笑cry]...胡椒视频的秒拍视频 ​​​#责任的意义#今天,请给我们两分钟时间，让我们讲一个跟“你”有关的故事。故事的关键词是“责任”！ 戳↓↓ （小提示：视频较大，建议在WIFI环境下观看，土豪君请自动忽略此条） 秒拍视频 ​​​#晚间一箩筐#有的人天生消瘦，怎么吃都不胖，但有的人天生圆润，喝凉水都长肉。专家指出，胖人气虚，瘦人血虚，只有机体达到气血平衡的状态，才会精神百倍、百病不侵。戳图，看看胖人和瘦人怎么调理体质吧↓↓ （图文来自网络） ​​​【仗义大叔怒斥物业摔共享单车：这是破坏公共财物！】8月21日，北京东直门某小区，因共享单车随意停放，一物业工作人员随手扔走一台单车。过路大叔怒斥：“你不能破坏！这是公共财物！”新京报我们视频的秒拍视频 @新京报 ​​​激光手术，会瞎吗？漫画故事讲给你听 ​​​一只泪眼汪汪的小奶猫......这个眼神...想把全世界的小鱼干都给它！！ 搞笑幽默汇的秒拍视频 ​​​#视野#【被卷入北京地铁站台乘客已去世 事发时众人曾齐力推车救援】3日晚，北京地铁东直门站一男子翻越站台门跳入轨道被列车夹住。救援时乘客高呼：需要人民群众吗？并同武警一起奋力将列车推起，20分钟后救起该男子！时间视频的秒拍视频，不幸的是，该乘客已于昨晚去世[伤心]。卷入东直门地铁站台乘客去世 ​​​#汽车坠河5子女遇难#【惨痛！一家7口开车坠河 父母脱险5名子女遇难】7月31日晚，江苏江阴一辆面包车误将油门当刹车，冲进河道内，车上一家七口，夫妻二人逃生，5名子女不幸遇难。4名女孩和1名男孩，最大17 岁，最小的只有7 岁。事发现场↓↓惨痛！一家7口开车坠河 父母脱险5名子女遇难 ​​​#汽车坠河5子女遇难#【惨痛！一家7口开车坠河 父母脱险5名子女遇难】7月31日晚，江苏江阴一辆面包车误将油门当刹车，冲进河道内，车上一家七口，夫妻二人逃生，5名子女不幸遇难。4名女孩和1名男孩，最大17 岁，最小的只有7 岁。事发现场↓↓惨痛！一家7口开车坠河 父母脱险5名子女遇难 ​​​"
我是真的非常可爱,3,每到周末都像一个丧失生活能力的废人，还开发了把有扣子的睡衣当套头衫来脱的新技能，我从九点就想起床吃个苹果了，一直到刚才牙龈疼的实在受不了了，跳广场舞的都收摊了才艰难的爬起来喝了口水开始咔咔咔的啃苹果 ​​​天才枪手看完了，没觉得结局突兀也有可能因为看的是国语版（买票的时候没注意）配音很突兀所以没有入戏，有机会会再去看一遍泰语版，回来的路上看了下知乎，有人说格蕾丝是假装和琳很好，演出来的姐妹情深，说实话我不认同，我觉得格蕾丝是喜欢琳的，顶多就是没脑子没想到做这样的事情会对别人造成怎样 ​​​ 全文#深夜福利#《弯月王国》是一部横扫全美的奇幻处女作，一出版便拿下轨迹奖新人小说、亚马逊年度科幻小说。这部前途无量的作品，透过三位迷人的、叛逆的主人公的视角，带我们瞥见一座黄沙漫天的幻想之城。http://t.cn/ROnkcJG随手转发，随机赠送1名用户《弯月王国》纸质版1本，10月22日晚通过@微博抽奖平 ​​​ 全文一条写文章做设计配图会需要的「免费正版图片」网站合集！ ​​​​10月20日上午10点整见喔 ！老实讲 我个人真是爱惨了长大衣 因为长款大衣真的既保暖又有型 但是无奈每次都会有很多妹子说太长啦我穿不了 于是我这期就做了一件可爱的像puppy的短款外套 给你们这些可爱的人儿是一样我一直钟情的小卷毛系列～ 穿上就像一个可爱的小动物 让人看到就觉得温暖 想亲亲抱抱举高 ​​​ 全文而现在，就算时针都停摆，就算生命像尘埃 ​​​2017酷萌跑-亚瑟士上海站！KumaFunRun报名开跑！！ 名称：2017酷萌跑-亚瑟士上海站 时间：2017年10月29日 地点：上海滴水湖 赛事里程：4公里 规模：4000人具体请戳下记连接:1、名称：2017酷萌跑-亚瑟士上海站 ​​​我这辈子努力生活，用力做个好人，下辈子就别让我做人了吧 ​​​随手一截就是一盎鸡汤[微笑] ​​​刚下地铁的时候一惊，我包呢？然后想起来我今天出门没背包，揣个兜就出来了[允悲] ​​​
Eunice-X-Eunice,2,[兔子][兔子][兔子] ​​​testing the water ​​​有没有很像！ ​​​#Fun# 比起杂志封面，电影海报的诞生要有趣的多。从剧照原图到美轮美奂的成品需要无数道工序。我找了几个比较有趣的原图-成品对比送给大家，你会发现有的海报除了脸之外其他全都被换过[允悲] 海报以外的故事，真是比海报本身要精彩许多！！！ ​​​早上，一个穿着睡衣的妹子在活动室拉大提琴。很美好。 ​​​#字幕作品# 世界是一块绝妙的舞台布景，但演员却糟糕至极。西班牙短片《布景》(2016)将地下卡通美学与十九世纪黑白版画相混合，并以歌剧配乐。作为存在主义的黑暗童话，该片围绕一名有妄想或错觉的父亲，通过多面的片段叙事构成丰富的社会拼图，讨论人类关系的恶化及其对周围环境的影响。作品赋予传统 ​​​ 全文最近在看蒋勋的《生活十讲》，然后就很焦虑。不知道自己想要什么样的生活，自己对自己的人生也没有一个衡量标准。只知道这样的日子我不想过，那样的日子也不想过。但要明确的说想干什么，不知道。昨天听了个宣讲会，感觉这个行业的人好惨。应了那句话“ 忙着去死 ”。说实在，演讲的人level已经非常 ​​​ 全文不要总是拿鼻子顶我啦！打你！(｡•ˇ‸ˇ•｡)速报tube的秒拍视频 ​​​书的链接：http://t.cn/RyX5s8x牛津通识读本 ​​​
孙秋分,5,旧金山游记（？以后大概不会写这趟了（欢呼旧金山观感 ​​​分享图片 ​​​用自己笑着的照片当聊天背景，聊天心情会快乐很多。 ​​​如果想念有声音，我早就喊哑了。 ​​​我心中北京最大的迷思是香山的红叶什么时候红我至少去过两次没有一次红的迷的程度堪比无保护发生关系后怀孕概率：到底什么时候见红？ ​​​开合跳、高抬腿、卷腹、斜向后侧踢腿、平板支撑各做一分钟。还能做的话就再来一遍，直到累。能不能瘦我不知道，倒是能减轻负疚感。 ​​​喜茶，不管是形象设计，还是文案，都是经过了专业的人包装吧。一般人还真说不来“口感干净，花香高扬”/“喉韵回甘”这么形象又新奇的搭配。 ​​​分享图片 ​​​泰昌阳光的灯具还挺好看，意外。 ​​​一般的事情，只要加上“哈哈哈”就把气氛调整成比较欢乐的状态呢哈哈哈。另外我在朋友圈也只干两件事。一是点赞，一是发哈哈哈。 ​​​
嘻嘻嘻筐,2,又搞事情了！！！价值6w+[礼物]送189人！雨露均沾！包括你们最期待的iPhone 和 美容仪礼包[羞嗒嗒]转花微博➕关住我 @芒果的化妆间  和 @是VC呀 具体看图！@微博抽奖平台 ​​​喜迎十九太（那三个字有毒，刚才就转发不了！），关注me @Limetw + 转发评论本微博。10月18号开幕时，抽10人送Note 8（港版）。闭幕时抽5人送Pixel 2（美版）。11月3号抽10人送iPhone X（国行）。由@微博抽奖平台 公正，真实有效！  ​​​[怒] 上海·上海浦东国际机场 Limetw的秒拍视频 ​​​50支TF，iphone X，1W[钱]                               自掏腰包简单粗暴抽1078人！没错是1078人！                              雨露均沾！这回是前所未有的重磅了！                                              转发+关注我就行。具体看图！                                       由 ​​​ 全文小心哦，在战国一不小心就会死掉的~ ​​​#粉丝福利# 新一轮的星光粉水晶来啦！星光效应是一种特殊的光学效应，其产生机理见科普http://t.cn/RpuDfwc，其他宝石也会出现星光效应，如星光红宝石、星光蓝宝石等比较出名。转发此条微博，5天后通过@微博抽奖平台 抽出幸运粉丝3名。这个粉水晶球体积比较大，喜欢的朋友转起来吧～[可爱] ​​​我免费围观了 @光远看经济 的回答，问题价值 299.00 元，快来一起免费围观~ 微博问答:中部五省会（武汉，长沙，郑州，合肥，重庆），谁的房价未来涨幅更大？什么时候这些城市房价重新启动？另外还有个问题，最近A股连续上涨逼空，牛市是否已经悄然而至？说实 ​​​
lalelal486,2,抱歉，此微博已被作者删除。查看帮助：http://t.cn/Rfd3rQV台湾的内战剧真好看（棒读） ​​​请问这是哪本书的序？哈哈[眼泪] ​​​网传王者荣耀团队年终奖100个月工资，腾讯方面及时进行了辟谣。[good] ​​​今天听说的一个惨剧：流浪猫组团夜刷裸鼠实验室 ​​​该微博因被多人举报，根据《微博社区管理规定》，已被删除。查看帮助：http://t.cn/Rfd14WY从头看到尾绝对会让你笑喷，罗永浩这脑子也是没谁#搞笑趣事##幽默趣闻排行榜##谜之微笑# 不良逗比的微博视频 ​​​分享图片 ​​​[喵喵]:造反了！！！ ​​​工程院中药院士李连达发文谈丹参滴丸在美国临床III期试验的惨败http://t.cn/RpjDX7F ​​​
江湖2014,1,有哪些学生还没意识到的中国社会现实？ ​​​【如何用最少的时间，成为一个领域的专家？】为什么有人工作2年就能成为专家，有的人工作10年却还碌碌无为？你身边或许有这样的人，他足够勤奋刻苦，学习和工作上也一样下功夫，可是却依然无法向真正优秀的人靠近。10年，能让一个平庸的人变得伟大吗？ ​​​​昨天是8月17日，也是丽江打人事件开庭宣判的日子。从前我未对这个案件给予过多的关注，因为我以为这只是极小概率的事情，却没想到飞来的横祸就这样砸中了走在昆明街头的我身上。8月17日，是我从湖北抵达云南的省会城市【昆明】的第二天，那个印象中充满了诗情画意和延绵山水的旅游之都。当天下午我便 ​​​ 全文看了那个恋童癖网站的微博，花了几个小时，凑巧找到了运营网站人的信息，花钱注册了网站，保存了证据截图，妥妥的猥亵儿童。剩下的，恐怕得警察叔叔操心了。@谭人玮 @王星WX @黑客凯文 发布了头条文章：《“西边的风”开恋童癖网站猥亵儿童证据确凿 警察管不管？》 “西边的风”开恋童癖网站猥亵儿童证据确凿 警察管不管？ ​​​很久没发微博了，因为越做越发现自己水平低。 同行中高手太多，独立站环球，棒谷，shein. 在SEO，社交营销，网红营销，内容营销上，用户跨品类综合价值管理上都可圈可点。想提高独立站运营的朋友，研究他们三者就行了 ​​​抱歉，由于作者设置，你暂时没有这条微博的查看权限哦。查看帮助：http://t.cn/RfdBWwP ​​​#四川阿坝地震#【地震发生时 九寨千古情正在演地震场景】晚上10时30分，记者终于联系上在九寨沟景区的某旅行社负责人，他说，当天晚会正表演‘5.12’汶川地震的剧幕，目测有几千人在观看，突然房子就开始摇晃，观众们一窝蜂涌向各个出口，游客跑出来后地震基本上停了，到晚上10时30分左右，团队游客基 ​​​ 全文英国模特Chloe Ayling，上个月因为一个假的拍摄邀请，被诱骗到米兰，在那里她被下药，被戴上手铐，捆绑在一个手提箱里放在了一辆汽车上，最后被带到一个偏僻的农舍。据调查，这位被抓的30岁波兰籍绑架者是暗网的高层，他们一开始向其经纪人要价27万英镑赎人，如不汇钱就将其卖为性奴。但发现女模特是位 ​​​ 全文在一所臭名昭著的“垃圾学校”里，这位老师，最终把400多个垫底差生送进了一流名校…… ​​​#老魏聊电商# 买家在评价中，（1）有污言秽语，（2）包含个人隐私信息比如姓名、电话、邮箱等，（3）经由FBA发货的订单却被反馈说发货时效差或者派送人员服务态度恶劣等，（4）在评论中有歧视性语言的，比如Chinese Garbage，（5）评论中有恶意引导性语言的，比如Dont buy from this store等情况，都是 ​​​ 全文
南南不好笑,3,【#中共十九大#主席团243人名单公布】十九大主席团243人名单公布 ​​​抱歉，此微博已被作者删除。查看帮助：http://t.cn/Rfd3rQV很有趣的小漫画——长在人参园里的地瓜 ​​​​#田柾国少年意气#。#田柾国# 美的cr zr_twtpetitlapin的秒拍视频 ​​​生日快乐，[emoji]esut！[礼花][德国] #DieMannschaft# @厄齐尔m10 ​​​安利 孤高的昭和歌姬  【中森明菜】难破船（夜hit五场打歌服一览）PS:制作@AKN字幕组 秒拍视频 ​​​屌啊 当了格策的后妈 ​​​至于在中国，抵制哈拉宗教扩张的人，则被扣了“破坏民族团结”的大帽子。 秒拍视频 ​​​关于今天中午#美国退出联合国教科文组织# 的评论话题，其实里面有意思的点很多，但是碍于篇幅与尺度不方便呈现，现在补充些许：特朗普政府“美国优先”的外交路线、天然反感多边合作模式与多边国际机构、国内正在削减预算不想补交5亿欠款、甚至所谓“超级大国的傲慢”，在这轮的退出里面可以说或多或 ​​​ 全文感受了番防弹《sea》的歌词，基本上就固粉能力而言，傻帽和他们已经不在一个战斗级别了。歌词来自bts_platanus“以为这是大海 却发现只是沙漠没有背景的小公司爱豆是我的另一个名字在放送中被剪辑掉的事情不计其数我们的梦是成为谁的替补有人说我们公司太小所以无法成名……回到七个人挤在一个 ​​​ 全文
廉叔_Frankie,5,当你的弟弟终于恋爱!!!你真的不是gay呀我的弟!!! #lelepons# 这个妹子叫lele的秒拍视频 ​​​那些动物界的逗逼们，都是神经病啊哈哈哈非常豹笑了！ ​​​好像很好玩的样子[笑而不语]台湾阿呆仔的秒拍视频 ​​​终于知道为什么大熊猫这么稀有了[允悲] ​​​说个真事，某上海本地小姑娘，29岁，有个30岁的市区男友，都是上海的，男的家里条件一般，但是中环这里买了个60个平方的婚房，女的家里比较有钱，男的呢工作一般，10000不到一点，就是普通过日子稳定不求大富大贵那种女的对这个很不满意，觉得男的整天混吃等死不好，为什么不想着拼搏，女方家长也是这 ​​​ 全文落地捡了个平底锅追了别人八条街...哈哈哈哈真不是一般的执着！[笑cry][doge]#绝地求生# 绝地求生LYB的秒拍视频 ​​​【大连一方提前两轮冲超成功！】中甲第28轮，大连一方2-1战胜大连超越，在联赛还剩2轮的情况下积61分，领先第3的青岛黄海9分，提前冲入下赛季中超联赛！大连万达、大连实德、大连阿尔滨、大连一方.......大连足球的身影又一次出现在了中国顶级联赛，恭喜他们！ ​​​我瞎了还是咋了，这种现在叫美少女了？中国出问题了还是中文出问题了，以前不都叫村逼么 ​​​what kinda porn is this ItsBadForYa的秒拍视频 ​​​马来西亚脱口秀，调侃社交软件Whatsapp群聊在工作里的重要性...简直一针见血[doge]...笑死人了，这种事你干过多少[笑cry] 胡椒视频的秒拍视频 ​​​
hgauhdu,1,#纽约游记# 到酒店半夜1点，24小时健身房还开着，去撸了一会儿铁。感觉作为一个穿衣服的开化人类，健身是在对自然资源致敬——如果身材太差了，穿衣服都对不起衣服：- 皮草貂毛就不说了，太残忍太野蛮。- 套个针织衫吧，对不起被薅的羊。- 披个丝巾吧，对不起蚕宝宝。- 就算睡觉时只穿一条纯棉内 ​​​ 全文【健身房训练全面入门】和@一介粗人_ 共同教授8次直播课，深入讲解现代人的健身房训练思路、具体训练方案、必备的人体原理知识、动作技术。此课程为想长期进行抗阻训练的非运动员设计，不分性别。10月11日晚上八点第一节，赶上直播体验时空连接的快感… 健身房全面入门教学直播 八课时 一介粗人x麦大湿 10月11日开课 ​​​一条抽奖微博：上次抽奖没搞好，刚说要抽就完事儿了，全程不超过 3 分钟，极度尴尬。这次重新来战。前情提要：之前因为复习司法考试，所以看书比较少，现在考完了，开始疯狂看书。就像那句名言说的：「我扑在好书上，就像饥饿的女粉丝扑在 高尔基 的面包上！」因为法条太务实，所以搞一些科幻脑 ​​​ 全文【论文写作】1、克雷斯威尔五步文献综述法：http://t.cn/ROAb2RZ2、本科毕业论文写作指南：http://t.cn/ROAb2R73、文献综述的写法：http://t.cn/ROAb2RA4、本科毕业论文如何撰写文献综述：http://t.cn/ROAb2Rz5、怎样找到质量好的数据来源：毕业论文怎样找到质量好的数据来源？ - 知乎6、写论文需要的工具及软件： ​​​ 全文物理学家费曼的妻子因病逝世的时候，他一滴眼泪也没掉。他看着妻子，觉得她就像睡着了一样。直到一个多月后，费曼在橡树城的一家商店里看见了一件漂亮的连衣裙，他想，“艾莲一定会喜欢的，”顿时不能自己，潸然泪下，失声痛哭。 ​​​“在长时期内，我对社会上那些我认为是非常恶劣的和不幸的情况公开发表了意见，对它们沉默就会使我觉得是在犯同谋罪。” ---爱因斯坦 ​​​抱歉，由于作者设置，你暂时没有这条微博的查看权限哦。查看帮助：http://t.cn/RfdBWwP ​​​扒一个油管UP主超級歪SuperY的科幻电影系列视频：A Linguistic and Philosophical Analysis of Arrival—关于《降临》中语言学和时间哲学的探讨。他的影片分析我一直很喜欢，尤其是这次关于认知心理学的讲解部分更是深得我心。能上油管的建议去原地址看一下，评论区有更详细的解释http://t.cn/R9l9VBk  ​​​ 全文感觉自己完全到了长大的年纪。之前觉得遥远的现在那么近。关注的人也都是二十几岁，等我到那个年纪的时候，会成为他们那样好的人吗？起码要有个十分擅长的领域吧。 ​​​音乐家之间的撕逼真高级，没有台词也能听出之中的针锋相对，难怪说音乐是人类共通的语言。明星有毒的秒拍视频 ​​​
依然牛奶,3,这一定是你看过最美最实用的玻利维亚“天空之镜”攻略！之前签证手续繁复的南美国家纷纷开启落地签，是时候为春节假期做准备了！再次感谢师父@-ling000- 师兄@王源宗Bboy 全程照顾和帮助，还有@穷游网 的大力支持！南美视频链接请点击：Trip to South America ​​​行者招募（出发日期：11月20-28日）背包十年《鹏程》摄制组已经完成清迈、巴厘岛、暹粒、印度、新加坡、老挝的拍摄工作。接下来我们将走出亚洲，前往神秘的北非突尼斯。现在行程已经确定，我们将乘坐四驱越野进入撒哈拉腹地，前往《星球大战》系列电影的外景拍摄地，还要到地中海边的蓝白小镇歇歇 ​​​ 全文【TED：如何克服内心的负面声音】世界上只有一种失败，那就是半途而废。每个人内心都有各样的声音，它们从何而来呢？不要轻视这些声音对自己的影响，那么我们该如何克服那些内心的负面声音呢？很棒的教育短片，很适合练听力，也很有启发性，推荐大家看看。秒拍视频 ​ ​​​6个折衣妙招，感觉比自己的手残折法更利落...还能省出更多行李箱空间...[赞] 更别提让另一半刮目相看啦！[doge] 胡椒视频的秒拍视频 ​​​【[飞机]️ 我有一张环球机票，你要不要？】不好意思，又不安份了...打算开启一段环球旅行，前往六大洲，去寻访一些好玩的人。【[心] 重！点！是！我要带个姑娘一起走】我会为你提供机票和旅费，具体需求见图片，如果自认为合适，请联系我。一切妥当，就等你了~快来呀~ ​​​双中子星并合产生的引力波及其伴随的电磁信号模拟视频（via NASA） 知识分子的秒拍视频 ​​​读了这本石黑一雄的短篇，《小夜曲》。很有意思，村上大叔不冤。附带一说，我偶然遇见过译者张晓意，孤傲冷峻，劲儿劲儿的女生，宽阔而深邃。印象深刻，我很喜欢。 ​​​发布了头条文章：《心理学公开课集》 心理学公开课集 ​​​#谁家的可可4# #可可那些事#6岁娃娃的要英语儿歌谁家的可可99hj8的秒拍视频（上#秒拍#看我的最新短视频，下载秒拍->http://t.cn/R09bnBc） ​​​7招手机摄影干货，让你从手机摄影小白轻松进阶[憧憬]...看完才知道，原来手机也有很多不只单反才有的功能[思考]...胡椒视频的秒拍视频 ​​​
StriveAgile,1,"搬运工 货车司机 厨师 程序员 游戏主播；从社会最底层一步步走到光鲜台前；他始终在用自己的乐观感染着身边的每一个人；「不改其乐 嬉笑人生 — 洞主」——《游戏人360秒》第12期；转发并关注本微博  随机送洞主签名照及同款外设。[二哈]  @LOL_洞主 http://t.cn/Rx4DP9x . ​​​台词功力对一个演员究竟有多重要，为什么现在一些小生花旦一张嘴就出戏。。。台词功力就是一个角色的生命力，有多重要，看看这个视频感受一下。 http://t.cn/RyHcoJB ​​​重发一遍，巴黎屠杀只是血腥高潮的开始。 当时发这篇文章时，有人说我把ISIS说得过分强大了，世界能被愚昧残暴的人摧毁么？显然这样说话的人，没有仔细看过世界文明史。 毫无疑问，历史在展示他那最残酷的一面。 ​​​#中国一点都不能少#这才是中国，一点都不能少。[心] ​​​""#小妹播报# 6月20日凌晨1点左右，湖北随州一90后男子穿越半开的伸缩门，不幸被漏电电流吸住身亡。大家扩散提醒身边的亲朋好友注意！特别是很晚才回家的！[吃惊]秒拍视频（使用#秒拍#录制） ​​​关于年终奖，你应该知道的那些事儿[推荐]年底了，很多人都在惦记这事儿~~ via 人民日报 ​​​2014年《天猫双11官方最全爆款清单》现在奉上！清单内含17个标签页，1500多款双11最热商品，总有一款适合你！先转发分享给好友，然后怀着好奇心下载吧→http://t.cn/R7Yrhjn（重要提示：文件较大，建议在电脑上下载查看） ​​​一时间…不知说啥好。 ​​​#烈枫福利#活动来袭，这次送手机！！！OPPO N3将于10月29日在北京发布，该机采用5.5英寸高清屏，创新1600万像素电动旋转摄影头，便携式新一代VOOC闪充，自拍美颜，PI原画引擎2.0+等。现在起只要以#OPPO秋季新品发布会#为话题转评本条微博，即有机会获得OPPO拍照手机一部，31号开奖。还等什么？翻滚吧！ ​​​我分享了@人民日报 的文章 中国古代家训集萃 ​​​"
義商文化王维军,8,梦总是突然醒的，就像泡沫一般，越吹越大，最后啪地破灭，什么也没有，除了空虚。没有脚踏实地的建立起来的东西，就无法形成精神和物质上的支撑。 ——东野圭吾《时生》 ​​​ 北京·亚运村小营 ​​​人其实都一样，人又分为好多的圈子，好多的层次，圈子的不同决定了合作的方式，主动合作与被动合作，主动合作产生价值，被动合作产生负价值，前者合作愉快，后者心有余悸，前者合，后者久之散。将人性的双面性描绘的淋漓尽致。 北京·亚运村 ​​​谁说走路就是拼步数，走过1000就算赢！我已经在微博运动完成了首个千步行走，赢得蜗牛侠勋章一枚！等你来走！ 北京·亚运村小营 ​​​运动不是一蹴而就的比拼，而是执着于每一瞬间的坚持！日行15000步的我已激活了一枚暴走勋章！#运动就是坚持# 你也来试试吧！微博运动 北京·亚运村小营 ​​​生活不只有远方，还有沿路的风景和每一天的坚持！日行10000步的我已激活了一枚快走勋章！#运动就是坚持# 你也来试试吧！微博运动 北京·亚运村小营 ​​​我在#微博会员福利#中领取了【汉堡王套餐抵用券】。微博会员送福利，权益多多，你也来看看吧！>> ​福利权益免费领！ ​​​厉害了！我在会员成长PK中击败了 那么土-火栗全开-锥栗仁，解锁了人生赢家新姿势！要和我一较高低吗？来挑战#我的会员成长# 吧！ 会员成长大PK ​​​那些年，那些人，已是曾经，已是往事。岁月蹉跎，留下的只是一脸的皱纹，一脸的兴衰。我自己感觉我是一个很有主见的人，但时而也会被套路。人生处处是套路，还是农村较单纯啊。 北京·亚运村小营 ​​​@潘石屹  有一天我希望我是一个纯商人，因为像西北农村走出来的娃，都是特别纯粹的。北京这个城市很美，也很有气息。 北京·亚运村小营 ​​​这世界上有太多的能人，你以为的极限，弄不好只是别人的起点。 北京·亚运村小营 ​​​
专注spechem,5,"苏州市科技馆项目，建筑面积为75300平方米项目，科技馆位于苏州市狮山公园东南角，东临长江路，西面狮子山临狮山湖，对接狮山公园环行系统；闹中取静，环境优美，生态资源丰富；规划为苏州市最大的科技馆。该项目地上四层，地下两层。人流参观线路从上至下，负一层联系商业空间可直通地铁站。 地下人流 ​​​ 全文#苏州分享#【徒手夺枪救人质！这段视频记录的是真实特警战斗】丧心病狂的贩毒嫌疑人挟持8名人质掩护自己，欲乘车脱逃，特警围捕时，嫌疑人举枪！危急时刻，特警李建华用手紧紧抓住嫌疑人的枪套管，无名指死死抵住抛弹口，徒手夺枪，制伏歹徒。这不是游戏，也不是电影，而是特警真实经历！致敬！ ​​​ 全文#苏州商业动态# 近日，木渎集团召开专题汇报会，就旗下红星项目A地块项目建设及招商运营情况进行汇报。会上获悉，位于红星家居广场的山姆会员店将于今年10月开业，这也是我市第二家山姆会员店。　　红星A地块位于长江路与苏福路交会处，项目总建筑面积约14.7万平方米，地下建筑面积4.78万平方米，地上 ​​​ 全文#电影破·局定档818#要是能看到男神跟女盆友一起再演电影就更好了啊一大波人期待，喜欢极了呀你这种电影就是我喜欢的类型,这样一部电影果然给我们带来了不一样的精彩，让我们感觉到了一个不一样的你, ​​​#不可辜负的美食# 夏天吃什么最过瘾？当然是一碗浇上汆卤的凉拌面喽！这样一碗面，想想就流口水[笑而不语]#花儿的美食厨房# 用最简单的食材，做出最好吃的味道，今天这道肉沫茄丁汆面，夏季里越吃越香的美食[哆啦A梦微笑] 天越热，吃它越香，炒出一碗茄丁汆，鲜爽、好吃的秘诀在这里 ​​​机场找了家快餐店吃金陵小吃，怎么着吃着当地的食物才算不虚此行汤包28。先买的汤包，把我惊艳了，比鼎泰丰的好吃啊，肉新鲜竟然还有肉香，28门。天哪我在北方过的什么日子。果断迅速下单来碗鸭血粉丝汤[鼓掌][鼓掌][鼓掌] 南京·南京禄口国际机场 ​​​这 ~~~谁家熊孩子 用课桌在教室模仿漂移，笑尿了 秒拍视频 ​ ​​​10年后我一人独步于黄浦江畔，[挖鼻][挖鼻][挖鼻]#赵丽颖的透气宣言#静赏月色，五月的气息如此浓郁，车水马龙的大街，川流不息的人群，那女人带着孩子无声走过，小女孩冲我看了过来会心一笑，嘴里仿佛念叨着两字: 爸爸。 SNH48-鞠婧祎 520 ​​​电影《仙境之桥》配上这首《Valder Fields》，简直爱到不行，舍不得删掉的一首歌！http://t.cn/Rcbbb4v ​ ​​​大家好，我是你们的柴老师，今天来教大家什么是标准的狗~刨~http://t.cn/RaTsLhL ​ ​​​"
用户6315014763,1,祝你生日快乐 ​​​
氵junqin皮,2,广州降温也是猝不及防这么冷的天躲在被窝里写代码简直美滋滋[doge] ​​​写作梅西，读作上帝[喵喵]昨天倒插flag是有用的 ​​​要是阿根廷被淘汰，这届世界杯我就不看了[拜拜] ​​​虽然没有上深圳大学，但我上了他女朋友@广州大学  [doge] ​​​安静了这么久 老师突然要做项目了[摊手]都是些撒子哦？这项目还没死？ ​​​海豚有海 ​​​一天不code浑身难受⊙︿⊙学C的时候看到py就想跑去学py 这下学py了又看到js开始手痒…[二哈]技能没点满就这么贱 现在只能看大物了（挂 ​​​#埃氏筛法#超喜欢这算法 看一眼就觉得有趣估计是因为这玩意简单[二哈] ​​​给某评论区的大佬跪了 ​​​雷柏V500开箱。。_(:з」∠)_个P买不起原厂轴只好买一把几十块国产[二哈] ​​​
一宁_2017,1,【可以自学成才的AlphaGo Zero】本周Deepmind在《自然》发表的一篇论文Mastering the game of Go withouthuman knowledge，一款新版的AlphaGo计算机程序能够从空白状态起，在不需要任何人类输入的条件下，迅速自学围棋。这款新程序名叫AlphaGo Zero，以100比0的战绩打败了它的前任（在2016年3月的锦标 ​​​ 全文
楼老爷zzz,2,"如何用手机轻松做设计？ ​​​#FreeTeeFriday#2017年10月20日·星期五奖品：妙哉SurpriseTee × 2  PS, SurpriseTee是妙哉上在售的随机一款Tee：http://t.cn/R6cgakH ​​​B站各国外语学习视频的站子大合集！​​ ​​​""午饭时间"" (twi:Pon-kun) ​​​来，送张椅子，@迪锐克斯DXRacer 家的经典OH/KS06-W/NR，国内暂时没得卖，外网价好像在3000左右。老样子，无需关注，转发里周四睡醒了抽一个。@微博抽奖平台 备案。 ​​​【移动联通电信老用户更换套餐方法 保证成功】如今移动联通电信三家运营商竞争越来越激烈，三大运营商纷纷推出各种优惠的流量套餐来拉拢新用户。可是这些新推出的优惠套餐，都是只限新用户办理，老用户去升级新套餐，三家运都会有各种借口拒绝。难道遇到这样的霸王条款我们除了重新办理一个新卡 ​​​ 全文明天晚上北京时间22:00，全球各大天文台和研究中心将联合发布重大消息。 ​​​【随便加了点材质，怎么看起来就那么高端？】在文字的表现中，添加符合主题的材质，借此让文字更加生动写实、更具美感哦。#设计秀# ​​​来818你见过办公室里那些最最阴毒狠毒的招数吧，以及破解之术 ​​​有哪些广告词让你感到惊艳？ ​​​​"
盛SFS,2,#转发抽奖# 纪念博主两万粉！博主史上最大福利！ 关注转发，抽一人送 HHKB Professional2 静电容键盘，程序员装x必备！！！另抽三人送技术书一本（京东自营任选，百元以下）！！！ @微博抽奖平台 下周5（9月22号抽）！ #机械键盘# ​​​分享单曲Wings（@网易云音乐） ​​​分享单曲Hotel California（@网易云音乐） ​​​分享单曲Hotel California（@网易云音乐） ​​​(⊙o⊙)哇哦 分享单曲Lose Yourself (Markino Faded Remix)（@网易云音乐） ​​​不管全世界所有人怎么说，我都认为自己的感受才是正确的。无论别人怎么看，我绝不打乱自己的节奏。喜欢的事自然可以坚持，不喜欢的怎么也长久不了。——村上春树《当我谈跑步时我谈些什么》 ​​​分享了Birdy的MV《Let It All Go》 http://t.cn/RVnBzaV (来自@网易云音乐) ​​​分享了Passenger的单曲《Beautiful Birds》 Beautiful Birds (来自@网易云音乐) ​​​什么结构化面试，行为面试，胜任素质模型巴拉巴拉的，人力资源招聘面试是个大坑啊，只能瞅瞅课件了，木有工作经验简直做不来[悲伤][抓狂]我还是乖乖看税法[拜拜][拜拜][拜拜] ​​​从前书信，连常用语都那么美！@思想说 ​​​
乐坞港,1,"#粉丝福利# 双11天猫红包来啦！10月20号0点开抢入口！ ① 最高1111元红包：http://t.cn/ROFxq3M  红包淘口令￥ICTV05RlPhN￥② 明晚10.20日 抽1位送1111元现金，10位平分888元现金，由@微博抽奖平台 抽取（ 抽奖条件：转发+关注@每日白菜优选​ ​​​） ​​​​凤凰联动影业100台IPhone倒计时免费送！送！送！70台爱疯8今日已入库，30台X预定中！活动截至25日，你与IPhone8（X)的距离只差一个转评！用你溢出的热情征服小簪，小簪给你秋日甜心的苹果[耶]#电视剧簪中录# @凤凰联动 @凤凰联动影业 @张小波 ​​​#抽奖！！#iphone8？iphoneX？不好意思，我选欧洲畅游15天！不多说，就简单来波欧洲出游福利吧！只需关注+转发此微博，9月30日将通过@微博抽奖平台 ，抽一名童鞋送1张欧铁连续15天全境通票，再抽15名童鞋送神秘礼物！ 互沾欧气：转发时@ 上小伙伴，若你或小伙伴其中一人抽中通票，这边也会给另一 ​​​ 全文  飞跃至地球之上，头顶便是永恒闪耀的银河。当宁静的星空在身旁璀璨之时，今晚，是否能做一个好梦呢？  第一次尝试做全景图，希望大家喜欢。 全景图片 ​​​相爱的人啊不要伪装，转眼一切就是过往。分享单曲普希金 (2015动静版)（@网易云音乐） ​​​#经典国摇现场#【超载 - 荒原困兽】95年首演现场，化石级珍贵视频，20年前的《荒原困兽》还是英文版，看看高旗当年甩动的头发，咆哮的嗓音！亮哥还有些拘谨在舞台上，珍贵的中国摇滚史料视频，真想回到那个遥远的现场！滚青装B指南的秒拍视频（使用#秒拍#录制,免流量看热门短视频!） ​​​导演的发言。 秒拍视频 ​​​《像咪蒙一样红过》 关于未来我们是如何忘记咪蒙，我已经猜得到结局，但是我猜错了开头 像咪蒙一样红过 ​​​看了深夜食堂很生气，想征集一些你在小饭馆里遇到过的人和故事。 ​​​万能的网友，继续帮我：假设我请一个美籍华裔大教授吃饭，她是大知识分子，品味极高。只给我请她吃三顿饭的机会，我希望请她吃了这第三顿饭之后，她能爱上北京。这三顿饭要吃出北京的水平，那么去哪里呢？（全聚德烤鸭、东来顺涮羊肉之类的北京特色，她已经被请过N多次了，要请她去点不一样的地方，多 ​​​ 全文"
用户5524181300,2,#女神集中淫呢的红包#一不小心又中奖了！(≖ ‿ ≖)✧我在岛国福利视频社 的红包中抽到了@聚美陈欧 提供的“聚美百元大礼包”，好实在的新年礼物，让宝宝心情美丽一整天～岛国福利视频社 的红包 ​​​#陳柏霖的红包#一不小心又中奖了！(≖ ‿ ≖)✧我在陳柏霖 的红包中抽到了@滴滴出行 提供的“滴滴百元礼包”，好实在的新年礼物，让宝宝心情美丽一整天～陳柏霖 的红包 ​​​
Teetea_,2,感谢锋神带我在学霸中熏陶[doge]顺便补个跑步打卡[喵喵] ​​​晨跑打卡[doge] ​​​【关注+转发抽送华为全景相机1个】除了是华为首款集成NPU芯片的手机之外，#华为Mate10#还有哪些不能错过的亮点？点视频，2分钟了解#华为Mate10#系列的过人之处！华为手机官方的秒拍视频 ​​​感谢武总的耳机借我装blity[doge] 唐山·曹妃甸区 ​​​感受下10点半能一个路口堵30min的北京[doge] 北京·酒仙桥 ​​​早起挤了下早晨八点的地铁，感觉自己瘦了[doge] ​​​从画大饼到抢肉饼[doge][doge][doge] ​​​七夕 至少枕边不是空的[喵喵] ​​​吹头发吹一半停电？？？擦干再抓[doge]灵魂抓头术 ​​​经过几十次榨汁尝试搭配得出结论系列[喵喵]最好喝的果汁=西瓜+一只柠檬挤汁晚上不吃饭喝点果汁不算胖[doge] ​​​
马雯瑾Mua,1,分享图片 ​​​
洋芋土豆51501,9,六种丸子头发型绑发，总有一款适合你。秒拍视频 ​​​秒拍视频：瑜伽初学者－拜日式详解(来自 @豆瓣App) 秒拍视频 ​​​【睡前必看】超赞的睡前瑜伽视频，收藏备用，get！   http://t.cn/R58OQy3 ​​​看这草莓蛋糕心情都好了~[可爱] ​​​【床上睡前4分钟瑜伽教程 治失眠又减脂】今天教大家一套非常火的睡前瑜伽，不仅可以调节身体内分泌，排毒，还可以减脂肪。最关键的是，对失眠和精神焦虑者特别有效！马走睡前做吧！[耶]http://t.cn/Rt7hAGW ​​​很火的舞蹈，舒服简单很自然，太棒了！好想学！！ http://t.cn/RyhmaDn ​​​【点击图片吃美食】【独一家抹茶冰火菠萝油】在哪吃？戳图有答案 ​​​【各种经典奶茶教程】以后想喝，自己动手捣腾起来。 #美食# ​​​分享一个【酸奶水果薄脆（炒酸奶）】的做法，酸甜冰爽，夏日甜点必备，先马一个！ ​​​#魔力美食# get5种小番茄高能吃法，让你把小番茄吃出新高度[doge] @魔力美食 魔力美食的秒拍视频 ​​​
苹果蒂子judy,3,请告诉我 历史期末考的这是什么鬼?!! ​[笑cry] ​#搞笑# ​​​如果你是蒋介石，当年这场仗，怎么打？！ ​​​我觉得这是时尚界对我们喜剧界一次 预谋已久的打击 ​​​【良心企业家：个税应该从3万起征[话筒]】政协委员、福耀玻璃创始人曹德旺：按通货膨胀的比例算，现在个税起征点应该是3万，而不是3500元，我员工平均收入是6000多都要被征。我是贫困出身，对这个阶层非常同情。我没忘记自己的过去，我还是站在穷人的立场上讲话。 你若支持请转发，点赞！[good] ​​​累死你的不是工作，而是工作中遇到的人。[摊手] ​​​​总是求不得怎么办？或许你可以试试这个办法…… ​​​陈志朋新歌MV《千面》……这还是当年小虎队的“小帅虎”，《还珠格格》的尔泰吗？ 不能我一个人瞎[跪了] 八卦社长的秒拍视频 ​​​#prada荣宅#一夜。杜鹃小姐姐与极盗车神@AnselElgort ​​​总是求不得怎么办？或许你可以试试这个办法…… ​​​你小时候吃过这玩意儿没，你们那儿管它叫啥？ ​​​
手机用户2205690793,3,两岁的小正太Jack患有自闭症，他一直梦想着能够亲眼见到白雪公主，终于有一天在迪士尼乐园他实现了自己的愿望，眼睛一刻也不能从公主身上离开，真的好开心啊~ 我的朋友是个呆B的秒拍视频 ​​​1992年张国荣在《霸王别姬》的北京拍摄现场…优雅！[憧憬] ​​​门内有径，径欲曲；径转有屏，屏欲小屏进有阶，阶欲平；阶畔有花，花欲鲜花外有墙，墙欲低；墙内有松，松欲古松底有石，石欲怪；石面有亭，亭欲朴亭后有竹，竹欲疏；竹尽有室，室欲幽           …… 《小窗幽記》里的生活美学 ​​​说的都是我了[攤手] ​​​去年五.一，我跟柽一参加了一个夏令营，形式上跟《爸爸去哪儿》很相仿。我们去了安徽的一个偏僻山村，这里只能坐船进去，大概只有30多户人家。在那里待的五天四夜，是我一辈子都不能忘掉的，独属于我跟柽一的回忆。   刚进村子要划皮艇到湖对岸，柽一怕我累，划一划就让我休息，还跟我说：“爸爸， ​​​ 全文攻略 | 📍西塘旅行全攻略去过的古镇不少，各有千秋，西塘倒也是深得我心的一个。初见西塘，好生喜爱。在西塘呆了一个月，也去了N多古镇的民宿客栈，细心整理了一个星期，终于完成了我的第一篇微博长攻略！！愿此篇能让你感受到西塘古镇的美好[心]▫p1 前言 & 关于交通 ▫p2 门票攻略 & 美食推荐 ​​​ 全文简简单单，挺好。 ​​​【今日，你愿为他转发吗？】今日，中国“天眼”(500米口径球面射电望远镜)落成启用一周年。可是10天前，“天眼”首席科学家、总工程师南仁东却永远地闭上了眼睛…当年，他放弃国外高薪，他说：我得回国！他常独自登上塔顶，爱恋地俯瞰整个工程，今天，“天眼”成为中国骄傲！一起传递！致敬！(新华社) ​​​【[围观]电动车闯红灯被撞飞交警判其全责！网友：灯塔式案例】9月12日，浙江临海市一辆电动车闯红灯被撞，电动车驾驶员手骨骨折。交警认定：由于电动车驾驶员未遵守信号灯通行，造成交通事故负全责。伤者不但医药费要自己负责，还要对轿车修理费负责。对此认定，很多网友表示认同。http://t.cn/R0fuBKw ​​​既然无法言说，不如一笑而过；既然无法释怀，不如安然自若。 ​​​​
并不是很慌,1,女孩子们要不要试试！[吃瓜] ​​​抱歉，此微博已被作者删除。查看帮助：http://t.cn/Rfd3rQV认知的盲区是如何让穷人更穷的？http://t.cn/Rogp1Q3 ​​​凡事往美了想，往好了做。 ​​​
Bec羊木,3,"芝加哥艺术博物馆里有68个20世纪早期制作的“索恩微型房间”Thorne Miniature Rooms，这些作品展现了不同时代、不同国家的各种室内装饰风格，每个房间里可能不够巴掌大的家具或摆件，从风格到造型都可追溯其历史源流，甚至还考虑到房间里的采光，每个细节都令人惊叹！ ​​​【TensorFlow Lattice发布：来自先验知识的灵活性】《TensorFlow Lattice: Flexibility Empowered by Prior Knowledge | Google Research Blog》by Maya Gupta, Jan Pfeifer, Seungil You http://t.cn/ROa2DNR GitHub: https ://github .com/tensorflow/lattice 爱可可-爱生活的秒拍视频 ​​​“土拨鼠没有吃晚饭，绞刑，立即执行！” ​​​橘黄的灯光下，潇潇用羚羚练字的毛笔在报纸上写【忍恶善改】。那是很多年前，墨汁和毛笔都有点臭。 ​​​那个时候她只会写一个“改”。 ​​​然后发生了一些无聊的事，参加月亮集会的有五名法官和一名陪审员，羚羚就是那名陪审团。被审判的是一只瘦小的土拨鼠，他的罪名是：没有吃晚饭。法官甲清了清嗓子问羚羚：“那个...那个陪审员…！你认定土拨鼠有罪还是无罪啊？” 羚羚这会儿有些松弛了，她勉强把眼睛的焦距收拢在悬崖边上的脚手架上。“ ​​​ 全文羚羚朝月亮的方向走去，经过两座很大的坟包。坟包上长满了彩色的牡蛎。小人在绵软的坟包上跳来跳去，羚羚不耐烦地把他扯了下来，小人吐了一大口盐，身上挂着好几个牡蛎。它偷偷地拔下羚羚的头发把牡蛎串成串，一边走，一边吸溜吸溜。 ​​​小人被颠得打嗝，嗝出好多绿色的泡泡「XXX，XXXXXXX，XX，XXXXXXXXXX？。!」羚羚听着泡泡裂开的时候迸出的音节，听到了她的秘密，手里的小人滑倒了地上。小人躺在地上，曲着腿绕着羚羚继续滑行和打嗝。海水漫上来又褪去，小人被太阳烤干之后变成了腌渍小人。羚羚把它捡起来挂在腰间。月亮升起来了 ​​​羚羚按照秘笈上说的，在半梦半醒的时候屏气三十秒钟，开启盗梦空间。正当她要大显身手的时候，面前出现了一个戴着红色尖帽子的小人：「我是潇潇的灵魂碎片...」我不属于这里，他捏着鼻子说，请你把我拔掉。羚羚觉得被开了玩笑，她生气地把小人倒着提了起来。 ​​​Alonzo King Lines Ballet一个黑人编导在旧金山成立的舞团演员不多，但个个都好到舔屏呢 ​​​法国艺术家Louis Icart笔下的巴黎时髦女性。Louis Icart是19世纪末20世纪初著名水彩画家，主要以时尚的女性为题材，在他笔下的女性大多无比的飘逸灵动 ，且风情万种。 ​ ​​​"
我不是你小姨,1,《红楼梦》里有顿饭一直给我很深的印象，不是茄鳖，那个炫富的意味太浓，像是为繁琐而繁琐，实物或许精巧但不一定就那么好吃。我很惦念的是六十二回里，柳家媳妇遣人送给小丫鬟芳官的一顿饭，“一碗虾丸鸡皮汤，又是一碗酒酿清蒸鸭子，一碟腌的胭脂鹅脯，还有一碟四个奶油松瓤卷酥，并一大碗热腾腾碧荧 ​​​ 全文突然就醒了梦回到了曾经去过的地方你看啊 许诺要去的地方都到达了下一个梦会是去哪里呢？ ​​​今天520 听说要说句情话才算过节我先来一屋两人三餐四季......五杀，victory[二哈] ​​​再读这本书后，发现书信中的这些这么腼腆和看似不经意的对话是这么的可爱。 ​​​分享图片 ​​​风走了八千里，不问归期，只会一路向前。 ​​​拜托啦 放下晴嘛 ​​​感恩。 ​​​@Miss余点 ，有多少人生，只是“看上去”很精彩 ​​​
小次英,2,抱歉，此微博已被作者删除。查看帮助：http://t.cn/Rfd3rQV【10月18日10:00外套特辑更新 】投票款式第①名当天7.5折，第②名8折，第③名8.5折[酷]关注&转发 抽10位免单‼️点赞&评论 抽10位送50元无门槛优惠券❗️寒风凛凛的日子 没有大衣怎么过冬❓【投票有奖】为你喜欢的大衣投票 #微博橱窗#看预览 裁缝通缉令新品预告 2017/10/18（进店点新品上市，收藏起来等开售~） ​​​大骗子 ！ 化悲愤为食欲！ 南京·南京理工大学 小次英的秒拍视频 ​​​故地重游因你变的更有意义[心] 南京·秦淮区 小次英的秒拍视频 ​​​元气满满 南京·巴子面馆 ​​​有毒的想法[doge][doge] 泰安 ​​​我的爱死小白兔离我更远了🙃 ​​​必须带点绿，生活才能过的去[笑cry][笑cry] ​​​一杯咖啡导致失眠🙃 ​​​
DoomCheng,1,这是我的亲堂弟贾巴伍各。6月14日十二点十分点，持枪的贩毒歹徒夺走了他三十四岁的生命。人民失去了一个好警察，而我，失去了一个亲人，失去了一个生命里最踏实最靠谱的亲人。他5岁的大女儿刚刚上幼儿园，小儿子一岁多，刚会走路。一家族的人都为这两个娃娃唉声叹气。妻子是汉人，当初他们恋爱了九年 ​​​ 全文教你快速背诵五十音·片假名版：ア塞拜疆。イ冠禽兽。ウ力滔滔。エ情买卖。オ断丝连。カ布奇诺。キ耻大辱。ク成泪人。ケ迪拉克。コ是心非。サ逼兮兮。シ方国家。ス绸之路。セ翁失马。ソ气冲天。タ乡故知。チ嘴八舌。ツ喝玩乐。テ平公主。ト偷摸摸。ナ里哪里。ニ追我赶。ヌ火攻心。ネ茶妹妹。ノ洞大 ​​​ 全文[话筒]为了救孩子，这个广告我打了！@我是肥志 ​​​【这不是危言耸听 你身边可能有某国间谍！】刺探、蹲守、潜伏、卧底、拍照…实际上，我们身边的确就有一些人被境外人员控制，做了间谍，对我国家安全利益造成严重危害。什么人容易被策反？发现间谍行为怎么办？间谍怎么抓？#今天国家安全日#，戳↓了解反间谍常识，保卫国家安全是每个公民应尽的义务！ ​​​点赞最高的5000条网友评论~！！[good]​句句都很精辟，句句都有故事~ ​​​
飞向远方大叔,2,该微博因被多人举报，根据《微博社区管理规定》，已被删除。查看帮助：http://t.cn/Rfd14WY中行米兰分行 ​​​这才是意外惊喜，怪不得企鹅公司发了 警惕！王者荣耀或已沦为最大骗炮软件。 ​​​很有可能『2017年中国经济十大预测_手机新浪网』2017年中国经济十大预测 ​​​该微博因被多人举报，根据《微博社区管理规定》，已被删除。查看帮助：http://t.cn/Rfd14WY我贤要输，气死了。大家评评理，真的就不如虎扑神兽邱淑贞吗！ ​​​在这种资金市，有非常多的股票是需要市值管理的。就靠资金托着，庄家们寄望于未来的重组，能够吸引新增资金的接盘。维持高估值市值的，从来不是散户，而是主力。但现在，玩法突然变了，维持高估值也减持不了，反而维护成本找不到出处。再结合之前的大背景，严控跨界重组，严控借壳，接下来很有可能的 ​​​ 全文2017年5月份全部限售股解禁资料-东方财富网(eastmoney.cn) 2017年1月份全部限售股解禁资料（分享自 @东方财富网） ​​​银j会全面开展银行业风险检查 ​​​
A_FreeeeaK,2,请不要怀疑我，我就是何思云。 ​​​薛之谦至今不回应是对的。因为如果他的回应给不出反驳的实锤，他的人设就会塌掉，给出证据才不会塌。所以，只要薛之谦保持沉默，继续躲猫猫，他的人设就会一直处在塌与不塌之间………这个现象就叫“薛之谦的猫”……… ​​​#设计秀# 13'11'' 你要的地图网站我知道 | 绘图软件：Googel chrome   | 作者:LArch  #设计小课堂# 原链接交互地图网站合辑 转发截图私信获取打包网址+高清视频+神秘福利+案例文件 绘图空间的秒拍视频 ​​​#设计人应该知道的# 008 方案阅读网站推荐，积累是一个漫长的过程，一天看一个方案，一学期一年下来就是一大笔财富。评论区获取网页书签#设计小课堂##绘图学堂# @微博设计美学 ​​​在微博上看到阿廖沙被起诉的消息，传票案由写着诽谤，这事就又把我给炸出来了。纯属好奇去北电的官微看了看，发现评论早就关了，也是意料之内，好歹也是知名大学，底下被骂成那样，脸还要不要了。现在看这几位老师，看来是不要了。上次阿廖沙和侯亮平也算是在微博上闹得挺大了，后来侯亮平就被炸 ​​​ 全文依稀记得是初一暑假那年 在海滨广场玩轮滑几个大学生带着音响放歌 鼓点密集起来 电吉他 chester的咆哮 那是faint 也是我听的第一首lp的歌 就突然迷上了 以至于整个初中就在摇滚乐中度过 删光了飞利浦播放器里所有的流行歌 当时没钱 买不起专辑 也不知道去哪买 开始去网上一张一张一首一首的找专辑 音乐 ​​​ 全文去听Linkin Park的演唱会，做了整个夏天最该做的事。从买到第一张打口碟Meteora到今天，几乎占领了整个躁郁狂妄惶惶不可终日的青春期，陪了不计其数的独处时日。Numb的前奏一响，憋不住要泪崩，才发现一切都没那么漫长，一切不过转瞬即逝。大雨未至，意外收获一场萤火。若说长情，不过如此。 ​​​“蓝色钱江6.22火灾案”遇难者家属林先生志愿发愿筹建“潼臻一生”公益基金会，致力于中国高层住宅防火减灾，倡导房产开发商、物业管理企业尊重生命促进家政服务行业完善保姆的甄选管理机制。在此文发表之前，我看到起草文案我就开始哭到现在，林爸爸用行动来勾画了一幅爱的蓝图[心] ​​​ 全文纽约长岛，鸭子博物馆。当地农民毛瑞尔1931年盖的，专买鸭子和鸭蛋。他还用汽车尾灯做成鸭子的眼睛，晚上能闪红光——拉斯维加斯挺多这种建筑，这种风格后来被用“鸭”来命名，他们还做了125磅的“大鸭蛋”。毛瑞尔去世后，当地人四处奔走要保住这个房子，现在它成了地标建筑。 ​​​
哼着情歌的汪,1,謝謝所有的支持與肯定，謝謝一起寫下屬於這個時代的自傳的我和你。9http://t.cn/RaY3p2e ​​​
forzasheva,2,哈佛研究：一个人没有出息的9大根源，卧槽，这就扎心了。。。 全球热门精选榜的微博视频 ​​​我免费围观了 @黄章晋ster 的回答，问题价值 500.00 元，快来一起免费围观~ 微博问答:黄老师，我一直对林彪的死感到可惜，对于林彪死亡坊间有很多假说，这么多假说足见外界对这事的好奇。您觉得哪个说法应该更可靠些?林彪军事智慧政治智慧都是极高的，“国家接 ​​​我围观了@北方小米 的回答，该问题价值100.00元，围观仅1元，快来一起围观~ 微博问答:你提问教官的关于知识分子的那个问答没了，你可以再贴一下吗？ ​​​这样的停车系统，是否可以用在共享单车上?@三胞集团 @滴滴出行 陈旭东的微博视频 ​​​你的收入，为什么还没有指数增长？ 你的收入，为什么还没有指数增长？ ​​​抱歉，此微博已被作者删除。查看帮助：http://t.cn/Rfd3rQVPokémon GO有多火？前天晚上11点钟左右，有人在纽约中央公园发现水精灵后的情景~~大家感受一下[笑cry] http://t.cn/RtPkSpT ​​​现在的你要是多学一样本事，以后的你就能少说一句求人的话。 ​​​【全聚德拟改名“中国北京首膳”遭投资者吐槽】投资者听说全聚德要改名“中国北京首膳”，各种吐槽：“放着金字招牌都经营不好，首膳是何用意”董秘回应：“首旅集团有首旅股份、首商股份，我们做餐饮的，改为首膳股份，哪里不靠谱了？”同时他还透露“改名事小，重组事大”。（全景网） ​​​【可视化：美国不同职业收入变化】美国1960-2014年间不同职业的收入范围变化，清洁、餐饮等一些职业收入普遍不高，几十年间大部分职业的收入范围扩大了，但最低与最高收入之间差距仍然较大。http://t.cn/R5QvrET ​​​
卡邦三世,6,四时读书乐 ​​​三希堂法帖《赵孟頫卷》#书画界艺术##书画知识大全##书画界视频##书画界视频# ​​​【叔本华论读书】“买书后又能一丝不苟地阅读，是很好的；然而一般人往往买而不读，读而不精。”人生短促，我们如何才能精读每一本书？叔本华的这段文字，或许能让你深受启发[good] ​​​四十年代末大上海马路广告一瞥 ​​​明写经 ​​​#经典音乐现场# 黑色安息日（Black Sabbath）“The End” 告别巡演同名纪录片片段——歌曲《Paranoid》。此次告别巡演结束，便再看不到这支传奇乐队如此精彩的演出。我是摇滚客的秒拍视频 ​​​“ 我是不相信在绘画创作上有捷径可走，或者有什么特异功能的。只有艰苦磨练，别无它途 …”丨戴敦邦 ​​​​素描人像的魅力所在 ​​​​大般涅槃经 ​​​【  草木烟霞景物幽，高名千古镇悠悠 …  】 ​​​
Shonn心照,4,"【比特币继续疯狂：涨破40000人民币 直逼一线城市房价】21日，比特币先后突破了6000美元和40000人民币（约6043.7美元）大关，截止发稿依然在不断刷新新高，最高已经到达6083美元一枚。上周，摩根大通CEO戴蒙表示，蠢得买比特币的人终会付出代价，称比特币真正的价值是犯罪和洗钱。比特币继续疯狂：涨破40000人民币 直逼一线城市房价 ​​​【废纸上演洛阳纸贵：价格超废铁一倍 同比涨139%】“现在的纸箱真是一天一个价，都涨上天了。”一位网购纸箱的消费者感慨。事实上，涨价的不仅仅是纸箱，就连废纸都已涨到近一块钱一斤，比废铁还贵。数据显示，9月，废纸到厂均价为2960元/吨，去年同期价格1240元/吨，涨幅达139%。废纸上演洛阳纸贵：价格超废铁一倍 同比猛涨139% ​​​当自己宝贝闺女被熊孩子欺负时，这位爸爸的反应亮了.......原谅我没心没肺的笑出声[笑cry]微博电影工厂的秒拍视频 ​​​【湖北一高中千名学生上“吃苦课”：仓库里打地铺睡、洗冷水澡】寒风中徒步七小时，仓库里打地铺睡四晚，洗澡只能用冷水…上周五到明天，华师一附中高二年级1200多名学生，要体验5天这样的生活。该校这个特色社会实践活动已坚持了28年。活动内容还包括走访农家、到企业听专题报告、篮球比赛等。学生要 ​​​ 全文【青年导演胡迁去世：生前曾感慨青年导演生活困窘】13日，作家河小西爆料称，“青年作家、导演胡迁上吊自杀。”胡迁图书出版方华文天下、First影展组委会等发布讣告，证实了胡迁离世的消息。 “这一年，出了两本书，拍了一部艺术片，新写了一本书，总共拿了两万的版权稿费，电影一分钱没有，女朋友也跑 ​​​ 全文【朴槿惠：因为一个人的背叛 我的名誉和生活都毁了】16日，朴槿惠出庭受审时，罕见吐露心声，“接受审判的这六个月，我过得很痛苦。因为一个人难以想象的背叛，我的名誉和生活都毁了。”她强调崔顺实欺骗自己主导干政，否认自己的嫌疑。13日，法院对其延期拘捕，她直言自己和律师都“深感无助”。朴槿 ​​​ 全文【袁隆平超级稻亩产1149公斤 再创纪录】15日，中国工程院院士袁隆平团队选育的超级杂交稻品种“湘两优900（超优千号）”，在河北省硅谷农科院超级杂交稻示范基地，通过了该省科技厅组织的测产验收。平均亩产1149.02公斤，即每公顷17.2吨。创造了世界水稻单产的最新、最高纪录。1149.02公斤！超级杂交稻亩产创世界新纪录 ​​​【重庆获评""中国小面之都""荣誉称号 一年销售268亿元】13日中国烹饪协会正式授予重庆市""中国小面之都""称号。目前重庆大约有8.3万家小面馆，全国有40多万家，德国、英国、美国、加拿大等国家也有重庆小面馆。重庆的8.3万家小面店，每店每天平均卖150碗面，每碗6元，一年下来重庆小面销售额约有268亿元。 ​​​ 全文【河南出台规定：认定见义勇为牺牲 拟予百万抚恤】《河南省见义勇为人员奖励和保障条例(草案)》(审议修改稿)公布：河南人在外地见义勇为也能享受""本省待遇""。主动抓获犯罪嫌疑人，也能被认定见义勇为。见义勇为现场，负有法定义务的人员""应救未救""罚两千。见义勇为子女参加中高考，可加分。 ​​​ 全文【只要程序员！杭州大妈编程大赛现场为女儿征婚[笑cry]】你以为程序员都单身？错了，程序员很受欢迎。在某编程大赛现场，一位杭州大妈张贴征婚启事为女儿征婚，心仪目标很明确，就是这些在场的程序员。为维护现场秩序，安保人员对其进行了劝说，撤下了相亲启事。只要程序员 杭州大妈编程大赛现场为女儿征婚 ​​​"
赫兹桑,1,到目前为止，累计穿坏了一双鞋，一条jogging裤，丢了两副手套，用坏一个密码锁。身材长进，没有🤗 ​​​“怎么办，我总觉得随着年龄越来越大见到的人、事越来越多，越了解自己，我就越觉得以后自己不会有什么大气候” ​​​几年前的自己：昨天发的那条朋友圈好做作， 要不要删掉好了…现在：好不想回复昨天那条朋友圈要不要删掉算了 ​​​安宁又孤单的时刻 ​​​在这种穷得抠脚汇率上八的时候kindle坏了[悲伤] ​​​看Kesha的Praying mv差点看哭😅 ​​​坐在院子里看书喝啤酒，隔壁飘来烧烤的香味和小逼孩子的笑声，再想到房子终于找到，感受到了久违的安稳快乐。 ​​​如果说那些法国朋友在慕尼黑是外国人的话，那我就又是更外国人的外国人。加上找不到房子，丢失的行李箱，陌生的语言，这种没有归属感的叠加让人喘不过气。于是我一遍一遍地查看自己的手机，即使没有什么在联系的人。 ​​​因为看不懂德语，我买了三种不同的我最讨厌的气泡水，够我喝一周[允悲]我现在基本就是个文盲了 ​​​我一直希望也努力保持自己在社交网络上也真实一些，无论是发什么话还是图。昨天难得发了个朋友圈，带上了张完全没p的原图，居然也有很多人说被吓到了什么之类的。我就在想是不是自己成为了少数，所以当所有人都在p图、发正能量的时候，我反倒成为了异类？还是说是我自己变邋遢了，没有在经营自己，像是 ​​​ 全文
仅仅是个围观者,1,8月3号，boss直聘网在新浪微博发广告贴，似乎还给自己买了热门。舆论发酵后它们把这条删除了。 ​​​我围观了@王福重 的回答，该问题价值200.00元，围观仅1元，快来一起围观~ 微博问答:王老师好，请你评价下你的搭档郎咸平，他的水平到底怎么样？据说在国际上也很出名。甚至有人说希望他到中央主持经济。可是政府为何偏偏不喜欢他呢？感觉他挺火的，你觉得他 ​​​我围观了@王福重 的回答，该问题价值200.00元，围观仅1元，快来一起围观~ 微博问答:王老师，谈谈高晓松和罗振宇把，高开创了如今火爆网络的个人脱口秀先河，但是在商业成功性上好像后来者罗占优，我对比了高和罗节目，往往是罗在追随模仿高，就连每期的话题 ​​​这应该是知乎人生经验最为丰富的一名答主[笑cry] ​​​我围观了@光远看经济 的回答，该问题价值299.00元，围观仅1元，快来一起围观~ 微博问答:马老师，您好。我想问您两个问题，如果您只能回答一个的话我希望您回答前一个。1.能否请您回答一下南京的房子现在买是否有接盘可能，或者未来还有没有一定升值空间。2.还有 ​​​看砖封识流派[喵喵] via:http://t.cn/RJX2LCt ​​​我分享了 @烧伤超人阿宝 的头条文章 警察的血与医生的血 ​​​抱歉，此微博已被作者删除。查看帮助：http://t.cn/Rfd3rQV有哪些百听不厌的纯音乐？ ​​​【第74届金球奖开场大首播！】致敬+恶搞了N多2016年热门美剧电影！还有死侍和贾老板亮相，真是“基情四射”~！[笑cry]http://t.cn/RMIYp3C ​​​
曹文玺,9,小狗：兄弟，S3我们没能做到的，今年我一定做到这句话真·扎心了双马尾神超这个处男，现在在嘉宾席上，差点泪奔满满都是我当年十八岁的回忆，皇族也是我一直以来喜欢的队伍，希望今年全华班夺冠！RNGupup！（今天没能看直播真的遗憾，感谢@玩加赛事LOL 还有回放）#2017全球总决赛##英雄联盟s7# ​​​最近(略有趣)的日本广告[笑cry]很多神经病风格的，顺便放点美少女~ 变态学教授无铭的秒拍视频 ​​​楼下一位女士路边停车停了几十分钟，还没停进去。整栋楼的人都在看着她关注着她的进展，鸽子海鸥也在看，真的太难了，太难了。。最后终于成功的一刻，整个街道都沸腾了，很激动很燃[二哈]英国报姐的秒拍视频 ​​​【SKT赛后采访：有一瞬间，我们觉得会就此回家】Q：SKT从未在世界赛上输掉任何一局BO5，请问你在今天的比赛中有没有想过今天可能会输掉比赛？Faker：其实第二局第三局我们打得非常不好，我确实有想过今天会就此回家，但大家都没有表现出来，还是在好好比赛。 Bang：第二场输了以后，我确实有想过 ​​​ 全文【用方言为RNG打Call！转发明早8点抽一张21日门票】“就算唔翻工，也要睇RNG比赛”[摊手]兔玩在广州用粤语为RNG打Call！你们呢？转发本条微博用方言为RNG打Call，我们将抽出1张10月21日的门票。RNG加油！！！门票由2017全球总决赛官方显示器提供商@Acer宏碁 赞助！#Predator掠夺者为信仰而战#  ​​​ 全文那些崩到我脸上说skt凉的我真的生气，还是很好的朋友[怒]，还好最后赢了 ​​​SKT赢了就开车！@微博抽奖平台 ​​​如果SKT晋级。@微博抽奖平台 拜托了 ​​​打出实力来好吗[祈祷]别被套路别头铁skt进四强@微博抽奖平台 ​​​如果今天skt能战胜msf 抽一个skt瑞兹皮肤三冠王不是这么轻易可以被击倒的是faker让我一次一次的明白 对于不看好你甚至希望你输的人 你只能拿成绩去打他们的脸转发请为skt加油#sktwin# 愿意为skt加油的电竞粉均可上车 不抽小号 ​​​
王曌玺,2,#IT技术分享#【Java学习资源】1、Java虚拟机体系结构！http://t.cn/ROSvpjM2、阿里云部署Java网站和微信开发调试心得技巧(上)http://t.cn/ROItBXN3、阿里云部署Java网站和微信开发调试心得技巧(下)http://t.cn/ROItdgY4、Java开发电商平台：http://t.cn/RXErK9U ​ ​​​有生之年，热泪盈眶跟随捍卫者脚步重温三年后这一经典时刻宛如昨日重现友情提示：气场太强，此视频适合关灯静静欣赏#星期二肉搏RAW# WWE中国的秒拍视频 ​​​这个世界永远有比你强的人，永远有你追求的目标，不如活在当下，珍惜现在的一切，别比，做好自己心目中的那个英雄，足以 ​​​#IT技术分享#【算法学习资源分享】1、图经典算法之Dijkstra算法：http://t.cn/RcwxxFm2、面试中的排序算法总结：http://t.cn/R5XQC313、快速排序详解（经典算法） ：http://t.cn/Rt4nSCv4、各种加密算法总结（对称，非对称） ：http://t.cn/RCa7T2P5、深度实战玩转算法：http://t.cn/RXEJze0 ​​​#IT技术分享#【Linux免费好课推荐】1、Linux系统管理：http://t.cn/RaSVXMo2、Linux服务管理：http://t.cn/RaSVXMX3、Linux软件安装管理：http://t.cn/RaSVXMX4、shell编程之变量：http://t.cn/RwFn4Iw5、Linux网络管理：http://t.cn/RP3Li9T6、Linux项目应用：http://t.cn/RaaLjWJ ​ ​​​#IT技术分享#【Java学习资源】1、Java虚拟机体系结构！http://t.cn/ROSvpjM2、阿里云部署Java网站和微信开发调试心得技巧(上)http://t.cn/ROItBXN3、阿里云部署Java网站和微信开发调试心得技巧(下)http://t.cn/ROItdgY4、Java SSM开发大众点评后端：http://t.cn/RSzbgWi5、Spring技术栈构建团购网 ​​​ 全文40个Java多线程问题总结 http://t.cn/R4bUh3k ​​​Java 多线程处理任务的封装 http://t.cn/RUEgbUG ​​​深入理解Java之线程池 http://t.cn/RqbOIfD ​​​#IT技术分享#算法面试必备，高薪程序员升职秘籍！1【算法面试必看专题】：http://t.cn/RXEJze02【微软数据结构+算法面试100题答案】：http://t.cn/RbrAxzj3【图解经典算法】：http://t.cn/RbrAxzj4【Java数据结构与算法】：http://t.cn/Rt4dNvL5【冒泡排序算法解析】：http://t.cn/Rt0B1Xu ​ ​​​
luckyQP9R,3,我免费围观了 @王思聪 的回答，问题价值 10000.00 元，快来一起免费围观~ 微博问答:您认为目前热点城市的房价是否高的离谱?如何看待年轻人花光父母积蓄贷款买房现象? ​​​我免费围观了 @王思聪 的回答，问题价值 5000.00 元，快来一起免费围观~ 微博问答:聪聪，你见多识广，怎样才能火眼金睛的从白莲花的外表看出绿茶婊的内心？有怎样的技巧吗？ ​​​我免费围观了 @王思聪 的回答，问题价值 5000.00 元，快来一起免费围观~ 微博问答:请问你是否思考过你现在的性格是怎么形成的？玩微博这几年性格有什么变化？为什么会发生这样的变化？ ​​​#王思聪的红包#Boomshakalaka！我在王思聪 的红包中抽到了@让红包飞 提供的“金牛座财神卡”，2017年的小惊喜！也许你的惊喜更大哦~王思聪 的红包 ​​​今天，华为2016年度第1亿部智能手机正式下线，相比2015年提前两个月突破1亿部大关！[威武]感谢消费者对华为终端产品的支持与信赖，对华为品牌的认可。这是新的突破，也将是新的挑战，但勇者，从不畏惧！转发本条微博，我将抽选2位粉丝各送出珍藏版#华为nova#手机1台，下周一由@花粉助手小E 公布！ ​​​转发此微博抽取10人，每人赠送 Smartisan M1 一部。链接：http://t.cn/RVXoolX Smartisan M1 手机拥有新材质、新工艺和新的配色。搭载“满血版”骁龙 821 处理器，两种尺寸，高至2K超清大屏，高至4080mAh超大电池，24W 的 QuickCharge 极速快充，2300万索尼旗舰传感器，混合防抖、多重对焦，双卡双待全 ​​​ 全文
北洋小火车,1,"我也开通了@网易LOFTER，以后会在这里写写文章、发发图。 我的LOFTER地址：http://t.cn/RKeG81k（下载LOFTER客户端：移动客户端下载） 来源于http://t.cn/RJh5EXH ​​​#江苏平均工资首次超7万#据江苏省统计局调查结果，2016年，江苏省城镇非私营单位就业人员年平均工资为71574元，与2015年相比增长8.1 %。据悉，这也是江苏年平均工资首次破7万元。2016年江苏有四大行业平均收入过10万，其中位列第一的是IT行业，超过13万。你拖后腿了吗？[喵喵]江苏平均工资首次超7万 ​​​【来稿爆料】2017年5月，刚刚结束的中国政法大学硕士学位答辩“十分严格”，毙掉大量学生，导致原本已经签订就业协议或考上国家公务员和北京市公务员的同学因拿不到学位证而面临被解约！其中有的一组10人，答辩不通过者竟达到6人，据一位被毙掉的同学说，他已经考上北京市公务员，答辩老师给的不 ​​​比特币到1000美元/枚了，前几天买入的话，一枚净赚700美元。@一袋牛人在呼吸 [困] ​​​#IT技术分享#【玩大数据一定用得到的19款Java开源Web爬虫】网络爬虫，是一种按照一定的规则，自动地抓取万维网信息的程序或者脚本。为大家介绍19款Java开源Web爬虫，需要的小伙伴们赶快收藏吧。原文：http://t.cn/RcMP3U5Java项目实战合辑：http://t.cn/RXWlvRF ​ ​​​开花了 ​​​继续来一波live[挤眼] 张家港市 ​​​试试新功能[可怜] 张家港市 ​​​每次吃完饭，都默默地告诉自己：下次少吃点。[笑cry] ​​​在一片异世界大陆上,邪恶正在觊觎着这片大陆，恶魔军团在暗处到处散播着瘟疫，并不断为自己寻找爪牙，兽族首领和一名人类的女魔法师，决定抛弃狭隘的种族偏见和旧有的仇恨团结起来，共同对抗邪恶，在大先知的引领下，开启了说服各个种族暂时休战，组成大同盟的旅程..........扫图5二维码或 ​​​ 全文"
辛木王,6,传说每个人家里都有这样的一条床单[跪了] ​​​如果将来你的孩子长得像你现在这个头像怎么办？ ​​​聆听学姐和英梨梨二人对圣人惠拿泳装评选冠军的怨念 我又回来了daze的秒拍视频 ​​​全金属狂潮 TV动画第四季官网开启 2018年春作战开始 http://t.cn/RWAcmhr相良宗介：関智一 千鳥かなめ：雪野五月常盤恭子：木村郁絵 林水敦信：森川智之 神楽坂恵理：夏樹リオ テレサ・テスタロッサ：ゆかなクルツ・ウェーバー：三木眞一郎 メリッサ・マオ：根谷美智子 アンドレイ・カリーニ ​​​ 全文全金属狂潮 TV动画第四季官网开启 2018年春作战开始 http://t.cn/RWAcmhr相良宗介：関智一 千鳥かなめ：雪野五月常盤恭子：木村郁絵 林水敦信：森川智之 神楽坂恵理：夏樹リオ テレサ・テスタロッサ：ゆかなクルツ・ウェーバー：三木眞一郎 メリッサ・マオ：根谷美智子 アンドレイ・カリーニ ​​​ 全文[允悲][允悲][允悲]“暴雪也会玩梗”，喵喵喵？ ​​​真的真的消灭了 ​​​客户想你死系列，哈哈哈哈哈哈哈设计师不容易啊！[允悲] ​ ​​​这个奖是给荀彧的。正因为有了璨若星辰的众多先贤名仕，组成了我们这几千年的历史长河，中国，才历经风雨傲立于世界民族之林。 ​​​今年春晚会不会是这样的？[doge] ​​​
Under_cat,1,第一百万台坚果 Pro 下产线，放肆狂欢持续中。10 月 10 日-10 月 15 日活动期间，#坚果Pro# 最高立减 300 元，前往京东商城购机还有机会赢爱奇艺会员月卡、电影票兑换券等礼品，欢迎参与活动。官方商城http://t.cn/R09gfMD JD 商城http://t.cn/RJqqFF0 ​​​
LLFLLF小妖765,2,我发起了一个投票 【大家来帮监督员取个昵称~】大家来帮监督员取个昵称~ ​​​该微博因被多人举报，根据《微博社区管理规定》，已被删除。查看帮助：http://t.cn/Rfd14WY我免费围观了 @大咕咕咕鸡 的回答，问题价值 230.00 元，快来一起免费围观~ 微博问答:周小平和王芳结婚了。特师说些祝福的话给这对新人。 ​​​我分享了Tiesto_Official_Account的微博视频 ​​​我免费围观了 @五岳散人 的回答，问题价值 500.00 元，快来一起免费围观~ 微博问答:散人先生您好:您认为普通中国人和发达国家民众比有什么优点和缺点？比如我看到的中国人确实比他们要勤劳，有上进心，还节俭(就是挣了钱不舍得花)。也看到很多国人缺乏社会 ​​​#微博故事领红包#中了中了，我抽中了@微博故事 的现金红包，相信我还可以抽中更多！http://t.cn/RC07bD5 ​​​【小调查：你上大学时每月生活费多少？】近日，有调查显示，近3成在京大学生每月生活费超1600元，主要花费在餐饮、穿戴、社交。有北京的大学生称，每月2000元有时仍感觉“吃紧”。吃饭一天40元，一个月1200元就没了。都来说说，你上大学时每月的生活费是多少？ 调查：你上大学时每月生活费多少？ ​​​为您的社交安全护航 http://t.cn/RfBDDfi ​​​#微博故事领红包#随手一抽，红包到手！我刚刚抽到了@微博故事 的现金红包！这只是个开始，据说还有高达200元的大红包呢！ 不说了，我继续抽红包去了！微博故事 的红包 ​​​外国一场棒球比赛转播上，一位小男孩和镜头杠上了....这戏多的眼神....长大了不得了818奇葩买家秀的秒拍视频 ​​​
缚真真,4,虚心佐我闪光，谦卑助我致胜，德行辅我压迫。我通过和平的手段进行战争，最后通过无私的手段获得了我觊觎的一切。 ​​​校霸今天竟然没锤我感恩！纪念一下[太开心] ​​​给大家推荐一些很萌的小清新物品 #美妆# ​​​#油烟情书#一条每一帧都像海报的广告！美呆！@FOTILE方太FOTILE方太君的秒拍视频 ​​​人生里充满了那样失败的例子，对自视甚高的人真是肉中刺。 ​​​哎呀妈呀 厉害了[允悲][允悲][允悲] ​​​【秋冬毛衣】秋冬的正确打开方式，100款毛衣带给你不一样的气质秋冬[偷樂][偷樂][偷樂]p1、p2-文艺清新学院风p4、p6-鬼马少女清新风p3、p8-Vintage日系复古少女风p7、p9-慵懒成熟少女风天冷就要囤毛衣，称霸秋冬的毛衣Style，这个秋冬穿出自己的格调[兔子][兔子][兔子] ​​​我在故宫修文物之微博版来啦哈哈哈 其实我想说这玩意全靠多贴啊我也是看了很多教程 贴了好几卷胶带才搞定的想变身天桥第一贴膜大师的 这个简易教程分享给你啊 大家也可以来晒晒你们的贴膜成果[鼓掌] ​​​試拾葉山房新製飛雪箋，圖美紙佳。[強][強][強]謝謝。 ​​​分かってる　分かってる　けれど ​​​
Zmember,2,我围观了@Fenng 的回答，该问题价值32.00元，围观仅1元，快来一起围观~ 微博问答:冯大，谈谈那位传说身价近300亿的煮肘吧！您有和他接触过吗？前天他悬赏2000万为程序员出头的事您怎么看？您对他的多生孩子的理论又怎么看？ ​​​我围观了@褚明宇 的回答，该问题价值2198.00元，围观仅1元，快来一起围观~ 微博问答:褚老师，我观察到，前几年的时候很盛行读书无用论，经常看到煤老板暴发户们嘲笑刚大学毕业的年轻人一个月拿3千块钱什么时候才能买得起房，最近这两年似乎又开始兴起一股讨 ​​​我围观了@褚明宇 的回答，该问题价值2198.00元，围观仅1元，快来一起围观~ 微博问答:褚老师好，我是来求解封的。之前被拉黑了，不知道是因为某条评论说错了话，还是被系统判定为僵尸粉了。没什么问题，在褚老微博几乎等于白嫖一堆信息，观点，故事，顺便表示 ​​​我围观了@褚明宇 的回答，该问题价值2198.00元，围观仅1元，快来一起围观~ 微博问答:褚老，绑架李嘉诚大儿子的人称“大富豪”的张子强，也就是插翅难逃电视剧张世豪的原型，在1996年五月份绑架时，李嘉诚为何不报警，反而在家里与张子强有一番谈话，以至于被勒 ​​​我围观了@黄章晋ster 的回答，该问题价值500.00元，围观仅1元，快来一起围观~ 微博问答:黄教官，最近很火的马东与许知远的对话，您怎么评价？是否认可马东的观点？我们精致过吗，精致是5%的人的追求，95%的是在生活。。。。。。 ​​​我围观了@褚明宇 的回答，该问题价值2198.00元，围观仅1元，快来一起围观~ 微博问答:褚老师好。今日得知汪峰是您的偶像，请问褚老师是怎么喜欢上汪峰的？他真的占据了华语乐坛的「半壁江山」吗？还有个评论人老梁评价汪峰背离摇滚精神您觉得他是在博眼球吗？ ​​​我围观了@褚明宇 的回答，该问题价值2198.00元，围观仅1元，快来一起围观~ 微博问答:褚老师，您对娱乐圈有了解吗？前段时间《明日之子》节目中薛之谦摔话筒的事您怎么看？您觉得薛之谦是个敢于打破选秀黑幕的英雄还是技艺精湛的戏精？对于网上评价三观很正的 ​​​我围观了@褚明宇 的回答，该问题价值1698.00元，围观仅1元，快来一起围观~ 微博问答:褚老师你好！你如何评价大咕咕咕鸡？他曾经说罗永浩的朋友没有一个不是傻逼，只要说出一个，他就跪下认错！作为老罗的挚友，你怎么看？特师的粉丝称他是“中文之光”，他“开 ​​​我围观了@褚明宇 的回答，该问题价值1698.00元，围观仅1元，快来一起围观~ 微博问答:褚老师，经常看到别人讨论王思聪，都说他是靠王健林给的钱创业才有今天的成就，并认为自己有那个数量的钱的话，能比王思聪做得更好，他们真的能做得更好嘛？老师怎么看？ ​​​我围观了@褚明宇 的回答，该问题价值1698.00元，围观仅1元，快来一起围观~ 微博问答:褚老师！您肯定接触过很多有钱成功的男人，您本身也是有钱人，我始终相信十个男人九个色这句话，应该很多都会去花天酒地吧？对于您们这个阶层来说，花钱找小姐应该是很low ​​​
挪威的森林貓94,3,【为什么说拳头是一家音乐公司？】用一个简短的视频解释一下为什么说拳头是一家被音乐耽误的游戏公司[haha]英雄联盟音乐聚合页：http://t.cn/RWztfJ2@英雄联盟 @英雄联盟宇宙 LKs--的秒拍视频 ​​​#下一个主角就是你# 从今日起至10月26日，登陆PlayStation中国商店购买PS4游戏《艾希》即享受７折优惠，PS Plus会员更可享受折上折福利。还没有感受过旁白魔力的同学们，现在正是入手的最好时机！关注@PlayStation中国，并转发本微博即可参与抽奖活动。奖品包括PS4大作套装，以及由@艾希ICEY微博 提供 ​​​ 全文随便说说，写在SKT差点翻车之后。 ​​​#英雄联盟S7#【小组赛第八日直播】今天是#2017全球总决赛#小组赛第八个比赛日，今天的比赛将决出A组出线队伍，目前@EDG电子竞技俱乐部 仅存理论出线可能，但他们绝不放弃！欢迎通过弹幕和现场大屏幕为他们加油！所有比赛结束后，将由@谢天宇iiiiiicon 抽签决定淘汰赛对阵情况！ 英雄联盟的微博直播 ​​​闪电狼真的又菜又怂，经济阵容小龙都领先打输了，回去等着被喷好了。 ​​​闪电狼真的又菜又怂，经济阵容小龙都领先打输了，回去等着被喷好了。 ​​​【#电影幕后故事# 第31期】这部吓到你心里冒凉气的超经典恐怖片《闪灵》，幕后君给你划10个知识点。#电影视频咖# 电影幕后故事的秒拍视频 ​​​不知不觉《ICEY》已经发布近一周年了，感谢大家长期的支持与帮助，周年活动即将开启！一：《ICEY》PC+PS4销量突破50万套，全平台打折与福利放送！感谢各个平台的玩家对于《ICEY》的支持，在包括STEAM、WeGame以及PS4等平台内，目前我们已经成功售出了50万套！我们将会在10月20日开始在包括Steam、W ​​​ 全文#三国罗曼史# #三曼周年庆#  期待已久的10.12.三国罗曼史周年庆终于到来~感谢主公大人们一路上的支持与陪伴！关注并转发本条微博，10月19日抽送【5个袁绍抱枕】~本条微博转发量达到100次，即可追加【全服发放300钻石+大包子*3】福利~新的旅程还将继续，未来的日子里也请主公大人们多多指教啦( ´ ▽  ​​​ 全文#LOL英雄#【金克丝MV】四年前的今天，金克丝诞生，随之一起推出的还有《Get Jinxed》音乐MV，推出至今，金克丝大受召唤师们的欢迎，一直维持着超高的人气，漂亮衣服也是越来越多[憧憬]国服配音也超棒，CV是@謝元真陪你到老 [并不简单]#LOL音乐# 英雄联盟的秒拍视频 ​​​
思南说,6,门前树的叶子落了一半，秋很深了。 ​​​最近又一款市内送货机器人上路实测了。它叫YAPE，来自意大利的一家机器人公司，最大特点是采用类似平衡车的两轮结构[笑而不语]。#机器人# #送货机器人专辑# 小龟是个机器人的秒拍视频 ​​​接上一条。今年上半年，有那么两三个月，我的很大一部分内心忽然回到了25岁的状态。那时兴致勃勃，充满活力，逢人就臭不要脸地自称95后。下半年，连续发生了很多事情，大多数和厄运相关，各个方面不断受到重锤，一下子被锤回40岁。嗯，再过一个多月就满41岁了。但那些25岁的碎片还扎在心里，亮晶晶 ​​​ 全文看了 #我们的一天# 第一集，决定追[坏笑][二哈]也许人生本无意义，但抓住每一个可能让自己产生意义「感觉」的时刻（着重号挂在“感觉”，而不是“意义”上），就不会总陷入第一句话的虚无中去了。毕竟，每个人都得挂在意义网上才能好好活着。 ​​​看了 #我们的一天# 第一集，决定追[坏笑][二哈]也许人生本无意义，但抓住每一个可能让自己产生意义「感觉」的时刻（着重号挂在“感觉”，而不是“意义”上），就不会总陷入第一句话的虚无中去了。毕竟，每个人都得挂在意义网上才能好好活着。 ​​​前段时间突然想起来，老友记还剩三季没看完。前六七季还是中学时看的呢[可爱]昨晚终于把老友记第10季最后一集看完了，有点感动地想哭，因为从我看第一集到现在也差不多十年了啊[悲伤] ​​​不过说实话，我在美国呆这么多年，我发现中国人对“崇洋媚外”是一个很纠结的群体[允悲]。什么意思呢？你比如说，印度人就不纠结，大家集体跪舔白人，集体西化，死活就要赖在美国，去了美国就绝对不会海归印度。日本人也不纠结，英语口音不好就不好，无所谓，老子来就是来学美国科学技术的，过几年 ​​​ 全文一个老人带着他的孙子站在岸边，静静地看着眼前的河。“爷爷，这个地方是叫切尔诺贝利吗？这儿以前有个核电站吗？”“是的，我的孩子。”爷爷拍了拍孩子的头。“曾经有一天它爆炸了是吗？”“是的，我的孩子。”爷爷说着拍了拍孩子的第二个头。 ​​​前段时间用 LinkedIn 网站时，每当跳出给非好友写私信的对话框时，mac 都会迅速发热到烫手——但我平时就算写程序不小心陷入无限循环电脑也不怎么发热。现在 LinkedIn 这个功能已经恢复凉爽。不知道这会是个什么样的 bug [思考] ​​​最近除了聊天外没怎么碰过微信（和手机），感觉人快乐了不少[可爱][可爱] ​​​
无无无五五五武武武,1,我免费围观了 @孔庆东 的回答，问题价值 433.00 元，快来一起免费围观~ 微博问答:罗永浩和高晓松为什么互相看不上呢？从微博屡次撕逼来看，罗永浩讥讽高晓松文字差，高晓松嫌罗永浩没见识，这会不会和矮大紧显赫的家庭背景，广博的海外见识有关呢？还是两 ​​​我免费围观了 @二逼瓦西里 的回答，问题价值 250.00 元，快来一起免费围观~ 微博问答:二老，我有两个问题，您任选其一 1.你觉得手机行业这些大佬普遍拙劣的演讲技巧，对手机品牌形象塑造有多大坏处？ 2.老罗说他从乔布斯那儿学了很多演讲技巧，但我看过乔布斯 ​​​
caporg,3,【女司机高速撞狗：惊慌“怼”狗40公里】10月19日，湖南湘潭，一轿车在高速上行驶时与一只突然窜出的狗相撞，狗被卡在车头。怕狗主人找麻烦，司机“载”狗行驶近40公里。民警发现后救下小狗，要求女子妥善处置，并进行了批评教育。（视频：湖南高速警察、澎湃）澎湃新闻的秒拍视频? ​​​[摊手]现在的出版社都成精了 ​​​首先我在此感谢全球的网友们关注巫山童养媳案件！谢谢大家！现在我马泮艳跪求全国的网友们和媒体记者们，求求您们帮帮我吧！我在此给大家跪下了！实在太冤！！！今年巫山童养媳案件在很多好心人和媒体记者们的帮助下，我们家发生的凄惨事今年二月再次曝光，也得到了很多网友们的关注与帮助，二月份我 ​​​ 全文【天猫双十一预售打响，除了吃穿，还有人要囤签证】今天双十一预售拉开帷幕，每年都要出国度假几次的李小姐表示，她计划这几天就把各个主要目的地签证都办好。以便在抢机票抢旅游套餐时能“通吃”！她还说，“有时候囤签证比买口红还解压，买的时候感觉看到了大海沙滩”。20号0点飞猪旅游产品正式预售 ​​​ 全文这只186岁的乌龟，全球陆地上最老的动物.... 时至今日，它依旧每周都要啪啪啪，可就是一直没孩子....最近，人们终于找到了原因，无语凝噎... ​​​微博上的这种骗局，让普通网友纷纷中招！已累积被骗176万[摊手] 玩微博的小心这种骗局！普通网友纷纷中招，累积被骗176万 ​​​送福利啦！送福利啦！[哆啦A梦吃惊][哆啦A梦吃惊][哆啦A梦吃惊]这个周末赢商荟将举行第九期大讲堂，本次大讲堂，我们直击卖家痛点！解密亚马逊旺季卖家必备的三大法宝，全方位地为你解答卖家在旺季中遇到的问题，让你在今年的旺季中真正的爆单起来！[鼓掌][鼓掌][鼓掌]今天我将在微博抽取三位幸运粉丝 ​​​ 全文来，送张椅子，@迪锐克斯DXRacer 家的经典OH/KS06-W/NR，国内暂时没得卖，外网价好像在3000左右。老样子，无需关注，转发里周四睡醒了抽一个。@微博抽奖平台 备案。 ​​​抱歉，此微博已被作者删除。查看帮助：http://t.cn/Rfd3rQV
l9331961,2,#人身攻击#，我支持 @我也是浪子天妖 你也赶快来支持吧。 查看详情：[人身攻击]@周小平同志 举报@我也是浪子天妖 . ​​​#人身攻击#，我支持 @我也是浪子天妖 你也赶快来支持吧。 查看详情：[人身攻击]@周小平同志 举报@我也是浪子天妖 ​​​我围观了@黄章晋ster 的回答，该问题价值500.00元，围观仅1元，快来一起围观~ 微博问答:黄老师，听说你混入过神社不只一次，你对东边的老大爱拜鬼有什么看法？民众也和他们的老大一样有拜鬼热情吗？东边在自家拜鬼，西边在自家骂东边拜鬼，有必要吗，对东边有影 ​​​我围观了@黄章晋ster 的回答，该问题价值200.00元，围观仅1元，快来一起围观~ 微博问答:教官，您如何理解所谓的“中等收入陷阱”和“阶层固化”？我们现在是否身处其中？如今的英法美日等工业国家在历史上是否有过“中等收入陷阱”阶段？都是如何渡过的？ ​​​我围观了@大咕咕咕鸡 的回答，该问题价值230.00元，围观仅1元，快来一起围观~ 微博问答:特师你好！我是一只新媒体运营🐒，最近政策变动不断感觉快要没出路了，求特师指点迷津： 手上一个地方微信大号（三线城市，本地时政新闻为主）儿童节后不给发新闻了，阅读量 ​​​我发起了一个投票 【你认为前景最为晦暗的独角兽公司是哪家？】你认为前景最为晦暗的独角兽公司是哪家？ ​​​我围观了@黄章晋ster 的回答，该问题价值200.00元，围观仅1元，快来一起围观~ 微博问答:黄老师好。连岳一直在微博和公众号鼓励大家买房，褚明宇却对买房嗤之以鼻。请问，大V关于买房的态度截然相反，你怎么看？ ​​​我围观了@Value_at_Risk 的回答，该问题价值33.00元，围观仅1元，快来一起围观~ 微博问答:你好。愿意干垃圾处理的人越来越少，人的聚集也让大城市的垃圾成为问题。问（1）生活类垃圾产业有推荐公司么？（2）你有日本在90年代后的这些类公司的数据么？（3）这类日 ​​​我发现@爱的战士_NightAria 正在用的#封面图#超级好看，使用“我也要用”可以换上跟TA一样的封面图啦！好神奇，你也来试试吧： http://weibo.com/1899496880/profile ​​​我围观了@椒图炼丹炉 的回答，该问题价值300.00元，围观仅1元，快来一起围观~ 微博问答:椒叔，昨晚您发了个关于基建投资的微博，今天新闻上说，2017年各省市的固定资产投资超过40万亿。您能再深入的点评一下吗？2007年4万亿，2017年40万亿，这节奏太快。请椒叔 ​​​
fosmjo,1,【全国政协副主席罗富和：建议提高境外科研网站访问速度】他表示，在国内访问国外大学网站速度都很慢，打开一个网页至少需要10-20秒，有的半小时以上才能打开；很多国内专家学者和研究生为了科研需要，都要购买翻墙软件。这将给我国的经济社会发展和科学研究等方面造成极大影响。http://t.cn/RiXsnAG ​​​2017 年，我的计划。 ​​​这心态简直和我一模一样hhhhh ​​​「你知道什么很甜的故事？」 ​​​这就是你们说的那个星巴中杯傲慢？  http://t.cn/RqEkepn ​​​别让反歧视成为一种歧视 ​​​上面：我眼中的自己，下面：别人眼中的自己，VR 羞耻 Play 真好啊 秒拍视频 . ​​​好久不上微博，号居然被盗了．．． ​​​#晚安理工# 在班里，班主任是皇帝、老师为嫔妃、组长是武将、科代表为文臣、学霸为太子、那么问题来了：班长是什么……[doge]（小武温馨提示：班长不易，且伤且珍惜，自己笑笑就好，就不要艾特出来了。[doge][doge]） （ via@武汉校园 ） ​​​推荐 @口袋书香 的文章《知乎上102个简短而深刻的回答，看完人生豁然开朗》（ 分享自 @简书 ） http://t.cn/RwBaJEP  ​​​
斯科特上尉,5,看了好多遍，重温经典，帅了一辈子的郑少秋一首经典老歌粤语版《笑看风云》，玉树临风，风流倜傥，也只秋官配得上，女儿郑欣宜在一旁观看的眼神充满崇拜。#我的毕业歌# 秒拍视频 ​​​“雅典事件”是中国外交史上的一次事故，在外交界轰动一时，周恩来总理当时对此极为恼火。但网传的版本对这一事件有些添油加醋环节。我特意找来周大使的回忆录，他叙述的很详细，也很坦诚，从当事人第一视角看此事，可能会更全面。 ​​​[并不简单]Mate10专卖店上手实拍，大家觉得10分能打几分？ ​​​请不要怀疑我，我就是何思云。 ​​​祝你生日快乐 ​​​我的穆斯林朋友问我，喝多了是什么感觉。“哦，就是你自己会变得特别傻逼，满嘴胡话还想和整个世界打仗。”我告诉他。“所以，就像平常的伊斯兰教一样是吧？”他回答说。——Rejectdog ​​​这张图是不同年龄段的美国人的住房拥有比例。1948-52年生的，已经接近退休年龄的老年人，他们的住房拥有比例接近80%。然后每降低一个年龄段，他们的住房拥有比例都是在逐渐下降。这种比较不是用60岁的人的60岁，和40岁的人的40岁相比，而是用60岁的人的40岁，和40岁的人的40岁相比。也就是说，现在20-4 ​​​ 全文Ni hao! It's apple season in England and a lovely time of year here. I wanted to share a look with all of you on Weibo. PatrickStewart的秒拍视频 ​​​抱歉，此微博已被作者删除。查看帮助：http://t.cn/Rfd3rQV【我一生参加过的考试加起来，都没这部片子让我紧张】@她影herinfilm 作弊之于学生，就像一根让人忍不住想要去碰的痒痒筋，谁都有想去挠一挠的欲望。泰国电影《天才枪手》用很多细节场景来撩拨观众们蠢蠢欲动欲拒还迎的心：一直跟踪拍摄笔芯落在答题卡上滑动时压出的碎墨；或者在橡皮上誊写答案时，不 ​​​ 全文
向阳盖世英雄,4,"【臀部激活训练】想要翘臀，却找不到臀部专注发力的感觉？练了半天臀没有翘，腿反而变粗了[伤心]解决这个问题最好方法就是——激活臀部。在练臀前先和@包四-_- 一起做这几个动作，来激活被久坐压抑不会发力的臀部肌肉。找到臀部发力的感觉会让训练效果更加明显呦~@微博运动 Acegirls的秒拍视频 ​​​一个班主任父亲分享的家庭“逆教”观点，看后很多人沉思了... http://t.cn/ROjicid (分享自家长帮) ​​​当你大吃特吃清蒸鱼水煮鱼时，可想过谁让中国人的餐桌多了条鱼？ - 知乎专栏当你大吃特吃清蒸鱼水煮鱼时，可想过谁让中国人的餐桌多了条鱼？ ​​​【广东官员·山东官员·辽宁官员】 ​​​我分享了【如何看待民办学校成为上海家长的首选？ - 知乎】, 快来看吧！ | 如何看待民办学校成为上海家长的首选？ - 知乎 ​​​『从复旦附中到上海市中心首所双语学校，这位校长用“无为而治”办真正的素质教育』从复旦附中到上海市中心首所双语学校，这位校长用“无为而治”办真正的素质教育 ​​​重本学霸：初中3年，数学次次满分，全靠这28张图！连老师都举手称赞 [一点资讯]@手机QQ浏览器 http://t.cn/ROylP7s 临沂·临沭街区 ​​​雄安新区三县书记县长公开手机号 尽量发短信】雄县县委书记万树军：13931386588；雄县县长杨跃峰：13933225555；容城县县委书记商少璞：13831299222；容城县县长王占永：18803120189；安新县县委书记杨宝昌：15503128668； 安新县县长丁阳 ：13803288558 ​​​『从生物化学的角度来讲，爱情真的最多维持不过三年吗？ | 果壳网移动版』http://t.cn/RPjWTKe ​​​『第三章恋爱时你的大脑【图】_解读心理_精彩连载_太平洋时尚网』第三章恋爱时你的大脑【图】 ​​​"
可能在日落,2,今天夏美要来送福利咯[求关注]只需转发和同时关注我和@白菜，准备了总计3万元的礼物送给大家～11月10日@微博抽奖平台 开奖  赶快点进来看我为你们准备了什么奖品吧！然后带着11月的新运气转发起来！（响指～） 夏美酱_的秒拍视频 ​​​150万粉丝or双11终极福利！！这可能是史上最大的清空花呗抽奖！帮你还一年的花呗，总共20万送给你！关注我+转发微博，由@微博抽奖平台 开出 ​​​#30天推歌挑战# Day 10：一首能让你感到悲伤的歌我发起了一个投票 【围姬音乐群30天推歌比赛】DAY 10-难过的歌 投票在上，以下是歌单：http://t.cn/ROFUwso（如果手机用户不能打开，请直接查找围姬百科创建的歌单）昨天Day 9 - 让你感到快乐的歌，获胜的是Fight Song，恭喜gary获得第一次第一名让我们一起度过丧丧的一 ​​​ 全文[鼓掌]发福利咯！只需转发并关注我和@双十一；27号抽5个人每人一部iPhone X 256GB；27号抽5个人每人一部iPhone8 plus 256GB；27号抽25人每人1000元红包；17-26号抽2000人每人8.8元红包；[兔子]活动真实有效，通过@微博抽奖平台 公正抽出。 ​​​​拔叔的“深夜厨房”超级剪辑，人肉的烹饪艺术，你们感受下... 诡匠的秒拍视频 ​​​看了一集恶搞之家，里面恰好有一个场景，大意是一个老外死了后在天堂门口去投胎当中国人了，结果秒回来了，旁边的人问他：“girl？”，然后这个投胎的老外点了点头……——haOFei 英式没品笑话百科的微博视频 ​​​分享单曲 晚春 (@网易云音乐) ​​​根据相关法律法规和政策，该微博已被删除。查看帮助：http://t.cn/Rfd1A92snakes have legs 秒拍视频 ​​​分享单曲 Oh Yoko (@网易云音乐) ​​​
cyNote,3,#一名可能明天会被辞退的农村教师的最后发言#我是一名在农村基层工作的小学特岗教师，也是班主任。这周五在我身上发生了一些事儿。事件背景：起因是由于一群自称是中国感恩教育协会的人来我们学校给学生及学生家长进行演讲。演讲主题是《传递感恩，点燃梦想》。讲师是中国著名感恩教育专家赵飞。赵飞 ​​​ 全文抱歉，由于作者设置，你暂时没有这条微博的查看权限哦。查看帮助：http://t.cn/RfdBWwP ​​​emmm新任一次振聋发聩的开学演讲 ​​​【全世界的所有WiFi都不安全了 WPA2 协议漏洞让 Wi-Fi 流量能被攻击者监听 】WPA2协议被发现的多个高危漏洞，这些漏洞允许攻击者监听计算机和访问点之间的Wi-Fi流量。你的信用卡、密码、聊天记录、照片、电子邮件等都有可能被黑客窃取。你平时看了什么奇怪网站，下了什么小电影全都能被一览无余！ ​​​【《东方快车谋杀案》定档11月10日】全明星悬疑侦探电影《东方快车谋杀案》正式公布内地档期，将于11月10日同步全球公映。影片改编自侦探小说大师阿加莎·克里斯蒂经典小说，肯尼思·布拉纳化身大侦探波罗并亲执导筒，约翰尼·德普、米歇尔·菲佛、黛茜·雷德利、朱迪·丹奇、佩内洛普·克鲁兹等十多位巨星同 ​​​ 全文闲置iPhone6 32GB金色，功能一切正常，送给有缘的老铁[爱你]转发并关注，at一个好友抽一位@微博抽奖平台 顺便打个那啥，8/7/6s/6机丝面，非常棒的钢化膜，高铝硅材料＋二次强化抗碎＋大弧边[酷] ​​​周末八卦。学霸老婆敌不过年轻妹妹。希望这位孙恺先生求仁得仁，得到相应惩罚。 ​​​最后我狠狠心买了 1299 元的 ASUS AC88U，从来没买过这么贵的路由器，指望能用很久吧。换上新路由后，进步太明显了。终于能几乎跑满带宽了，两个路由分别测了三次。左：前某路由器，右：AC88U。稳定第一，其他功能慢慢玩。 ​​​认真教育了我这位朋友和她的朋友 ​​​该微博因被多人举报，根据《微博社区管理规定》，已被删除。查看帮助：http://t.cn/Rfd14WY
ldyboys,2,"我免费围观了 @吴主任 的回答，问题价值 199.00 元，快来一起免费围观~ 微博问答:吴主任，为什么我总隐约觉得，碰到一切问题都用奥学原理来解释，也挺危险的？真能包治百病？奥地利学派就没破绽吗？ ​​​#下微博赢小米MIX手机#有奖品这件事是要拿出来和大伙说说的，要不然心里堵得慌！我参加了活动“下微博赢小米MIX手机”，拼人品的时候到了！ 下微博赢小米MIX手机 ​​​每月迷信（1/1），四月希望没有水逆万事顺利！[祈祷]🏻 ​​​#四月,你好#这是一只有灵性的百年神龟，看到60秒内转走四月就能带来好运！ ​！你好，四月[祈祷][祈祷][祈祷][祈祷] 秒拍视频 . ​​​#雅思早听早过#第32天打卡，直播:雅思早听早过 系列课 - 学为贵-英语学习第一平台 @学为贵 @刘洪波-学为贵 @雅思王陆 @波比叔叔-学为贵 这一刻，我想说： ​​​#家乡话秀出来# 重庆方言版教师点名，也就看了10遍，哈哈哈哈哈哈”  秒拍视频 . ​​​#雅思早听早过#第31天打卡，直播:雅思早听早过 系列课 - 学为贵-英语学习第一平台 @学为贵 @刘洪波-学为贵 @雅思王陆 @波比叔叔-学为贵 这一刻，我想说： ​​​#雅思早听早过#第30天打卡，直播:雅思早听早过 系列课 - 学为贵-英语学习第一平台 @学为贵 @刘洪波-学为贵 @雅思王陆 @波比叔叔-学为贵 这一刻，我想说： ​​​#雅思早听早过#第29天打卡，直播:雅思早听早过 系列课 - 学为贵-英语学习第一平台 @学为贵 @刘洪波-学为贵 @雅思王陆 @波比叔叔-学为贵 这一刻，我想说： ​​​#雅思早听早过#第28天打卡，直播:雅思早听早过 系列课 - 学为贵-英语学习第一平台 @学为贵 @刘洪波-学为贵 @雅思王陆 @波比叔叔-学为贵 这一刻，我想说： ​​​"
凌安酱,2,蚂蚁财富slogan写的真好啊。“为人生更自由”，必须得用了！ ​​​秋天是让人抑郁的季节。 ​​​中秋就是要回家过啊，哪怕只能回家20小时也要回家。 哈尔滨·哈尔滨站（商圈） ​​​2013年中秋，湖南衡山；2014年中秋，江西武功山；2015年中秋，北京双榆树。  ​​​西伯利亚的风 呼伦贝尔·莫尔道嘎 ​​​所谓“北方的艳阳里大雪纷飞” 呼伦贝尔·得耳布尔 ​​​试一波一闪 呼伦贝尔·海拉尔 ​​​一网友偶然拍到一只圣光猫，顺便求一波好运~ ​​​早上吼啊！ 阿尔山市 ​​​南苑机场真像伊春火车站啊 北京·北京南苑机场 ​​​
我只想睡个好觉zzz,3,就是一定要关注我和@大可拱白菜 以及@我是个送白菜的小猴子 ，其他的话全在图里！！！！！！这是我玩儿微博这么久以来第一次这么大方并且所有东西都是我昨天下午亲自去买的，好几万呢。。。啥也不说了全看大家运气了！！！！！ ​​​这是一个6分钟的抽奖视频 我敢自信的保证看完你就会转的 因为真的太贵了太贵了！用尽心思想的礼物！背景音乐是我唱的哈哈哈 唱的一般般！大家见谅！只需要转发关注我和@老公最恨的微博 大玉仔仔的秒拍视频 ​​​今天我升级为VIP3了 ​​​那一天，歪果仁想起了被中国辣椒酱支配的恐惧[doge] 老外一波骚操作，角角今天翻车了…[眼泪] #角角的show# 毒角Show的秒拍视频 ​​​【5分钟读《大设计》:霍金眼中的“终极理论”】《大设计》凝结了霍金自《时间简史》出版后20年间，对科学和哲学的系统性思考——这本书的主题是理解生命，万物和宇宙的存在。什么是“实在”？什么是“终极理论”？不同于以往的科普书，霍金这次会让人体验到“建构世界观”的震撼。柴知道的秒拍视频 ​​​今天的视频没有福利！只有真爱！[心]转发这个真爱并关注@牛轰轰lzz @狗轰轰lzz 这个人间天使～～天呐～真爱呐！我寄几都快感动哭了！ ​​​​ #轰啪啦#牛轰轰LZZ的秒拍视频（使用 #秒拍# 录制） ​​​大家好！我是鸡翅！换了新头像不要忘记我哈！转发这条微博并关注我，抽一台iphone X！10月27日手机预售当天就在平台开（抢不到的话就折现）谢谢大家的支持！[羞嗒嗒] ​​​转发这条微博，抽3个999RMB！更多简单粗暴的国庆福利，请看图！ ​​​过节也得工作[笑而不语] ​​​为什么一定要买iphone x?有理有据的一千个理由！[酷] #轰啪啦#牛轰轰LZZ的秒拍视频（使用 #秒拍# 录制） ​​​
Chy不是cy,2,花了一上午的时间把《武林外传》的所有清唱片段截出来了，终于明白什么是被表演事业耽误的歌手。次等水货的秒拍视频 ​​​虎扑上有位网友的母亲去世了，丧葬期间他没流过几次泪，心里头也没有太悲伤的情绪。他很困惑，是不是自己骨子头是个冷血的人。于是他上论坛发了帖子说这个事。帖子里，有人安慰道：“至亲离去的那一瞬间通常不会使人感到悲伤，而真正会让你感到悲痛的是打开冰箱的那半盒牛奶、那窗台上随风微曳的 ​​​ 全文手机许是你的梦想杂货铺，东西不在多，精致方称心，哒哒，“极速安全VPN”送给你~ 极速安全VPN ​​​「《笑傲江湖》令狐冲真正爱的是小师妹还是任盈盈？很多人认为令狐冲始终对小师妹情深一些，原因大抵是在金庸笔下，令狐冲往往都在情动之时、生死之际流露出对小师妹的情意，而对任盈盈，更像是一次又一次的真情相付下的结果……真的是这样的吗？」[向右]令狐冲真正爱的是小师妹还是任盈盈？ ​​​#天天向尚# 资深美食达人整理“厨房黑客清洁术”全在这儿了，不能再赞~[鼓掌][good]全球创意搜罗的秒拍视频 ​​​那些小众的科幻电影GIF[并不简单] ​​​​#疯狂打call# 【竟然还有这种神网站！】一个集在线录屏、剪辑视（音）频、转换视（音）频格式于一身的网站！你只需要打开网站：http://t.cn/RfoHYiO，不需要注册登陆，就能立刻录屏，最重要的是完全免费！你以为它只有这么厉害？不不不~ 录制视频的尺寸可以任意调节，Apowerpoint贴心的帮你准备了适应 ​​​ 全文出租车司机 ​​​#小企鹅送福利# [小黄人剪刀手]乐迪环游世界为世界各地的小朋友送上包裹！如果你认为自己还是宝宝（我就是宝宝），马上关注@腾讯视频 转发此微博并@ 1位好友，就有机会获得超级飞侠惊喜包裹啦！戳这里中奖几率更大哟☞http://t.cn/R09Kznk ​​​最怕放假，七大姑八大姨，表哥表妹，哥哥弟弟，统统逼着去相亲！ ​​​
JangOhCheol,3,鼻整形最后所要达到的形态才是最重要的，到底用哪种材料是次要的。整形后的鼻子是不是能够自然、美观，这才是鼻整形成功与否的核心问题。 ​​​本届奥斯卡最佳外语片，官方选送电影如下中国香港选送：曾志伟余文乐主演社会题材《一念无明》中国台湾选送：侯孝贤监制同性纪录片《日常对话》中国大陆选送：爱慕拆宁日《战狼2》 ​​​#社会实验# 你还会写这些字吗？街头测试书写能力，这结果和你想的一样吗？#JokeTV# Joke频道的秒拍视频 ​​​在这里，许下我的生日愿望：协调推进“四个全面”，加快实现治国理政现代化、实现“五位一体”总体布局、实现中华民族伟大复兴的中国梦。 ​​​“他们笑着，同时想着自杀”……得了抑郁症、时刻想自杀的人是什么样子的？他们并不像大家想的那样狼狈不堪，有着开朗笑容的人，内心也许正在经历巨大的痛苦、绝望、无助和煎熬。其实抑郁症并没有所谓的“模样”，希望更多人能够正确看待抑郁症，希望每个抑郁症患者都能及时得到帮助[心] ​​​ 全文Let's all act like models and photographers ​​​“成功的秘诀就是吃苦，吃苦到上天都会帮助你”    一点点经验的分享，希望能对你们有用   永远都热爱，永远都努力，祝福各位[祈祷]🏻 ​​​不想失去本性就只能装傻啊[二哈] ​​​发布了头条文章：《都开学了，你还不知道从哪儿开始认识电影？》 都开学了，你还不知道如何认识电影？ ​​​#预告# 比利时、法国、加拿大合拍片[心KOKORO]释出预告。法国演员伊莎贝尔·卡雷主演，日本演员国村隼、安藤政信、门胁麦出演。女主角因弟弟的逝世而来到日本散心，在著名自杀悬崖旁的村庄遇到了各色各样的当地人，在与他们的交往中渐渐获得前行的勇气。影片11月4日日本上映。看电影周刊的秒拍视频 ​​​
飞蝶TTT,2,#修图作业# 中级班的作业更新啦，这次的眼睛和嘴巴是修图的重点，还有同学们注意了，我的小尾巴回来了[并不简单] ​​​与其妥协 不如改变自己 ​​​你有没有因为一句话而去看了一本书的经历？ ​​​虎扑上有位网友的母亲去世了，丧葬期间他没流过几次泪，心里头也没有太悲伤的情绪。他很困惑，是不是自己骨子头是个冷血的人。于是他上论坛发了帖子说这个事。帖子里，有人安慰道：“至亲离去的那一瞬间通常不会使人感到悲伤，而真正会让你感到悲痛的是打开冰箱的那半盒牛奶、那窗台上随风微曳的 ​​​ 全文我分享了 @二逼瓦西里 在微博问答作出的回答 微博问答:二总您好，近年来餐饮界兴起一股网红风，各式网红店铺被炒得十分红火门庭若市，日前据有媒体报道某网红奶茶店涉嫌雇人排队，营造“虚假繁荣”。业界称，餐饮店尤其茶饮店雇人 ​​​我还是喜欢勇敢的人 ​​​六小龄童版西游记为何难以超越？ ​​​单身最好的一点就是，没有人可以轻易影响你心情，没       有         人！[二哈] ​​​[广告] ​​​#晚安#婚礼上用什么音乐比较好？（思想聚焦） ​​​
esward1209,3,【超实用的处理水果蔬菜小窍门】这么多技能还不快马住，总有一款是你需要的~[心]YouTube精彩视频的秒拍视频 ​​​【又酷又有激情！美女化学老师课上做爆炸实验，场面壮观受热捧[憧憬]】化学老师凯特爱在课堂上做化学爆炸试验，或者表演喷火等，场面十分壮观，创意课堂和满满激情深受学生和网友喜爱。这位酷酷的化学老师说：“我这么做完全是为了自己，我爱科学爆炸实验，化学是很棒的学科。”[酷] ​​​ 全文《“不忘初心牢记使命”，从“做蛋糕转型分蛋糕”》 以前缺乏物质财富，不惜一切发展经济，做大蛋糕，做增量。现在财富大增，但贫富差距大，公平和贫富差距成了制约未来发展的关键，这个时候更多的就是经营存量，要从分配上做文章了，要从做蛋糕转型为分蛋糕。 “不忘初心牢记使命”，从“做蛋糕转型分蛋糕” ​​​国外很火的保护眼睛、恢复视力的最佳运动，让你天天看手机电脑的眼睛放松放松。顺便随手马给身边近视的朋友，学起来！[酷] YouTube精彩视频的秒拍视频 ​​​主人给家里的狗狗穿上熊猫的衣服，哈哈哈神经病！[笑cry]YouTube精彩视频的秒拍视频 ​​​【具有成长性思维的人更容易成功！让你变自信的三个建议】当面临一个巨大的挑战时，也许你曾听过这样的建议，“更自信一点！”，然而，什么是自信呢？自信是信自己是有价值的，值得被看重的，并且有能力的，也被称为自尊心，那么，自信到底从何而来？我们可以通过牢记哪些实用的技巧？快速培养自信的能 ​​​ 全文关于今天中午#美国退出联合国教科文组织# 的评论话题，其实里面有意思的点很多，但是碍于篇幅与尺度不方便呈现，现在补充些许：特朗普政府“美国优先”的外交路线、天然反感多边合作模式与多边国际机构、国内正在削减预算不想补交5亿欠款、甚至所谓“超级大国的傲慢”，在这轮的退出里面可以说或多或 ​​​ 全文【为何中国人只论输赢，不问善恶？】 – LoneCapitalhttp://t.cn/RO9juyW ​​​【武汉发布重磅抢人政策！大学生买房租房8折，年薪设下限】大学之城武汉，连续发布三份重磅政策留住大学生。武汉最新发布的“三大招”利好政策，主要围绕毕业生关系的房子、户口和工资的问题。  武汉发布重磅抢人政策！ 大学生买房租房8折 年薪设下限 ​​​
薛大松,2,跑毒的时候看到一个盒子，舔了一下，居然是@CHERRY中国 家的黑色8.0…想起上个月关评论一段时间，结果还霸占了数码榜全靠大家支持，抽奖送吧。老样子，无需关注，周三睡醒了从转发中抽一人。@微博抽奖平台 备案。 ​​​#几分钟义务教室# #几分钟义务评车# 几分钟义务教室开通新课程啦[蛋糕]【几分钟义务评车】我们会给大家讲更多实实在在买车选车的事情，让你看的明白，买的明白，不看不买的也能跟着捡乐[笑而不语]今天就先来看看你爱，你兄弟也爱，你爸爸也爱，所有男人都爱的车—— 几分钟义务教室的秒拍视频 ​​​六小龄童版西游记为何难以超越？ ​​​权游演员形象前后大对比，雪诺越发成熟，三傻真的是女王褪变，看看权游主角们这7年都经历了些什么…[笑而不语]人人视频app的秒拍视频 ​​​我刚刚学了两句北京话…… ​​​B站有哪些值得推荐的UP主及其代表作？ ​​​【纪录片：戈登·拉姆齐终极烹饪教程】戈登·拉姆齐已在专业后厨工作超过25年，出了这套《终极烹饪教程》。片中他毫不藏私，倾囊相授不同的烹饪方法，以及众多省时省力省钱的秘诀与小贴士。全是干货的终极烹饪教程，半夜可千万别点[doge]在线：戈登拉姆齐终极烹饪教程【全20集】 ​​​【明星朗读恶毒推文】本期明星阵容华丽，包括盖尔加朵，艾玛沃特森，詹妮弗安妮斯顿，大表姐詹妮弗劳伦斯，小辣椒格温妮斯帕特洛，克里斯汀贝尔，杰克吉伦哈尔，迈克尔基顿，“詹姆兰尼斯特”等等，最后库梅尔南贾尼念了一条关于肤色的推，他的回怼又狠又绝。谷大白话的秒拍视频 ​​​分享图片 南京·南大 ​​​
婊姐家的毛驼,1,@一粒粒xi ​​​
佳佳0072010,3,"网红猫楼楼去世，很多人可能不知道它的名字，却一定用过它的表情包。大批吸猫患者们的表情包里一定都有它，以后它的表情包，可能再也不会更新了，让我们好好珍藏这些楼楼的图片吧[泪] ​​​在外面吃早饭，碰到几个老太太带着一个小男孩。一个老太太问：“皓皓，外公好还是爷爷好啊？”这个小孩回答：“外公好！”老太太说：“不对，爷爷好！”小孩叫起来：“外公好！”另外一个老太太教他：“你太笨了，以后在外公家就说外公好，在爷爷家就说爷爷好，知道了吗？”不一会儿，又有一个老太太问 ​​​ 全文大家可能都知道，我特别喜欢看一个叫Trevor James的老外在中国吃吃喝喝的视频。在美国每天就着他的视频下饭。最近他的视频在油管上超了一百万人订阅 （这在美国是很难做到的，因为人口没那么多嘛[允悲]）。最近一系列视频是他从四川成都出发，沿着茶马古道，从内江，自贡一直吃到云南的故事。安妮 ​​​ 全文【天文学家的又一个大新闻：引力波发现双中子星相撞】自从有了引力波这个工具，天文学家总有大新闻。在此之前，他们发现了两个黑洞合并产生的引力波信号——但黑洞的总有点不刺激，它已经掉出了我们的时空，我们看到的一坨黑只是它从异世界深渊投下的影子，两个黑洞的合并放出来的也只有引力波。但 ​​​ 全文【阵痛4天才生下宝宝 #福原爱产女#后首曝当妈心情】13日，@福原愛AiFukuhara 顺利产生下女儿，她在网上po文首度分享当妈妈的心情，坦言还没有实感，阵痛4天才终于见到宝宝，爱酱感到松了口气。老公@江宏傑ChiangHungchieh 也称自己还没有实感，女儿刚出世现在还有点手忙脚乱。福原爱产后首曝当妈心情 ​​​看那个逝去的令人惋惜得渐冻症的姑娘，我又想起了我在匹大做实验的时候一个得渐冻症的大叔，他是我们的“ 被试对象""。 很多同学可能都知道，渐冻症是一种运动神经元疾病。从手脚四肢开始，运动神经元开始死亡，全身""渐渐冻住"" , 直到不能呼吸。我认识的白人大叔Michael，曾经是美联航的一个乘务长 ​​​ 全文今天腾讯新闻报道了一例子宫破裂，我在协和时也遇到过几例，但凡子宫破裂，都非常惊心动魄、生死攸关…我印象最深的一例子宫破裂，发生在2013-3-14，日期我都还记得，病人21年前做过剖腹产手术，当时是第二次怀孕，孕18周，5天前突发剧烈腹痛、血色素由138降到66，在外边辗转了5天才来协和，当时刚好我 ​​​ 全文健身房的瑜伽班有十来个人，大部分都是四十到五十岁的女人，她们除了上课，还会经常组织活动，例如户外瑜伽，集体拍照什么的，可就这十几个人里，还有小团体，拉帮结派暗自心机。我因为跟着上过两次普拉提，加之膀大腰圆DPS超高动不动举起杠铃甩来甩去，竟成了她们几个帮派间争取的对象，前天有个大姐 ​​​ 全文看到一个审查制对中国电影的伤害的讨论。各种人洋洋洒洒的讨论，但我想说，根本原因是，在没有强烈危机的时候，激励这种东西一定需要内部产生。别的学校有人考出了100分，这会激励到你吗？不会的。只有你自己班上有人考出100分，后面才会有几个人跳起来够95分，然后有人要争取90分，有人想要80分，有人 ​​​ 全文"
