os你的良心不会痛吗,20171021,2,0,2,刚蹭了半碗fu辣汤，很麻很辣很好次[doge] ​​​
os你的良心不会痛吗,20171019,928,588,201,嗯哼 胡一统，嗯哼因为在节目中的可爱表现，获得了不少观众喜爱。眼尖的网友发现嗯哼很有明星相，原来是特别像《家有儿女》里刘星的爸爸 胡一统 哈哈哈哈，你觉得呢？ ​​​
os你的良心不会痛吗,20171017,65163,33147,7126,一直觉得中国古代神话能称得上传奇的只有两个人物：一是猴子 一是哪吒百世蕴灵育出只石猴 大闹天宫腾云驾雾三年怀胎生了个哪吒 东海屠龙翻江倒海可以说 除了这两人 没人再能当得起离经放纵四个字的但称得上悲剧的 约摸也只有这两个一个五行山下压五百年 揭了封印 戴上金箍无悲无喜 拜 ​​​ 全文
os你的良心不会痛吗,20171011,4,0,6,靠谱是一种很招人喜欢的特质。事情交给ta可以把心放在肚子里，感觉超好。 ​​​
os你的良心不会痛吗,20171002,6,0,0,精致宅女日常 之 泡面不能用泡的 要用煮的[doge] ​​​
os你的良心不会痛吗,20170926,1525,689,228,想起吉本芭娜娜在《厨房》里说：“一个人要想真正自立，最好去弄点什么东西养养，比如种盆花。在这过程中才会看清自己能力的极限，然后才能有所作为。” ——真的，去买盆小苗吧，等它在你的阳台开出花来，你会意识到自己完全能照顾自己。所有好结果，无不是因为明智选择、正确给予以及自坚自处。 ​​​
os你的良心不会痛吗,20170913,19136,27901,10905,自制寿司猫饭vs买来的猫粮 秒拍视频 ​​​
os你的良心不会痛吗,20170909,29,6,13,遗传基因强大@贱爸和懵佑 鸭腿妹子的微博视频 ​​​
os你的良心不会痛吗,20170902,5122,464,575,吴亦凡真的是能完美驾驭所有发型的强大存在啊[舔屏][舔屏] ​​​
os你的良心不会痛吗,20170823,2954,1384,53,发挥奇思妙想，普通材料也能设计出别致的艺术作品！| 来自美国时尚设计师：EdgaR_ArtiS  #素材推荐# ​​​
取个十个字的名字好难,20161019,19,2,13,#掌上理工大#安卓2.3版本强势来袭，真的是又双叒叕厉害了，我的掌上理工大！[哆啦A梦吃惊][哆啦A梦吃惊] ​​​
取个十个字的名字好难,20161018,55,9,39,不像话！why? ​​​
取个十个字的名字好难,20160819,0,0,0,抱歉，由于作者设置，你暂时没有这条微博的查看权限哦。查看帮助：http://t.cn/RfdBWwP ​​​
取个十个字的名字好难,20130831,243,7366,309,"亲爱的朋友，我想你，只是没联系你。距离≠分离，没联系≠忘记，没通电话≠冷落，没见面≠不关心。友情最可贵的不是曾一同走过的岁月,友情最难得的是分别后依然会时时想起。我们往往忽略与朋友的联系,不联系不代表不思念,只是把这份想念深深埋在心里。其实,朋友就是这样,无需想起,因为从未忘记。(转) ​​​"
取个十个字的名字好难,20130616,0,0,1,#我爱爸爸#老爸，父亲节快乐，不要太累，最近你脾气有点暴躁，希望老爸能快点冷静下来。 ​​​
取个十个字的名字好难,20130611,0,0,0,晕呐！我2K13的人物才刚走上正轨，2K14又快出了。情何已堪呐？;-( ​​​
取个十个字的名字好难,20130605,1,1,0,只有经历地狱般的磨炼、才能炼出创造天堂的力量；只有流过血的手指，才能弹出世间的绝唱。 ​​​
取个十个字的名字好难,20130601,0,0,0,祝全球的各位小朋友们六一节快乐！！！妹妹要更听话哦，不要那么爱哭了，呵呵 ​​​
FKj56dh,20170902,0,0,0,抱歉，此微博已被作者删除。查看帮助：http://t.cn/Rfd3rQV
FKj56dh,20170901,341761,514862,417847,你们期待已久的1000万粉丝福利终于来了，之前要的基本都在这里面了，而且强调雨露均沾，具体的看图吧，看的我都激动了！[酷] ​​​
FKj56dh,20170829,41,1273,498,各位，NAS行业领军企业 @Synology群晖科技  9月16号要在上海开发布会啦！大家有兴趣参加的话，可以到官网 http://t.cn/RC7V6SO 免费报名，也可扫描图中的二维码报名（31日前报名还能抽DS216J+6T红盘套装）。点司做为群晖NAS最具服务实力的经销商，为帮厂商爸爸撑气场大喜之日随份子，决定自费出资抽 ​​​ 全文
FKj56dh,20170828,6699,9753,2820,七夕，分享一部只要啪啪啪就会死的电影 阅后即瞎的秒拍视频 ​​​
FKj56dh,20170827,33,98,29,感谢观看。转发抽100现金吧。下周日抽出。发布了头条文章：《关于手机摄影》 @OPPO 关于手机摄影 ​​​
FKj56dh,20170825,0,0,0,我免费围观了 @阑夕 的回答，问题价值 50.00 元，快来一起免费围观~ 微博问答:你好，在互联网冲击下大批实体店倒闭，作为零售行业的小个体，该如何存活。这种现象会好转吗。 ​​​
FKj56dh,20170825,0,0,0,抱歉，此微博已被作者删除。查看帮助：http://t.cn/Rfd3rQV
FKj56dh,20170825,1000,1334,1603,想认真安利一部有争议的国产动画 想认真安利一部有争议的国产动画 ​​​
FKj56dh,20170825,0,0,0,我免费围观了 @阑夕 的回答，问题价值 50.00 元，快来一起免费围观~ 微博问答:斗胆请老司机在回答里爆一张照吧，一直以来老司机都那么的神秘，年龄、长相甚至性别都是个迷呢。。。 ​​​
FKj56dh,20170825,0,0,0,我免费围观了 @阑夕 的回答，问题价值 50.00 元，快来一起免费围观~ 微博问答:我是从老罗那你知道你的，后来看了你很多文章。感觉充满乐趣又不失客观，能说一说目前为止你眼中的锤子科技 ​​​
福伯的日常,20171010,0,0,0,深夜作图 忽然室友来了一句梦话 你干嘛呢 一种鬼上身的蛋碎感。 ​​​
福伯的日常,20171008,0,0,0,晒被子的美好在于 发现阳台上的美好。 ​​​
福伯的日常,20171007,94,742,125,#原画人学院# 转发本条微博，并关注@原画人官方微博 ，抽2人分别送出绘王1060Plus手绘板1台和马来西亚 ZeenChin《返童》画册1本。原画人最新签约老师【第九但丁】：现居加拿大，自由插画师，从业六年，主要做日韩、欧美的外包工作，合作过 Legend of the Cryptids 、Riot 的知名游戏项目。擅长从底层 ​​​ 全文
福伯的日常,20171007,4,0,0,每次来火车站。我都在想好多素材啊，然后我就发现我应该画画。下次再只说不画我就是傻逼。 ​​​
福伯的日常,20171007,0,0,0,纪念最后一次来黄石的半日游[小黄人剪刀手] 黄石·湖北师范学院 ​​​
福伯的日常,20171002,4,3,1,2017#ONE SHOW中华创意奖#火热征稿ing！期待新作品的同时，让我们一起回顾下2016年的精彩作品吧、#金铅笔每日推荐#之同时荣获娱乐营销类和视频广告类金奖的《小时光面馆》「每一道面料理，都诠释一种心情，黄金游乐园——是儿子童年的心愿，也是母亲最深的挂念」《小时光面馆》第2季 ​​​
福伯的日常,20171002,6,12,4,【邂逅一碗肉燥面 | 小时光面馆】“让我为你做碗面吧”，一句面馆老板面带笑容朴实无华的问候，温暖了多少这座孤单城市里人们的心。暖黄的灯光、拙朴的木质桌椅与会讲故事的老板，让整个面馆充盈着时光的痕迹，也见证了无数人生的悲欢际遇。以心情调味，相较于更为含蓄内敛的《深夜食堂》，《小时光面 ​​​ 全文
福伯的日常,20170930,349,189,2,插画师 João David Fernandes ​​​一组手绘插画稿 ​​​
福伯的日常,20170929,1,0,2,从高中到大学即将毕业 事情终于尘埃落地 虽然不是很完美 但是我已经非常满意了    生活总是会给你一个新的开始 愿更好   [围观] ​​​
福伯的日常,20170929,659,644,58,【每日灵感！近百个宣传单页海报设计大放送】一组实用的宣传单页海报设计模板分享，设计感强，带给观者精准的信息和美的视觉感受。#设计秀# #优设每日灵感# ​​​​
叫我包包包天乐,20171021,1617,568,352,【RNG Uzi赛后采访】Uzi：兄弟，S3我们没做到的今年我一定帮你做到！#2017全球总决赛##英雄联盟s7# 兔玩游戏的秒拍视频 ​​​
叫我包包包天乐,20170922,5315,1750,2141,五五开阿冷首次献声S7加油战歌《成王败寇》! #卢本伟#这段rap相当燃呀~[酷]最后还有陈一发儿 、冯提莫、 dsm大司马解说、 笑笑_孙亚龙 、西卡_李浩宇、 LOL_洞主 、耿直的大凯锅、 ​女流 、在下萝莉控ii、 轩子巨2兔 、小缘喵等主播对S7和LPL的祝福！##LPL加油##英雄联盟S7# 新浪新手卡中心的微博视频 ​​​
叫我包包包天乐,20170921,12453,13855,2283,对这样的庭院毫无抵抗力 。 ​​​​
叫我包包包天乐,20170921,6151,18075,4053,看到一句话“遇到想买的东西就买了吧 钱并没有花出去 它只是换了一种方式 陪伴你”是的 没毛病 买穿的用的买的实物都ok 可是大家记住 你买吃的 最后只能变成一坨屎[作揖] ​​​
叫我包包包天乐,20170921,1996,2122,990,#绝地求生#  绝地求生九大职业，哪个是你？？[doge][doge][doge] ​​​
叫我包包包天乐,20170920,36350,5150,12543,哈哈哈哈哈哈哈 主办方脑子瓦特了！我羽绒服都穿了 你给我看这个！ ​​​
叫我包包包天乐,20170920,4381,2069,1095,秦皇岛的荧光海，星空坠入了大海，你怎么还不来[爱你] ​​​
叫我包包包天乐,20170919,62008,48388,57535,连续播了二十天，每天播完练习吃鸡，实在是吃不消了体力[允悲]今天和大家请个假吧。还有一件事就是，现在我真的不讲脏话了。虽然打游戏的习惯说脏话，但是我尽全力改正了。我觉得自己直播很多小孩子看，我不想教坏他们。所以我不希望一些视频让大家对我产生误会。最后老规矩。这次抽一个人1000现金 ​​​
叫我包包包天乐,20170917,52074,2796,12064,算什么水平的鲜肉？ ​​​
叫我包包包天乐,20170911,59177,118223,95951,关于我的新名字，我有一段freestyle 卢本伟_55开的微博视频 ​​​
MrLighter,20170919,1038,10648,6620,这边也抽两个吧。想要金色飞贼的喊①，想要9又3/4站台徽章的喊②。从转发的粉丝里抽。明晚十点平台开奖[嘻嘻] ​​​
MrLighter,20170917,1,0,0,肥肠肥肠喜欢了#Dusk Till Dawn (Radio Edit)[音乐]#1'26+MV难得惊艳[音符] ​​​
MrLighter,20170824,38812,129264,58179,20万粉丝福利！！！转发+关注@白菜安利菌 即可 iPhone7、美图限量版手机、20支口红、Ipad、清空购物车等各种奖品还有5000元红包等你来拿！另评论和赞还会随机送出礼物哦！ ​​​​活动真实有效，奖项均通过@微博抽奖平台 抽出 ​​​
MrLighter,20170821,4,0,4,#高铁上闲极无聊，我只能看别人#    前座是个穿黑白条纹T恤衫的小伙子，他最爱的动作是头倚着小臂，靠在窗玻璃上，不论是睡觉还是看视频，都保持这个姿势。这让他那扇窗户的拉帘轻轻一动，就能让他触电一般坐直了身体，就像一个挣扎于沉思中的人突然被拍了拍肩膀那样。别问我怎么知道的，光洁的窗玻璃 ​​​ 全文
MrLighter,20170813,2868,1004,736,小李子：你可能不认识我，但你肯定看过这部电影[doge] ​ ​​​
MrLighter,20170805,3,0,4,黄头发！！！！！！血槽已空@林更新 @林更新 @林更新 ​​​
MrLighter,20170731,6,0,4,晚上做梦居然梦到自己死命拽住陈赫要他帮我偷拍@林更新 @林更新 @林更新 然后他拍了十几张的样子然后就被叫醒醒的时候还在想没给陈赫说谢谢 ​​​
MrLighter,20170729,514,79,61,【David Instagram】奶爸和囧爷[允悲][允悲][允悲] 秒拍视频 ​​​
MrLighter,20170628,3,0,0,想剪狗啃刘海就不怕手残了 ​​​
MrLighter,20170508,2,0,5,打错一个字母告诉我发生了什么@金正日 ​​​
昵称已被占用的刘权,20171020,4,0,0,从小就喜欢坐双层公交第二层第一排的位置，最佳视角[喵喵] ​​​
昵称已被占用的刘权,20171017,3,0,0,[月亮]~ 武汉·文秀街公交站 ​​​
昵称已被占用的刘权,20171016,3,0,2,原来大家都有着各自的幸福~ ​​​
昵称已被占用的刘权,20171015,19178,6264,2118,如果猫瘦，是主人赚那么多钱也不给猫咪吃好点。如果猫胖，是主人只考虑胖猫可爱吸粉不顾猫咪健康。如果猫散养，是主人太过愚蠢，这样容易丢失容易染病。如果猫不出门，是主人无情冷漠，猫咪都没有自由了。如果猫不绝育，是主人缺乏常识。如果猫绝育，是主人缺乏人道主义精神。如果猫不瘦不胖，科 ​​​ 全文
昵称已被占用的刘权,20171014,38394,14988,8420,一妹子捧着一杯奶茶，过安检的时候，安检人员指着奶茶对妹子说：“喝一口。”妹子说：“不给，想喝自己买去。” ​​​
昵称已被占用的刘权,20171014,5,0,0,周末快乐…… ​​​
昵称已被占用的刘权,20171008,4,0,0,我不想开学……[允悲] ​​​
昵称已被占用的刘权,20171008,2,0,3,大家好，给大家介绍一下，这是我们吃的冰淇淋@ 某人  🙈 ​​​
昵称已被占用的刘权,20171004,5,0,0,好玩、好吃、好容易迷路……[二哈] 重庆 ​​​
昵称已被占用的刘权,20170923,5,0,2,日常坐火车[并不简单] ​​​
str_Chord,20171013,9876,2587,888,“这是我想做的事情，我会努力做到，不论怎样。” ​​​
str_Chord,20171021,11139,76256,14591,截至到双十一每天都可以进主会场（戳此进入http://t.cn/RW7nKl3）抽红包哦天猫双十一预售爆款清单新鲜出炉！！！[二哈][二哈]整理了目前天猫双十一的部分预售爆款，包括253个单品，涵盖13个品类[二哈]部分到手价依然是原价的因为赠品不计入原价[doge]另外，转发本条微博并关注我由@微博抽奖平台  ​​​ 全文
str_Chord,20171021,4,1,0,从学校踩自行车到了家可把我厉害死了呢 ​​​
str_Chord,20171021,4,1,0,从学校踩自行车到了家可把我厉害死了呢 ​​​
str_Chord,20171020,6,0,6,对一些事情总是拎不清我也不是很喜欢自己这一点但我的朋友们 总是陪伴我 听我吐苦水我的朋友们很可怜 ​​​
str_Chord,20171019,3,0,6,今天和游旻悦待在考研自习室学习 门房大叔专门走进教室说 明天开运动会 如果大一新生吵到你们 你们不要软弱 别耽误你们考试了 （职责之外的善意很温暖晚上陪她拿快递 远远看到快递代售点关上了门 游旻悦哀嚎 我的双眼皮（贴）没了 （感慨当一个精致女生是多么的烦恼 ​​​
str_Chord,20171019,3,0,1,与嗯哼比可爱哈哈哈哈哈哈哈 ​​​
str_Chord,20171018,4,0,2,本来我这个正在敷面膜的女孩 正在发一段感慨人生的微博 然后突然发现停水了（每次停水515都恰巧不知道呢🙃）然后我就很难过 于是我就不想感慨 ​​​
str_Chord,20171018,1752,363,91,我始终觉得人活的就是经历，人生在世就是体验。当下是唯一的真实。如果说对未来也要有什么态度的话，那就是期待。不应该是担忧和焦虑。未来永远不可知。既然活的是体验，那未来的快乐是体验，痛苦也一样是体验。没有经历过的痛苦，是最新鲜的体验。能学会期待痛苦，就经历了绝大多数人从未有过的体验。 ​​​
str_Chord,20171016,3,0,8,有一次去拿快递 阿姨问我叫什么名字 我说zx阿姨一脸难以置信地看着我 说 刚刚有一个叫zx的男生也来拿了快递后来意外地在教务处网站上 看到了这个与我同名同姓名字…一个研究生学长…他…拿了…好多奖学金我大概是见不到这个学长了 但希望自己继承了学长的名字 也能像他一样这么好运也能优秀啊哼 ​​​ 全文
Yang_婷妮,20171010,8,0,6,我在这个微博下边艾特老徐[微笑]然后[微笑]就因为我之前说过我给他讲笑话他都不笑…抓不到笑点还尬笑…辣鸡老徐！尬死我了[微笑]@我有一个大傻蛋 武汉·珞南街区 ​​​
Yang_婷妮,20171009,4,0,7,终于懂了秀念和龙傲天的梗了2333333搞siao阿[眼泪][眼泪][眼泪] 武汉·珞南街区 ​​​
Yang_婷妮,20171009,3,0,0,捯饬了一大早 换了三四条小裙子 试来试去 换回了家居服🙃 武汉·珞南街区 ​​​
Yang_婷妮,20171007,42265,27243,2542,呵 男人只配吃屎 ​​​
Yang_婷妮,20171006,8206,3817,4155,有点羡慕白羊，感觉每天起来都是一个新世界。中午不记得早上吃过啥，出门不记得来没来过这里，这个人。。。嗯？我认识嘛？？？啊！我认识！啊。。。记错了。也挺萌的呀。 ​​​
Yang_婷妮,20171006,1520,1462,526,因为喜欢黄觉所以去看的，觉得是一部被片名耽误的电影，剧本扎实，不狗血，看完有点喜欢上东北妹子。 ​​​
Yang_婷妮,20171005,1471,8442,3251,中秋吃石榴，南方的俩舍友分别表示没这个习俗…买了仨大家吃，她俩吃石榴都要吐籽，难道不是咽下去可以助消化吗？？ ​​​
Yang_婷妮,20171005,20909,19229,10298,【生物钟学者释疑熬夜：强迫夜猫子型早睡不利于其健康】昼夜节律分子机制研究者、华中科技大学教授张珞颖表示，“研究显示，早鸟型（早睡早起）和夜猫子型（晚睡晚起）人群的生物钟是有差异的，强迫夜猫子型人早起是一件很痛苦的事情，因为他在不应该醒的时候醒来，不应该睡觉的时候睡觉，对他的健康并 ​​​ 全文
Yang_婷妮,20171003,4922,4133,2365,奢华巨制MV《逐梦演艺圈》送给正在努力奋斗的我们！风间很白的秒拍视频 ​​​
Yang_婷妮,20171003,19253,9385,9506,喜欢吗？ ​​​
刘畅的大白菜名,20171021,1,0,0,@爱吃脚指甲的王大花的姐姐王一朵 跟着你们次次次 ​​​
刘畅的大白菜名,20171021,1,0,0,连道理都不讲的人，不应该留着做朋友了…… ​​​
刘畅的大白菜名,20171020,1,0,2,@左眼诗歌-右眼儿童 武汉·工大路 ​​​
刘畅的大白菜名,20171019,1,0,0,喵咖啡 ​​​
刘畅的大白菜名,20171019,0,0,1,分享图片 ​​​
刘畅的大白菜名,20171018,0,0,0,深秋[月亮] ​​​
刘畅的大白菜名,20171018,0,0,0,🍗 ​​​
刘畅的大白菜名,20171017,1,0,0,食堂二楼 ​​​
刘畅的大白菜名,20171017,0,0,1,[憧憬][憧憬][憧憬][憧憬][憧憬][憧憬] ​​​
刘畅的大白菜名,20171015,0,0,4,总有一些人啊，有事找你时搞得比谁都熟；平时见面的话，跟她打招呼都不带理人的，呵呵 ​​​
主播妮妮-lara,20170602,0,0,0,"不玩微博啦,扫一扫下面的图案加我徵信~~ ​​​"
主播妮妮-lara,20170302,0,0,0,这张照片看了半天，总觉得很像一个自己熟悉的人，却怎么也想不起来，大家觉得像谁？ ​​​
主播妮妮-lara,20170302,0,0,0,这张照片看了半天，总觉得很像一个自己熟悉的人，却怎么也想不起来，大家觉得像谁？ ​​​
主播妮妮-lara,20170205,0,0,1,玫红蕾丝小内裤加一个白肤长腿翘臀的女人，你值得拥有。 ​​​
主播妮妮-lara,20170204,0,0,0,我很坏请别爱 ​​​
主播妮妮-lara,20170204,0,0,0,纤纤一握小蛮腰~[爱你] ​​​
主播妮妮-lara,20170204,0,0,0,施主，请别离我太近，你离我越近，你离佛越远。 ​​​
主播妮妮-lara,20170203,1,0,0,那一年，我遇到两个人。一个惊艳了时光，一个温柔了岁月。 早知只是过客，请还我那些时光，早知只是过客，请用尽那些疯狂。 ​​​
夕嘻夕嘻嘻,20171007,1,0,7,图书馆坐在我对面的男生 每五秒钟吸溜一次鼻涕 看了一下发现他根本不会擤鼻涕 流出来了就用纸擦一下？？？现在的座位我又特别喜欢 不想换了 阿西吧 ​​​
夕嘻夕嘻嘻,20170930,0,0,0,可爱死啦！！！在路上还看到了一只柯基腿短的不敢下楼梯哈哈哈哈哈哈哈哈 ​​​
夕嘻夕嘻嘻,20170928,1,0,0,下雨天我的脑袋都转不动了 ​​​
夕嘻夕嘻嘻,20170923,1,0,8,早睡早起按时吃饭天天喝奶的生活最适合我 ​​​
夕嘻夕嘻嘻,20170919,2,0,3,分享图片 ​​​
夕嘻夕嘻嘻,20170912,2,0,8,考408的人一定是世界上最勇敢的人 ​​​
夕嘻夕嘻嘻,20170906,4,0,17,每天都在告诉自己 熬过今天就会好点了 ​​​
夕嘻夕嘻嘻,20170831,0,0,9,晚风和你🏙 ​​​
夕嘻夕嘻嘻,20170828,1,0,7,冷[下雨] ​​​
夕嘻夕嘻嘻,20170818,2,1,1,疯狂赞美菌菇水[小黄人高兴] ​​​
某wwyqianqian,20170823,3,0,0,晚安） ​​​
某wwyqianqian,20170813,3,0,0,aosc差点滚挂了 ​​​
某wwyqianqian,20170813,12,129,9,杭州五常湿地附近，阿里隔壁有要租房的小伙伴吗，我这边单间有人搬走了所以空出来了，房子是我的所以想找到合得来的人[喵喵] ​​​
某wwyqianqian,20170720,1,0,0,昨晚下大雨和老高被困。 ​​​
某wwyqianqian,20170712,6,1,11,一周之后 面向sticker ​​​
梦幻红与黑的救赎,20161021,0,0,0,刚开通微博nhk968这是俺滴V[害羞]信专卖店专供，每款几双，[心]价低，时尚，[害羞]正[赞]品质量，零[给力]售，招代[话筒][话筒][话筒]理，还有更多[赞]款哦！[bm感动][nono娇羞][gst干嘛噜] ​​​
梦幻红与黑的救赎,20160926,0,0,1,刚开通微博nhk968这是俺滴V[害羞]信专卖店专供，每款几双，[心]价低，时尚，[害羞]正[赞]品质量，零[给力]售，招代[话筒][话筒][话筒]理，还有更多[赞]款哦！[星][xkl撒花][nono扭] ​​​
梦幻红与黑的救赎,20160925,0,0,0,工厂刚开通微[挤眼]博，招第一批代[心]王里 V-信:fans4689价[心]低到[g发愣][aliigh][g得瑟] ​​​
梦幻红与黑的救赎,20160923,0,0,0,[微笑][左哼哼][江南style] ​​​
梦幻红与黑的救赎,20160703,0,0,0,中[挤眼]药美[害羞]白的好处：无副[good]作用[ala悲催][萌萌懒得理] ​​​
梦幻红与黑的救赎,20160702,0,0,0,中[挤眼]药美[害羞]白的好处：无副[good]作用[省略号][扔鸡蛋] ​​​
梦幻红与黑的救赎,20160628,0,0,0,"[moc自重]热[亲亲]夏白[心]成一张白[挤眼]纸,wechat：a_li_xiao_jie[xb招手][见钱][xb恶魔] ​​​"
梦幻红与黑的救赎,20160626,0,0,0,"热夏白成一张白[害羞]纸,wechat：a_li_xiao_jie[太开心][lxhx病了][cc心虚] ​​​"
梦幻红与黑的救赎,20160626,0,0,0,"热夏白成一张白[害羞]纸,wechat：a_li_xiao_jie[太开心][bm调皮][真V5] ​​​"
梦幻红与黑的救赎,20160625,0,0,0,【美白打卡小组】案例成果宝宝居然死不让我把照片发出来，哼哼~  才坚持了4个月，全身都白了，你们这都是些啥神吸收啊，我之前可是调了6个多月啊！！！[bofu吐舌头][奥特曼] ​​​
WHUT环科1501团支部,20170618,0,0,0,#四进四信·百生讲坛#  我团支部于2017年6月17日举行了以“我迎十九大胜利召开”为主题的演讲活动。活动中，支部成员陈子越、吕力欣、王皓仟等同学就十九大来临之际我要做什么、不忘初心跟党走等主题发表了自己对十九大的解读。演讲过后，团支部成员积极就演讲内容展开深入思考和讨论，并各自发表了对主 ​​​ 全文
WHUT环科1501团支部,20170618,0,0,0,6月17日晚六点半，环科1501的同学们在新四108举办了本学期最后一次四进四信活动——模拟十九大。在本次活动中，各位班委们对自己一年以来的工作进行了总结，进行了自我的批评，都找出了自己的不足。接下来，同学们以寝室为集体，分别代表各省份，提出了议案，并和大家一起对议案进行了探讨。最后，大家 ​​​ 全文
WHUT环科1501团支部,20170525,0,0,0,#四进四信·百生讲坛#让我们来看看其他同学们的作品，不知道他们会选取哪些新词进行解释 ​​​
WHUT环科1501团支部,20170525,0,0,0,#四进四信·百生讲坛#除了绘画作品，同学们的书法作品也很不错呢～ ​​​
WHUT环科1501团支部,20170525,0,0,0,#四进四信·百生讲坛#百生讲坛活动已经圆满落下帷幕，在此次活动中，同学们展现出了非凡的实力，完成了很多副优秀的作品，让我们来一起欣赏一下吧～ ​​​
WHUT环科1501团支部,20170525,0,0,0,#四进四信·百生讲坛# 5月24日下午，武理资环 环科1501团支部举行了以党的十八大为主题的书画作品展示活动[鼓掌][鼓掌]此前，支部成员学习十八大以来的50个新词解释，每人选取部分的词语解释进行书法摘抄，并以寝室为单位，创作出相关的绘画作品。期中不乏出色、精彩的书画作品，获得了大家的赞赏[鼓掌] ​​​ 全文
WHUT环科1501团支部,20170504,6,3,1,#纪念建团95周年#五四团会进行时～@武汉理工大学团委 ​​​
WHUT环科1501团支部,20170504,104,787,118,#我是团员#小薇跟你说个惊天大秘密哦，转发这枚团徽，会有星星戴哟！快来接力转发吧，我们都是优秀的共青团员！[哆啦A梦微笑]#纪念建团95周年# ​ ​​​
WHUT环科1501团支部,20170221,36347,4055,36492,【直播：团学“干货”大放送[心]】2016，充满青春奋斗的回忆，铺满工作闪亮的业绩。2017，团学战线元气满满，翘首期盼，撸起袖子加油干。奋斗路途有痕迹，新年征途有目标。团学君在前方：带你直击学校共青团年度会议，各种“干货”等你收……大事件，转发，看直播↓↓↓ 微博直播 . ​​​
WHUT环科1501团支部,20170220,305,400,251,#团学通知#【倒计时：团学“干货”大放送[羞嗒嗒]】奋斗路途有痕迹，新年征途有目标。学校共青团年度网络视频会议倒计时1天，各种“干货”等你收……明天上午（2017年2月21日上午10点），相约@共青团中央学校部 置顶微博，团学君带你看精彩直播。戳图↓↓↓看直播渠道[心] ​​​
fantastic风帆,20171020,0,0,0,和我玉立约饭就是能聊各种骚事情。[污] ​​​
fantastic风帆,20171018,0,0,0,心痛也不想再委屈自己了。 ​​​
fantastic风帆,20171017,1,0,0,stay hungry!stay interesting! ​​​
fantastic风帆,20171017,1,0,3,欠全世界一顿饭啊[允悲]来来来，乘机长几斤。 ​​​
fantastic风帆,20171013,0,0,0,今天睡不着了。 ​​​
fantastic风帆,20171013,1,0,0,感觉自己懒得去管别人，走自己的路，又不怎么分享，再别人眼里就是我装弱？我是真的弱好嘛。 ​​​
fantastic风帆,20170801,0,0,0,越想念就越要忍住。希望我的热血能等到那一天。 ​​​
fantastic风帆,20170514,1,0,0,祝妈妈母亲节快乐！ ​​​
白圭君,20171018,1,0,2,"lovers are not always lovely,loners will always be lonely. ​​​"
白圭君,20171020,61,12,4,《沙漠兄弟专访》艾福杰尼和黄旭聊 Diss 和 Real ｜VICE爱看HoodLife的秒拍视频 ​​​
白圭君,20171019,240,158,67,#NFL视界# 本周最让人惊叹的五个比赛时刻？只能说最顶级的运动能力不是看你有多么快多么撞，而是看你能利用自己的天赋在球场上发挥多大的想象力！ NFL橄榄球的微博视频 ​​​
白圭君,20171018,297,776,357,Surface Book 2 毫无征兆的发布了，宣传片先睹为快！ 数字尾巴的秒拍视频 ​​​
白圭君,20171015,1,0,8,[馋嘴] ​​​
白圭君,20171014,13603,19301,2698,【板栗烧鸡】这可能是我吃过最软糯入味的一道鸡了！秋天的栗子特别甜糯，吸收了鸡的精华和鲜美，比鸡还好吃[二哈]#一日一食一记# @鲜城【日食记 x monbento 】双层饭盒 便当盒 附赠定制款便当袋 ​​​
白圭君,20171013,5584,12127,2454,#一周热门#俄罗斯冰球比赛电视转播画面突然切到场边帅气安保人员，然后... 辣么鸡炖的秒拍视频 ​​​
白圭君,20171013,43,35,16,#履程讲堂# 穆大叔给@Mitchell_Ness_CN 出个难题，这下球衣设计师崩溃了... SOLE官方微博的秒拍视频 ​​​
白圭君,20171013,247,63,12,[舔屏] 亚洲第一骚 Rich Chigga Live .HoodLife的秒拍视频 ​​​
白圭君,20171012,96,45,64,谁敢说鹿晗没有演技？ ​​​
新舒_39059,20171010,957,936,1518,巴西的毒品吸食者在吸食了一种“僵尸浴盐”的新型毒品后，上演了真实版的行尸走肉，吸食者瞬间失去理智，身体抽搐，如同“丧尸”，这场景简直太可怕！我们一定要珍爱生命，远离毒品！尖叫娘的秒拍视频 via尖叫娘 ​​​
新舒_39059,20170906,135,159,9,【TED双语：如何让压力成为你的朋友】生活中，我们会有学业、工作、财务等等各种各样的压力，压力是好还是不好呢？通过视频来了解压力、驾驭压力，让压力对我们产生积极的影响吧#看视频学英语# 雅思口语的秒拍视频 ​​​
新舒_39059,20170810,0,0,0,转载 查尔斯王子 怂人一生多坎坷 ​​​
新舒_39059,20170705,212,121,56,最萌小女孩收到假iPhone，我可不是好欺骗的主儿，哈哈太可爱了[二哈] http://t.cn/RosO4nO ​​​
新舒_39059,20170607,225,221,26,#微互动#你坚持了哪些微不足道的事情三年以上，带来巨大改变？ ​​​
新舒_39059,20170605,186,169,9,【英文视频：Are you in your time zone?】是不是看到别人比自己成功、比自己优秀，容易比较，然后会产生一种莫名的情绪，折磨自己？是不是容易迷茫？下面这首短诗送给你们，共勉！小编要拿小本本抄下来！[憧憬]http://t.cn/RS9gJCfDo you think you are going NOWHERE in life? 你感觉走投无路了 ​​​ 全文
新舒_39059,20170603,4913,1448,1248,跟男友吻别后，她永远的消失了...... 这背后发生了什么？英国电视台全程跟随警方调查，揭开了背后这的一切... ​​​
新舒_39059,20170509,513,393,111,一对结婚70年的老夫妻，分享了两人维持快乐婚姻的秘诀，有爱又甜蜜，这狗粮吃的心服口服[心] 秒拍视频 . ​​​
新舒_39059,20170427,7597,3217,731,76个大神背后真正的隐藏大神.....  他，发明了你现在在玩的几乎一切...... ​​​
新舒_39059,20170427,1340,492,367,60超模Joan Severance分享她的抗老和护肤美妆秘籍，老姐姐依然好美，没有什么能败给年轻积极的心。[心]秒拍视频 ​​​
幸福下里巴人6888,20170923,8845,5615,7353,将一只看似健康、完整的螳螂放入水中，惊悚的一幕发生了[衰]...看完再也不敢在野外乱喝水了...[污][污][污]@胡椒视频 胡椒视频的秒拍视频 ​​​
幸福下里巴人6888,20170913,182,152,6,豆瓣读书2017上半年50本热门高分图书！书荒的可以马走~​​​​
幸福下里巴人6888,20170523,48,89,13,《如何装备一个学术型的 iPad ？ - 知乎》 如何装备一个学术型的 iPad ？ - 知乎 ​​​
幸福下里巴人6888,20170520,14,32,6,【Wolfram数据集仓库】“Wolfram Data Repository: Computable Access to Curated Data” http://t.cn/RXo9fRR ​​​
幸福下里巴人6888,20170518,19,203,12,【Google基于TPU支撑的TensorFlow深度学习科研云服务】“TensorFlow Research Cloud - Accelerating open machine learning research with Cloud TPUs” http://t.cn/RaQ6m6D ref:《Build and train machine learning models on our new Google Cloud TPUs》by Jeff Dean https://blog.google/topics/g ​​​ 全文
幸福下里巴人6888,20170515,2,3,0,超详细的Python实现百度云盘模拟登陆模拟登陆进阶 http://t.cn/RapqMSE - 数据科学家快报 ​​​
幸福下里巴人6888,20170514,189,80,54,【全球比特币病毒实时感染图:中国、欧洲最严重】13日，一次迄今为止最大规模的勒索病毒网络攻击席卷全球，全球各地的大量组织机构遭受了它的攻击。受害者电脑会被黑客锁定，提示支付价值相当于300美元比特币才可解锁。黑客凯文提供了几种解决病毒的方法，[污]最后一招简直了↓↓↓http://t.cn/Rao66NH ​​​
幸福下里巴人6888,20170514,45,154,36,#警民连心#【黑客入侵勒索比特币？40秒教你预防[话筒]】昨晚，国内部分高校学生反映电脑被病毒攻击，文档被加密，需支付比特币解锁。该“病毒”在全世界均有出现，40秒带你看如何预防入侵！#比特币病毒#http://t.cn/RaSdj19 ​ ​​​
幸福下里巴人6888,20170513,49,155,41,【《Python Cookbook》 3rd Edition 翻译】by XiongNeng GitHub: http://t.cn/R4fIzTT read:http://t.cn/RqljGv1 pdf:http://t.cn/RaSQwUB ​​​
幸福下里巴人6888,20170509,4,11,2,第832期Python日报(2017-01-29) 1) Python深度学习 2) 10天搞定python web开发 3) Python Data Science Handbook 4) New book on DeepLearning and ComputerVision launching on Kickstarter now 5) Show HN: Pydb – a lightweight database with Python syntax queries， using ZeroMQ 完整版8条  ​​​ 全文
咕噜茜咕噜茜,20171015,1,0,0,如何缓解焦虑情绪？ - 232个回答，10352人关注，http://t.cn/ROQl4B8（想看更多？下载 @知乎 App：知乎） ​​​
咕噜茜咕噜茜,20171013,51565,10240,20388,男朋友说喜欢吃提子，但提子里的籽感觉很麻烦，然后我就用了半个多小时边看剧边去籽，现在男朋友下课了，在宿舍楼下等我和他一起去吃饭，期待送给他时的表情，会不会感动昂QAQ ​​​
咕噜茜咕噜茜,20171012,101,107,63,【动车组今起可以提前选座了！覆盖C、D、G字头列车[围观]】昨日，12306网站公示一则《接续换乘和选座功能使用说明》，显示C、D、G字头动车组列车的选座功能正式上线，并且不收取额外收费。据悉，选座功能将于10月12日正式上线运行。如何选座？如何选择接续换乘服务？动车组明天起可以提前选座了！覆盖C、D、G字头列车 ​​​
咕噜茜咕噜茜,20171010,0,0,0,今天的工资来得比以往更晚一些 ​​​
咕噜茜咕噜茜,20171007,0,0,0,权力的游戏毁了我的国庆假期计划 深圳·福田区 ​​​
咕噜茜咕噜茜,20171007,7371,42160,13608,【送小米MIX2+三星Note8】简单粗暴，关注我和@省钱小白 ，转发此微博，本月15号用@微博抽奖平台  抽两人，一人送小米MIX2，一人送三星Note8，爽死你们，赶快转吧！ ​​​
咕噜茜咕噜茜,20171002,6,0,0,极速前进第四季设置的任务实在太简单了，毫无挑战性的任务怎么能叫 amazing race 呢 深圳·福田区 ​​​
咕噜茜咕噜茜,20171001,0,0,0,我还没有享受过被你追求的过程呢 深圳·香蜜湖街区 ​​​
咕噜茜咕噜茜,20170929,3139,7255,2385,有个同事跟我说，他们部门实习生教育他：下班不要跟我谈工作，我要享受生活。。赞。。我说如果是我，就换个真正喜欢互联网的实习生，然后在这个实习生的实习报告写：“懂的享受生活，不能接受下班后谈工作，工作追求动力不是特别足”。。盖公司公章。。不想用这份实习报告扔了就是，这份实习报告就是社 ​​​ 全文
咕噜茜咕噜茜,20170922,55244,13646,8000,“铁锤是用什么金属做的？”“铁？“错，锂与铜。”” ​​​
武汉理工大学计算机研1602,20171014,225,379,35,【转存！面试经典问题这样回答！】请你自我介绍一下；你有什么业余爱好；谈谈缺点；说说你的优势；你为什么选择我们公司……面试时很可能遇到的这些问题该如何作答？戳图！九张图告诉你回答思路！收藏，转给有需要的人！ ​​​
武汉理工大学计算机研1602,20171014,31,7,1,#欢乐憩园# 听说最近有小学生用大数据分析苏轼的诗句。真是太年轻了，作为一个北宋吃货大文壕，如果分析一下他的吃货朋友圈，画风应该是这样的[doge] ​（via@意公子  ） ​​​
武汉理工大学计算机研1602,20170930,15,47,20,出国游要小心：当奴工、做性奴、割器官，人贩子猖獗，每年至少250万人失踪 ​​​
武汉理工大学计算机研1602,20170617,0,0,0,当你老了，回顾一生，就会发觉：什么时候出国读书，什么时候决定做第一份职业、何时选定了对象而恋爱、什么时候结婚，其实都是命运的巨变。只是当时站在三岔路口，眼见风云千樯，你作出选择的那一日，在日记上，相当沉闷和平凡，当时还以为是生命中普通的一天。  ​​​
武汉理工大学计算机研1602,20170505,0,0,0,明天要考英语口语啦~祝大家一点都不紧张，顺顺顺~[拳头][拳头][拳头] ​​​
武汉理工大学计算机研1602,20170425,3166,4937,562,460+份全套阿里珍贵技术资料免费分享！[威武]内含《阿里Java技术手册》最新版、《阿里云数加大数据产品手册V1.0》、历届在线技术峰会/云栖技术直播核心资料等...[给力]大数据、人工智能、云计算、互联网科技生态等全球技术热点资料应有尽有！现已更新完结，一键获取→http://t.cn/RiVrSD3 ​​​
武汉理工大学计算机研1602,20170425,0,0,0,#每日一句# 没有什么是必要的，一切都只是选择。 ​​​
武汉理工大学计算机研1602,20170410,0,0,0,#每日一句#不是所有事情都能如愿以偿，但是任何事情都值得尝试。 ​ ​​​
武汉理工大学计算机研1602,20170409,0,0,0,#每日一句#再美好的时光，都会浓缩为历史；再遥远的等待，只要坚持总会到来。 ​​​​
武汉理工大学计算机研1602,20170409,0,0,0,这世界上所有的久处不厌，都是因为用心。 ​​​
某千姿千赏w,20171021,5,0,4,[吃瓜]看了返图，同学们今天参加的 蛤可颂的场地好赞啊。 ​​​
某千姿千赏w,20171018,5,2,0,http://t.cn/ROeABJD ​​​
某千姿千赏w,20171016,9,0,7,確實 生活很混亂沒有頭緒 然後被各種事情打亂 一天很快會過去 忙忙活活其實沒做什麼正經事 然後睡覺前 總是自責不充實 ​​​
某千姿千赏w,20171016,2,1,0,在学校里面，居然看到了 Pusheen 的海报欸！在老师的办公室窗户上贴着，好棒。 ​​​
某千姿千赏w,20171015,8,0,2,都是肝。   们浑身上下都是肝（ ​​​
某千姿千赏w,20171015,48,66,53,#洛天依# #柠檬依# #桌面宠物# 柠檬依桌面宠物 Android 版本发布啦[小黄人高兴] 下载：百度网盘 → 链接:http://t.cn/ROlIhqd 密码:2js1 （如果失效请前往 GitHub 点击 Download 下载）感谢 @铮了个粽子 太太的人设，以及 @一千块西瓜冰-打算退博 太太的 Windows 版本（见 http://t.cn/ROjPctL ）， ​​​ 全文
某千姿千赏w,20171011,7,32,5,这 Linkedin 自我介绍也是很强（[二哈][二哈][二哈][二哈] @GeniusVczh @老赵 ​​​
某千姿千赏w,20171011,59,113,49,"普通程序员：printf(""hello world"")二逼程序员：printf(""你好，世界"") //不要在意这些细节女权程序员：printf(""我是小仙女，我长得很漂亮。"") ​​​"
某千姿千赏w,20171009,3,1,8,我觉得下大雨出门走几公里去签到（hack一下，再回家[允悲][允悲][允悲]是个zz行为 ​​​
某千姿千赏w,20171009,9,0,6,体感温度我觉得是零下10度了已经... ​​​
Lane徐梓豪,20170522,17,8,0,#校园新鲜事# 2016.05.20—2017.05.20遇见经典，邂逅国乐——民乐团快闪活动庆贺武汉理工大学南湖图书馆一岁生日！[心]反正小纬今天没人要表白，就表白wuli图书馆啦[喵喵] 秒拍视频 ​​​
Lane徐梓豪,20170415,8,3,3,#小纬提示# 2016年湖北省高校网络文化建设的评选已经开始，我校申报四个网络文化成果项目，现在需要大家的支持，快来投票吧[可怜]投票链接：http://t.cn/R6ywVoY截止时间：4月30日 ​​​
Lane徐梓豪,20170315,0,0,0,【组图】樱花烂漫 春满校园 http://t.cn/RidkDyn ​​​
Lane徐梓豪,20170309,37313,47391,6926,【网友：别拦着我，我就是要瘦成一道闪电！】据称本月最火7日疯狂减脂练习来啦[来]每个动作15-25次，都适用哦！实际做完流汗几斤！[哈哈]建议大家马着试试！跟着音乐动起来吧！全球健身中心的秒拍视频 ​​​
Lane徐梓豪,20160924,0,0,0,深情话别，一句话让人泪如雨下！我知道你不愿意走，无奈岁月不留人。曾几何时，我的课桌上、床前、卧室的墙上甚至铅笔盒，都是他的画像。我和他一样的纤瘦，喜欢穿21号，永不服输。这是一种血性的狼的图腾，他的21年也陪伴了我21年。他没有退役，他在我们最好的记忆里。 深情致谢！加内特INS发布视频正式宣布退役 ​​​
Lane徐梓豪,20160712,70,20,15,“敌之刺，将之骨，征战连年，白发遮眉目。目送英豪欺君皇，老而弥坚，更比廉颇处。  黑白袍，骋沙场，夜夜背景，二十载忽往。归山隐林休独享，把酒一壶，江湖苦相忘。”via@思想聚焦 ​​​
Lane徐梓豪,20160708,118,47,40,#理工简讯# 升升依然处在水深火热当中，学校各部门、各学院全力以赴排涝、救援、接送，还迎来了越野俱乐部志愿者支援的“摆渡”车十余辆。大爱无限。请出来的同学们迅速冲洗消毒，还没出来的同学耐心等待，很快会有救援人员到你身边。加油升升，加油武理。（记者：徐阳 摄影：范旭浩） ​​​
Lane徐梓豪,20160221,0,0,0,Trying out Lantern for Android! http://t.cn/R40TJYS #getlantern ​​​
Lane徐梓豪,20160208,182486,6092,9715,今天是大年初一，我最亲爱的父亲，两年前的今天您永远的离开了我们，两年后的今晚19:35，我将在 @北京卫视 春晚上前面接受采访，后面画上咱们章氏猴戏脸谱，戴着您留 给我的猴头套，再现您当年的绝美风采，以这种独特的方式与您再次相聚，我想您会感到欣慰的。感谢 @北京卫视 春晚总导演孙仝及导演组的 ​​​ 全文
我就告诉你我名字里有个瑚,20171020,4,0,5,稳住，会有猫的！@第26只小崽子 @Memories_destroy_imagination ​​​
我就告诉你我名字里有个瑚,20171016,0,0,5,建立良好关系从我帮你开始[doge][并不简单] ​​​
我就告诉你我名字里有个瑚,20171012,573,14428,19098,我发起了一个投票 【谁是#白夜追凶#陷害关宏宇的幕后boss】谁是#白夜追凶#陷害关宏宇的幕后boss ​​​
我就告诉你我名字里有个瑚,20170927,0,0,0,害死你的是你的倔强 ​​​
我就告诉你我名字里有个瑚,20170917,2,0,4,公牛插座差评差评差评，没得说。亏得我还一直用你们的产品。总控开关坏了，打了售后电话，说过了保修期，所以不负责了。我真的很想知道出了问题怎么办，你至少得给我检修出来是什么问题吧？难不成就等着出事故吗？@公牛插座@公牛插座@公牛插座 ​​​
我就告诉你我名字里有个瑚,20170912,4,0,2,微博不记得密码了，差点没找回来。[汗][汗] 重庆·重庆大学 ​​​
我就告诉你我名字里有个瑚,20170722,4144,8061,5040,原来还有维他电子烟这种东西。。维他柠檬茶，爽过吸大麻，那维他电子烟呢？ ​​​
我就告诉你我名字里有个瑚,20170718,783,2262,513,天呐 冰栗子好好吃啊 以前就看到有卖但是从来没买过 我从小到大吃的都是炒出来热腾腾的板栗🌰 这次吃了冰栗子 握草 打开新世界的大门了啊啊啊啊啊啊 ​​​
我就告诉你我名字里有个瑚,20170610,542,230,126,还缺一场和闺蜜未完成的毕业旅行 ​​​
我就告诉你我名字里有个瑚,20170605,9,12,6,信管1301班毕业视频~@武汉理工大学 秒拍视频 ​​​
我才是真正的图图,20171005,0,0,3,16-18cm喵喵喵？？？ 厦门·禾山街区 ​​​
我才是真正的图图,20170922,209,70,46,厦航员工首支原创嘻哈单曲。这一次，让我们用最real的态度，把厦航唱给你听。更多精彩：《【献给所有MF的Homie】厦航有嘻哈，这是我们的hip-hop》 【献给所有MF的Homie】厦航有嘻哈，这是我们的hip-hop ​​​
我才是真正的图图,20170912,0,0,0,[污]总是变着法夸我帅 厦门 ​​​
我才是真正的图图,20170831,6567,3235,1403,警察叔叔，这里有人围观我体重！[泪][泪]我可是国宝啊，暴露我隐私没人管管啊！！！！[抓狂][抓狂][抓狂] iPanda熊猫频道的秒拍视频 ​​​
我才是真正的图图,20170821,94,42,24,#欢乐憩园# 我们是谁？一群可爱的武理人！我们会什么？传播乐趣给大家！我们还会什么？做一波好看的图片给大家！要不要转起来？要！要！要！（美编：叶正喆） ​​​
我才是真正的图图,20170816,45,27,96,#理工微课堂#这里有一份语文试题，请查收～[二哈]让小微在评论里看到你们的智慧！（via@果麦文化） ​​​
我才是真正的图图,20170814,0,0,2,[二哈]祖传贴膜又失手了 厦门 ​​​
我才是真正的图图,20170809,204,39,42,Katy Perry：你们为什么和别人玩的不一样啊？我可能遇见了一群假粉丝[允悲][允悲][允悲] 秒拍视频 ​​​
我才是真正的图图,20170808,123,119,35,通篇只有一个读音的文言文，这不止外国人，连中国人都要颤抖了。[笑cry] ​​​
我才是真正的图图,20170726,155,20,72,？？？？？[摊手]好气哦 ​​​
邓萄妨邓,20160802,3,0,0,失去影子的我们就成了鬼魅。 ​​​
邓萄妨邓,20160801,0,0,0,生活很乏味 ​​​
邓萄妨邓,20160801,1,0,0,不是冲突就是人满……还选个渣渣课啊掀桌！ ​​​
邓萄妨邓,20160731,0,0,0,看武媚娘，徐慧太特么贱了，武媚娘是傻么[心碎] ​​​
邓萄妨邓,20160730,2,0,0,不要对一个人太依靠，总有一天他会离你而去，当他离开你时就不会那么伤心难过………… ​​​
邓萄妨邓,20160729,0,0,0,如果世界上曾经出现过那么一个人，那么其他人都会变成将就。，，，，，，，，，，，我不愿意将就。 ​​​
邓萄妨邓,20160729,1,0,0,眼光光到天光 ​​​
邓萄妨邓,20160728,0,0,0,好的爱情，第一眼，远远的，就会有感觉的 ​​​
邓萄妨邓,20160727,0,0,0,我想找一个，可以不嫌我麻烦爱听我唠叨，心情不好时开导我的人。 ​​​
邓萄妨邓,20160726,0,0,0,[晕][晕][晕][晕][晕][睡觉][睡觉][睡觉][睡觉][睡觉][睡觉] ​​​
lucuspring,20171021,10795,4751,589,遍地的蒲公英与天上的星河交相辉映，美到令人窒息微博全景图片 ​ ​​​
lucuspring,20170929,0,0,0,祝你生日快乐 ​​​
lucuspring,20170504,104,787,118,#我是团员#小薇跟你说个惊天大秘密哦，转发这枚团徽，会有星星戴哟！快来接力转发吧，我们都是优秀的共青团员！[哆啦A梦微笑]#纪念建团95周年# ​ ​​​
lucuspring,20160514,0,66,107,我发起了一个投票 【快来为自己心中完美的的主页投上宝贵的一票吧！】快来为自己心中完美的的主页投上宝贵的一票吧！ ​​​
lucuspring,20151117,158,15,11,#百炼之星#百炼之星 @湖北团省委学校部 @共青团中央学校部 @武汉理工大学团委 武汉·武汉理工大学升升学生公寓 ​​​
lucuspring,20150825,4990,9945,1485,9张非常神奇的图，感觉超好玩！！！[嘻嘻] ​​​
lucuspring,20150816,420,314,8,几种洗水果的小窍门儿，快看看吧！ ​​​
lucuspring,20150815,0,0,0,我刚刚在#微博等级专享礼#中领取了由@微博会员 提供的“7天会员体验”专享礼包[发红包]新等级华丽变身，iPhone6、拍立得、大牌明星签名礼、综艺门票、百万现金券…..人人升级有福利，让你任性让你high！[噢耶]快去领取你的等级专享礼吧微博等级，升等级享好礼 ​​​
牧雨的大风车,20171018,2,0,0,在这19大的日子里，把卖身契寄出去了。不用在纠结了[doge] 武汉理工大学鉴湖校区 ​​​
牧雨的大风车,20171008,0,0,1,有没有觉得越狱男主特别帅 ​​​
牧雨的大风车,20171002,779,192,218,一小学生作文：“我和段舞婕分手了，现在等钟秋洁，不过我很想看到郭青婕，但实际上我特喜欢方韩佳，好想方韩佳，不过她姐姐方淑佳更美，我更喜欢。但我内心最爱布尚雪，我多么想永远和她在一起。”语文老师批阅说“我更爱布尚雪的哥哥布尚般！”祝大家郭青婕快乐！回家或出门旅行的同学注意安全。 ​​​
牧雨的大风车,20170927,3,0,0,网易发月饼了[大笑] ​​​
牧雨的大风车,20170927,1,1,0,身边总是有那么一些人，用你的时候一脸殷勤，不用你的时候爱答不理。 ​​​ 新乐·长寿街区 ​​​
牧雨的大风车,20170904,1,0,0,看洛天依视频，才知道现在全息投影已经这么牛了！不得了 ​​​
牧雨的大风车,20170815,0,0,1,祝你生日快乐 ​​​
牧雨的大风车,20170509,1,0,0,感觉研二下学期的生活一直是写报告，做ppt. 然后写报告，做ppt ​​​
牧雨的大风车,20170505,653,563,405,昨天#北京成沙都#，今天北京成风都！来感受下今天北京的大风，吹啊吹我的骄傲放纵。垃圾桶：这风我能玩一年！[笑cry] 视频by网友http://t.cn/Ra20u42 ​​​
牧雨的大风车,20170501,0,0,0,回校～ ​​​
CCCCamo,20171006,67476,259819,82967,日食记破1000万粉，裸奔都不足以表达鸡冻，只能发钱了！3万软妹币，抽130人【10人1000元】【20人500元】【100人100元】我会继续致力于当导演中最爱做饭的那个。谢谢你们忍受我不肯剃胡子，忍受我做饭手老插兜，总忘了粘猫毛，拖延症，不够讲究，还有死性不改[笑cry]真的感恩，比心[心]这支视频，来 ​​​ 全文
CCCCamo,20170918,18,7,11,#行界:遗# 荒野的探索者，迷雾的开拓者，废墟的修复者，使命的继承者。我，行者。我的名字是—— ​​​
CCCCamo,20170612,8,1,3,《你瞒我瞒》 KTV永远唱不上去的歌。 好久了啊。 秒拍视频 ​​​
CCCCamo,20170507,10,0,4,下雨天弹琴和错过开会更配[二哈][二哈][二哈] 秒拍视频 . ​​​
CCCCamo,20170105,6,7,3,12月30日 @梦想家梁碧峰+@鲸落乐队=双城民谣!!! 现场照片记录一（photo by @Electricami ） ​​​
CCCCamo,20160216,117,267,127,分享视频 秒拍视频 . ​​​
CCCCamo,20150918,0,0,1,哎。 ​​​
stephanieW-,20171017,208,64,176,#翻译挑战# 请开始你的翻译[下] ​​​
stephanieW-,20171016,6,0,16,看完敖厂长最新几期视频发现他好像有了女朋友。于是去翻他的微博。翻着翻着顺路爬到了老E微博。发现老E也谈恋爱了。想起昨天在朋友圈看见一个高中同学求婚成功。十一的时候一个大学同学晒合照。所以全世界都在谈恋爱？？？[摊手][摊手] ​​​
stephanieW-,20171013,4,0,0,#英雄联盟s7# 今天的rng也是如此carry~[鼓掌]赢的两把可以概括为一把uzi个人秀一把香锅个人秀。不过讲道理小虎的加里奥每次闪现嘲讽都能开到关键人并帮助拿下人头。以及第二把在ssg高地小虎闪现给控letme兰博秒甩大招。伤害爆炸~剩下的就只是收割收割收割！总之软泥怪每个人都很棒[求关注] ​​​
stephanieW-,20171013,5588,221,1509,稳了，最后再大干一场，争取第一[耶] ​​​
stephanieW-,20171007,3,1,1,虽然今天edg输了。但我感觉他们打的挺好的。特别是对比昨天打ahq时候的状态。感觉真的是尽力了。看完现场情绪多少有些受感染[失望][失望]希望他们不要灰心。继续加油[抱抱][抱抱][抱抱] ​​​
stephanieW-,20171007,3,1,1,虽然今天edg输了。但我感觉他们打的挺好的。特别是对比昨天打ahq时候的状态。感觉真的是尽力了。看完现场情绪多少有些受感染[失望][失望]希望他们不要灰心。继续加油[抱抱][抱抱][抱抱] ​​​
stephanieW-,20170702,3,1,1,日常看完敖厂长的更新。然后。想他(๑•́₃•̀๑)@敖厂长 秒拍视频 ​​​
stephanieW-,20170521,3557,1233,1151,520周杰伦南京演唱会上，一位红帽小哥对相恋14年的女友求婚了，全场人都见证了这一浪漫的时刻！太幸福了！vhttp://t.cn/Ra1HQQE ​​​
stephanieW-,20170324,5,0,11,背起高中大书包上学去了[口罩] ​​​
stephanieW-,20170320,16049,415,1698,这个是新浪2016游戏微博自媒体排行，不知这个统计是否科学。我前面这几个大神我也不是很了解，应该不是做直播就是搞电竞的吧。我作为一个不直播不玩竞技游戏，单纯靠做单机游戏短视频能活到现在的UP，全倚仗大家的支持。希望大家2017年也别忘记我～ ​​​
勾融喷勾,20160406,3,0,0,刚开通微博，年底上千双库[抽耳光]存原单卖[伦敦奥火]不出去，1[心]折清[给力]仓＋Vchat :shocy6只要你不计较得失，人生还有什么不能想法子克服的。 —— 海明威 ​​​
赵宇是我们心中的红太阳,20171009,31165,9830,2621,【[话筒]大家好！给大家介绍一下，这是我的家@中国[心]】请将手机锁定竖屏方向，并旋转90度。戳↓见证奇迹的时刻……[来]（图自中国政府网） ​​​
赵宇是我们心中的红太阳,20170929,20106,11066,1939,某宝上有哪些值得一吃的地方特色美食？ ​​​​
赵宇是我们心中的红太阳,20170925,0,0,6,跟有些人说话真的是分分钟想砍死他 ​​​
赵宇是我们心中的红太阳,20170906,1,0,12,有些负情绪…… ​​​
赵宇是我们心中的红太阳,20170514,2893,1974,399,“慈母手中线，游子身上衣”……在母亲节到来之际，来自上海嘉定的“中国唱诗班”团队，希望用《游子吟》这样最纯粹的中国国漫形式，对全天下的母亲致以最崇高的敬意！共青团中央的秒拍视频 ​​​
赵宇是我们心中的红太阳,20170503,44046,187259,23791,#我是团员#，纪念建团95周年，转发这枚团徽有惊喜！[心] ​​​
赵宇是我们心中的红太阳,20170427,53,20,23,你的队友已上线[二哈] #每日最新话题# 秒拍视频 . ​​​
赵宇是我们心中的红太阳,20170416,0,0,5,不想上班，想修仙[二哈] ​​​
赵宇是我们心中的红太阳,20170416,0,0,0,我在【小红书】，发现全世界的好东西 。应用详情 ​​​
赵宇是我们心中的红太阳,20170406,1,0,0,"Studying make me happy,gaming make me sad.今天手残犯了错，被很严厉地批评了[二哈] ​​​"
薄酒SAKI,20161122,112,113,81,#cos正片##Re:从零开始的异世界生活##双子##生日作#呐，你喜欢鬼吗？头上长着小小的黑色的角，或乖戾、或阴郁、或倔强、或善良，或心口不一的，孤独又哀伤的，鬼。MYTH & ROID《STYX HELIX》 STYX HELIX (4min Remix ver) 「STAFF」蕾姆：@薄酒SAKI http://weibo.com/u/1619501840拉姆： ​​​ 全文
薄酒SAKI,20171019,1420,11940,1233,[星光]各位lo娘lo汉瞧一瞧看一看！！明星瓜太远吃不到？没关系，带您走进身边瓜！！ [星光]欢迎收看【渣男卖原味拍黄//图劈腿罄竹难书，如今摇身一变开lo店圈钱美滋滋】涉事男主http://weibo.com/u/5206328178  渣男店铺http://weibo.com/u/6311573383[星光]转发此微博 chou总价值约3000元的物品给各位吃瓜群众~ ​​​ 全文
薄酒SAKI,20171018,14,1,6,#lolita装扮# babydoll. ​​​
薄酒SAKI,20171015,2,0,2,上午锻炼的时候想起来很久之前关注的一个网红健身po主，打算参考一下训练安排，结果意外的翻出关于她的扒皮贴，总之大致内容就是那些看似努力又美好的表象不过是虚荣心驱使下的谎言。嘛……我到现在还有点震惊……不过其实想想，人总是会愿意展现出自己更好的一面，或多或少地有隐瞒、有精心经营过这 ​​​ 全文
薄酒SAKI,20171015,14,10,11,#喂~主人，是你丢失的娃娃吗？#你——有没有做过一个甜蜜的梦？有七彩的糖果和很多奇妙的朋友，还有一个洋娃娃和她的玩具城堡……出镜：原博摄影：@椿-野生奋斗_Mdl 后期：@薄酒SAKI 花澤香菜《sweets parade》 sweets parade [心][心][心][心][心]我-是-分-割-线[心][心][心][心] ​​​ 全文
薄酒SAKI,20171014,2,0,12,早上睡得迷迷糊糊的时候，Yuks趴在旁边说：啊，我翻了一下你的购物车，给你买了条白昼梦。白……什么白昼梦？！一秒炸醒，我出去跑圈了！[二哈][二哈]@Yuks神经病有所好转 啵啾 ​​​
薄酒SAKI,20171014,13629,4434,1629,悼念：挚友——王小喜，一路走好    有一个女孩儿，2007年的时候在南京组建了一支叫做天国之门的cosplay社团，次年荣获CHINAJOY最佳剧情奖以及金龙奖银奖；    有一个女孩儿，2009年的时候只身一人来到京城，成为了圈内颇有名气的化妆师；    有一个女孩儿，受早稻田大学教授的邀请，在2012年3月的 ​​​ 全文
薄酒SAKI,20171014,199678,147006,85990,2017年10月14日，0点25分，楼楼走了。在明确没有希望，楼楼要在疼痛、反复昏迷和抽搐中挣扎可能长至几个小时的情况下，我们选择了安乐。安乐过程我和楼爸都在，很快，楼楼再也不痛了。 ​​​
薄酒SAKI,20171013,671,263,96,#GFF02# 第二届#少女主义时尚盛典# 【嘉宾介绍：[星光]yurisa[星光]】@yurisa_chan 超人气模特yurisa初登场！作为KERA杂志和BABY品牌的模特而被lo娘所熟知的yurisa，也是lolita品牌baroque的御用模特，lolita是她的最爱！[心]yurisa第一次来国内参加Lolita&少女系的时尚活动，T台上的她将会为大家呈现怎样的 ​​​ 全文
薄酒SAKI,20171012,1,7,16,因为有点事急需用钱，所以哭着转图上的定金们：红Pasta毛衣、s码白Pasta jsk、黑色贵毛衣、绿色贵毛衣、白色贵毛衣、白色毛领，还有一个棕色毛领全款，毛领需打包毛衣，全部走咸鱼。如果不是因为缺钱也不会出[悲傷]打扰各位主页了@临时停车场- @LOLITA萌物闲置屋 @Lo娘万事屋w ​​​
薄酒SAKI,20171012,22000,11745,12057,楼楼是心肌病，引发肺水肿，血栓下肢瘫痪。微博上我知道的两只网红猫咪都是疑似因心脏病引发肺水肿而突然离开的。他们不是因为肥胖，但楼楼肯定和肥胖脱不了干系。我总说楼楼吃的少、不爱玩，但这都不是放任宠物肥胖的理由！不要存在侥幸心理，不要像我这样给他减了几两肉就开始沾沾自喜！楼楼因胖而红 ​​​ 全文
OMG_坏小子,20170902,0,0,0,祝你生日快乐 ​​​
OMG_坏小子,20160607,11,3,3,#八点到，电动单车网络租赁平台很倾城#  给大家带来几句电动自行车驾驶金句 ：1.各行其道遵章法，安全畅通有保障 2.争道抢行易闯祸 3.谨慎驾驶乐悠悠，安全上路稳笃笃 4.双手脱把，手中持物危险多 5. 路口猛拐隐患多，拐弯记得打转向 6.违反信号伤亡多 6.横穿马路应推行，安全交通你我他。7.夜间行驶要 ​​​ 全文
OMG_坏小子,20160530,238,2332,178,如果你是算法初学者，强烈推荐这个「算法可视化」工具（http://t.cn/R5zZ9Oq），很清晰地绘制了每一个基础算法的原理和运作流程。仓库地址：http://t.cn/R57Rcm5 ​​​
OMG_坏小子,20160530,17,16,4,#晚安盟友#  “不管你有多不开心，我们都有责任先吃好一顿饭，睡好一个觉，打扮好自己。很多烦恼，其实都没什么大不了，只是你在那个情境下，在那种心情里，庸人自扰罢了。所以，无论发生什么，先善待自己，时间一过，世界自然会好。” ​​​
OMG_坏小子,20160526,3,2,0,关于#八点到#初创人员的内幕~~~你不知道的”八点到“[doge][doge][doge] ​​​
OMG_坏小子,20160523,2,6,3,#武汉春浪音乐节# 送门票活动开始啦~~~~查看积分排行榜点请击此链接~http://t.cn/R5zQTrn @小小蛋蛋壳 @亘亘的弟弟 @OMG_坏小子 @好温暖都快睡着了zzZZZ ​​​
OMG_坏小子,20160521,75,76,24,#武汉生活#【武汉最浪漫的50个地方，看完好想被告白！】520带上你爱的人，一起出发吧！ ​​​
OMG_坏小子,20160521,0,63,13,上周 交通拥堵指数小幅下降本周 高峰拥堵指数将在周五达峰值1.98根据市公安交管部门提供的上周全市交通状况分析，市民上下班，学生上学、放学等刚性出行需求主要集中在高峰期，高峰期拥堵程度上升，全天拥... 交警权威发布出行指南 ​​​
OMG_坏小子,20160521,2,3,1,#武汉电动单车租赁点建到家门口# 国标车安全上路，上门送取全支持，芝麻信用减押金，续租租金折上折，车坏直接换新车，保险配套够齐全！快来下载八点到，从此出行不拥堵！ ​​​
OMG_坏小子,20160519,6,46,2,#转发就能免费骑电动单车#崭新电动单车，免费骑一周，价值￥126的优惠券，还有所有配套的优质服务，转发就有机会拥有~！ 崭新电动单车免费骑一周 ​​​
全麦面包加杯奶,20170411,4490,2937,1442,发布了头条文章：《罗永浩 . 创业的干货日记》 罗永浩 . 创业的干货日记 ​​​
全麦面包加杯奶,20170411,8,9,0,早餐一碗白芍粥晚上应酬不用愁~ 秒拍视频 . ​​​
全麦面包加杯奶,20161224,0,0,0,平安夜，圣诞节，好室友 深圳·科技园 ​​​
全麦面包加杯奶,20161221,0,0,0,Don't  meke me think 深圳·科技园 ​​​
全麦面包加杯奶,20161218,130,71,26,#火影忍者# 消息之二：火影好莱坞真人电影化决定！！狮门影业制作！岸本老师将参与电影的制作！该来的还是来了！！ ​​​
全麦面包加杯奶,20161218,0,0,0,中国迄今仍然是一个非典型的现代国家，政府掌控着近乎无限的资源，庞大的国有资本集团盘踞在产业的上游并参与政策的制定。互联网是罕见的阳光产业，因变革的快速和资源的不确定性，国有资本迄今没有找到对其进行有效控制和获取垄断利益的路径。互联网为这个国家带来了意料之外的商业进步和社会空间开放 ​​​ 全文
全麦面包加杯奶,20161210,298,376,378,小孩被同龄小孩打，家长是否应该教育孩子打回去？正在讨论：小孩被同龄小孩打，家长是否应该教育孩子打回去？ - 知乎（想看更多？下载知乎 App：知乎 ） ​​​
全麦面包加杯奶,20161205,268,1399,40,简易又好吃的日式猪扒饭，喜欢日料的朋友动手试试吧~ 秒拍视频 . ​​​
全麦面包加杯奶,20161205,37,17,6,深夜来一碗毒鸡汤。 ​​​
全麦面包加杯奶,20161203,3392,1555,872,#靳东#  蓝色大海的传说之打捞海鲜的东BOY 收图@靳东 [好爱哦][好喜欢] ​​​
好温暖都快睡着了zzZZZ,20170612,1,0,5,#阴阳师手游#我和我的小可爱们的欧洲血统养成计划~【御魂】 极限流翻盘式神——【小小黑】 ​​​
好温暖都快睡着了zzZZZ,20170214,8,13,25,#单身狗的情人节#在这个冷清的夜里，有这样一群人，他们眼睁睁的看着心爱的姑娘和别人走遍人世繁华，自己却躲在角落里大口咽下混杂着泪水的狗粮。单身狗是人类的好朋友，转发并评论说出单身狗的情人节怎么过。2月14日抽送1个@八点到-电动单车租赁平台小象 提供的八点到定制抱枕1个 和 @马应龙治痔家族  ​​​ 全文
好温暖都快睡着了zzZZZ,20160728,1,0,0,Github 崩了[km白块旋转][km白块旋转] ​​​
好温暖都快睡着了zzZZZ,20160629,3746,3212,715,【《大鱼海棠》官方全人物水墨画角色公开！】三十张充满中国特色画风的水墨画！如果你愿意花几分钟了解它，你就能明白它并不是别人口中的“翻版千与千寻”。一梦十二年，终于等来了我们自己的动画电影！[心] ​​​
好温暖都快睡着了zzZZZ,20160614,3328,11930,4952,一言不合就抽奖送福利！拿到了一台新出的轻巧真金属，指纹全网通#魅蓝3s#，说送就送，6月18日通过平台从转发的小野粉丝里抽一位，祝大家猴年马月中一次奖！ ​​​
好温暖都快睡着了zzZZZ,20160611,1,2,0,#武汉春浪音乐节#音浪太强，小八都站不稳啦~~ 秒拍视频 . ​​​
好温暖都快睡着了zzZZZ,20160609,0,0,0,做前端如何克服新技术焦虑？ - 回答作者：「MiseryLee」知乎用户: 做前端如何克服新技术焦虑？ - 知乎（想看更多？... ​​​
好温暖都快睡着了zzZZZ,20160608,5046,10226,4381,魔兽今天上映，来感受下昨夜12点首映时，电影院的画风~心疼图9[喵喵][喵喵][喵喵] ​​​
好温暖都快睡着了zzZZZ,20160604,1,1,0,由中国制造却风靡国外的电动车，如今在国内的年轻人当中渐渐流行起来，轻便，时尚，还能连接蓝牙，可以一边骑车一边听音乐（注意是外放！！炫酷吊炸天的功能），尽管小八觉得就是把以前带着大音响卖音乐光碟的摩托车改进的时尚了一些~不过萌妹子如果遇到坏人直接打开音乐会吓走他吧！！ 最重要的一点！ ​​​ 全文
好温暖都快睡着了zzZZZ,20160527,2,3,0,关于#2016武汉春浪音乐节# 免费送门票，积分排行榜上的黑马们~~~戳这里可以查看最新榜单名次噢~http://t.cn/R5zQTrn ​​​
小小蛋蛋壳,20170529,67631,24116,14861,哈哈哈哈哈哈这种发传单的方式太霸气了！让人无法拒绝[笑cry] ​​​
小小蛋蛋壳,20160711,0,0,0,抱歉，此微博已被作者删除。查看帮助：http://t.cn/Rfd3rQV
小小蛋蛋壳,20160608,0,0,0,#加关注领红包#贴心的才是最棒的！我在@微博加关注领红包 的红包中抽到了“会员券”！据说一大波现金红包正在路上~你也来试试手气吧！微博加关注领红包 的红包 ​​​
小小蛋蛋壳,20160531,1,3,2,发布了头条文章：《猴年马月真的要到了！少年~当初的豪言可实现了~~~》 猴年马月真的要到了！少年~当初的豪言可实现了~~~ ​​​
小小蛋蛋壳,20160530,1,0,0,『我在八点到抢武汉春浪音乐节门票啦，S.H.E、苏打绿、萧敬腾、谭维维等你来』http://t.cn/R5z6HLd ​​​
小小蛋蛋壳,20160527,2,6,3,#武汉春浪音乐节# 送门票活动开始啦~~~~查看积分排行榜点请击此链接~http://t.cn/R5zQTrn @小小蛋蛋壳 @亘亘的弟弟 @OMG_坏小子 @好温暖都快睡着了zzZZZ ​​​
小小蛋蛋壳,20160527,47,9,24,#武汉大学生创业# 武汉本土APP #八点到# @八点到-小象创意   给市民送福利啦！！参与#积分送大奖#免费领取#武汉春浪音乐节#门票，萧敬腾，苏打绿，谭维维，丁当，万能青年旅店等众多人气偶像等你来噢~~前21名都有票！！第一名有两张噢！！更有精美大抱枕、时尚水杯等你来拿~奖品多多！！ ​​​
小小蛋蛋壳,20160525,1,1,0,"武汉春浪音乐节门票免费抢，只要下载八点到，就有机会获得门票，更有情侣奖，赶紧点击链接抢票吧『""八点到""春浪积分榜』http://t.cn/R5zQTrn ​​​"
小小蛋蛋壳,20160523,1,1,0,"武汉春浪音乐节门票免费抢，只要下载八点到，就有机会获得门票，更有情侣奖，赶紧点击链接抢票吧『""八点到""春浪积分榜』http://t.cn/R5zQTrn ​​​"
小小蛋蛋壳,20160521,2,3,1,#武汉电动单车租赁点建到家门口# 国标车安全上路，上门送取全支持，芝麻信用减押金，续租租金折上折，车坏直接换新车，保险配套够齐全！快来下载八点到，从此出行不拥堵！ ​​​
儿歌三句,20171021,36029,39119,981,6个绝佳资源网.站良心推荐！ ​​​​
儿歌三句,20171021,3977,493,0,俄罗斯仙女模特 Vlada Roslyakova  87年的她可以说是仙女模特界的鼻祖了 ​ ​​​​
儿歌三句,20171021,1,0,1,大概总结成这样才能让我记住吧[摊手]#雅思# ​​​
儿歌三句,20171020,17972,1873,1523,假如有一天我穿Christian Dior ​​​​走向你 ​​​​
儿歌三句,20171020,0,0,0,不是每一天都有时间实现理想中的工作量[失望] ​​​
儿歌三句,20171020,3,0,0,羡慕有时间到处玩的人我也想唱歌[卡拉ok]，我也想去看我喜欢的Kingsman可事实是我窝在没电的图书馆冷得瑟瑟发抖，快快写完计划书，不然电脑都没电了。 ​​​
儿歌三句,20171019,10408,20210,1882,一条写论文会需要的「文献网站」资源合集！ ​​​
儿歌三句,20171011,1024,5987,2721,#美芽2017秋季榜单# #小芽送福利#  历时一个月，收集了上万份投票终于迎来了【护肤+彩妆篇】的揭榜日！[鼓掌]转发+关注+@ 一名好友，10月19号由平台抽【超热门口红】共18支[憧憬]！秋天要保湿又抗敏，还要秋意满满的美貌新品！最适合秋季的妆品都在这儿啦~[心][星光]抽10位 送Dior烈焰蓝金080一支；抽5 ​​​ 全文
儿歌三句,20171011,203,534,25,#设计秀# 教你制作将人像照片处理成水彩绘画风格！简单粗暴，设计及后期思路，自己借鉴，转需~#ps教程# ​​​
万年匿,20170908,241,1131,146,#参展宣传# #CICF中国国际漫画节动漫游戏展# @战舰少女R 参展决定！【转发并@ 两名好友 9月25日抽三位送幻萌官方店任挑200元商品】[并不简单]要去广州了！开心！这次展会不仅将有多款新周边和限定特典发售，还会有多款原型将要首次展示哦！猜猜会是哪些[小黄人坏笑]@番茄教父__Lino  ​​​ 全文
万年匿,20170831,1017,9535,1785,#战舰少女R##转发抽奖#不知不觉艾拉的粉丝数已经到了20万，真的是非常开心呢~为了感谢各位玩家对于我们的支持与喜爱，艾拉要为大家准备一些小礼品~！从今天起到9月15日中午12：00，关注转发该微博并@ 两名好友即可参与抽奖。奖品如下：一等奖：《战舰少女R》袖珍藏品俾斯麦黏土手办一个，抽取两名幸 ​​​ 全文
万年匿,20170711,126,744,142,#参展宣传# @战舰少女R 双展参展决定！广州萤火虫×南京GJ欢迎大家来玩哦！momo会随机出现在展会上~欢迎找我要礼物ww周边发布比较多~关注转发抽三个人送150r的周边吧！@萤火虫动漫游戏嘉年华 @南京GJ同人会 以及~上周四五都没抽奖！（悄悄）那就这个微博抽到的人加个momo签名好了（揍你 ​​​​
万年匿,20161013,1,0,0,刚刚登陆了jQueryfuns，发现了很多精品html响应式模板、Bootstrap后台模板。http://t.cn/8s7Bims ​​​
万年匿,20160821,106608,191548,23386,#一起看奥运#【中国女排！！冠军！！转发祝贺！！[威武]】总比分中国3:1塞尔维亚。中国女排夺得金牌！女排姑娘们，你们太！棒！了！！为你们骄傲！此刻，为中国女排转！！ ​​​
万年匿,20160807,61773,36910,11937,【转发祝贺！女子10米气手枪张梦雪夺金！！】奥运会女子10米气手枪决赛，中国选手张梦雪拿下中国代表团第一枚金牌！把掌声送给她！#一起看奥运#，期待中国军团继续精彩！转发，为中国健儿加油！ ​​​
万年匿,20160713,694811,2064487,93665,#中国一点都不能少#这才是中国，一点都不能少。[心] ​​​
万年匿,20160511,81,2288,2591,#转发抽奖# 我发起了一个投票 【Hobbymax板娘征名投票】Hobbymax板娘征名投票 Hobbymax板娘征名候选名单大揭秘┗|｀O′|┛恭喜@Dika奏--绿川花是我女神 @花盆太太 @玩泥巴的三根豆角 @海布里的百合控 @嵐嵐嵐少大人的小天使  五位同学！！第一名将获得1000元赏金，其他四位也会获得200元。小伙伴马 ​​​ 全文
万年匿,20160414,446,4287,947,各位提督（指挥官），不知不觉，艾拉已经两万粉丝了，为了感谢您对战舰少女R官方微博的支持，答谢各位的热情，艾拉将从关注并且转发此条微博的人中抽取一个幸运玩家，送出战舰少女R深海登录图同款挂画一份。艾拉将在4月18日（下周一）中午12点进行开奖，祝各位提督（指挥官）欧气东来。[太开心] ​​​ 全文
万年匿,20160410,2,48,28,如何把下图十二块巧克力块拼成6x10大方块。[doge]包装上还挑衅地写了：难易度简单，方法2339种。首页gn都那么聪明，一定有办法的[泪流满面]在我能把它们全部装回盒子之前大概每天都要求一遍（。 ​​​
八点到-电动单车租赁平台小象,20170412,3,0,6,为啥看不到八点到服务点？难道是假的租车平台？来来来，一张图让你知道什么叫特约取还点[doge][doge][doge] ​​​
八点到-电动单车租赁平台小象,20170407,0,0,0,胖友们，一键续租功能用起来啊[doge]到期不用还到门店重新下单，直接在八点到APP中找到订单，续租就可以了啊~~说省心真的很省心，不是假的[二哈] ​​​
八点到-电动单车租赁平台小象,20170401,1,1,1,今天是一年一度的愚人节！小八在此友情提醒：大伙提高警惕，小心被愚。 ​​​​[二哈] ​​​
八点到-电动单车租赁平台小象,20170331,0,0,0,抱歉，此微博已被作者删除。查看帮助：http://t.cn/Rfd3rQV
八点到-电动单车租赁平台小象,20170330,0,0,4,成都租车点开业，小菠萝全新上架。有需要的用户请下载八点到APP体验新款小菠萝喔 #八点到电单车租赁平台# http://t.cn/RJdn6dj ​​​
八点到-电动单车租赁平台小象,20170329,0,0,7,成都的朋友们久等啦！小八回来了~  快点约起来#八点到电单车租赁平台#  八点到下载链接： http://t.cn/RJdn6dj ​​​
八点到-电动单车租赁平台小象,20170328,0,0,0,抱歉，此微博已被作者删除。查看帮助：http://t.cn/Rfd3rQV
八点到-电动单车租赁平台小象,20170327,1,0,3,快来告诉我，你会在什么时候最需要我#八点到电单车租赁平台# ，回答中随便抽一位送一张八点到租车10元优惠券哟[doge][doge] ​​​
八点到-电动单车租赁平台小象,20170325,3,0,23,"“地球一小时”是世界自然基金会发起的一个全球参与规模最大的开源性环保行动。它倡导每年3月最后一个周六20：30 - 21：30,关掉不必要的灯和耗电设备,表达对气候变化的关注。到时，和小八一起关灯一小时吧~咱们适度“自黑”，不乱“放电”  #八点到电单车租赁平台# ​​​"
八点到-电动单车租赁平台小象,20170324,0,0,0,[doge] ​​​
Tan45等于阿一等于juju,20171020,1,0,0,也有很多次我想要放弃了，但是它在我身体的某个地方留下了疼痛的感觉，一想到它会永远在那儿隐隐作痛，一想到以后我看待一切的目光都会因为那一点疼痛而变得暗淡了，我就怕了。                                                                                                                     ​​​ 全文
Tan45等于阿一等于juju,20171017,690,4299,1335,泡牛奶浴要配牛奶缸，有没有旺粉和#旺仔#一样想要一个超级马克杠！转发抽5位送~小牛奶杯！[酷][酷]#旺仔搞大了# ​​​
Tan45等于阿一等于juju,20171011,8961,49743,1530,转发这个Rick传送门，一个月内好事会不断传送过来！！！ ​​​
Tan45等于阿一等于juju,20171010,298,569,602,@炎亞綸_AaronYan 布丁节预热系列活动起跑[跑]‍♀️[跑]#只看见你[音乐]# [音樂]全世界我只看见你的视线你的一切[音樂]哈喽大家好，布丁节倒数十天了，小编来给最可爱的你们送福利啦！[礼物]抽奖要求[礼物][1]️关注@炎亚纶国度 [2]️转发+评论本微博✏️附加条件[3]️带上话题#1019布丁节快乐# ​​​ 全文
Tan45等于阿一等于juju,20171008,4,0,5,好运也将如期而至. ​​​
Tan45等于阿一等于juju,20171007,31814,29923,1787,日常迷信：带走它，你想要的，都来了。 ​[心] ​​​
Tan45等于阿一等于juju,20171006,5916,49106,4065,百分之百相信这句话 ​​​
Tan45等于阿一等于juju,20171006,2026,2423,157,要排《瑞克和莫蒂》创作人Dan Harmon的每个字。 ​​​
Tan45等于阿一等于juju,20171003,573,3358,840,【中秋福利第四波】《瑞克和莫蒂》外孙Weaponized Morty手办。从转发的粉丝里抽一人。10月4日晚十点平台开奖。  ​​​
Tan45等于阿一等于juju,20171002,1537,7538,1833,【中秋福利第三波】《瑞克和莫蒂》姥爷Weaponized Rick手办。从转发的粉丝里抽一人。10月4日晚十点平台开奖。 美国·布莱恩公园 ​​​
丝文儿,20171002,0,0,0,说话不算话 我分享了武汉·汉口江滩 ​​​
丝文儿,20171020,0,0,2,比喻很形象 ​​​
丝文儿,20171017,1,0,0,【分享自 肉斗 的@网易LOFTER_乐乎 】（1 图） （阅读全文：http://t.cn/RO8shdd 下载LOFTER客户端：http://t.cn/RPU0pi2） ​​​
丝文儿,20171017,2,0,0,读 ​​​
丝文儿,20171016,5,0,10,分享图片 ​​​
丝文儿,20171015,11,0,5,分享图片 ​​​
丝文儿,20171012,8,0,4,“我每天走五公里。如果我知道有哪一天我没有办法走那么多，我必须在其他时间把它补回来。我留意到同样的事情也发生在我父亲身上。你是在保护自己，这么做会让你觉得如果你遵守所有好的规矩和习惯，就没有什么可以打败你。” ​​​​
丝文儿,20171011,5,0,2,分享图片 ​​​
丝文儿,20171009,20,0,6,分享图片 ​​​
丝文儿,20171002,7,0,5,大巴过收费站，男孩（和他妈妈坐在后两排）对前面的外婆说:“外婆，你看一下咯（示意快到了）”，外婆望了望窗外，站起来回头说:“快到了”，男孩:“我知道，看到陶瓷了（路灯）”，一下觉得很亲切 ​​​
Risa要多线程开工,20170131,0,0,0,#GEM鄧紫棋的红包#Boomshakalaka！我在GEM鄧紫棋 的红包中抽到了@粉丝夺宝 提供的“粉丝夺宝大礼包”，2017年的小惊喜！也许你的惊喜更大哦~GEM鄧紫棋 的红包 ​​​
Risa要多线程开工,20170131,0,0,0,#五道沟有机农场主的红包#Boomshakalaka！我在五道沟有机农场主 的红包中抽到了@微博电影 提供的“电影代金券”，2017年的小惊喜！也许你的惊喜更大哦~五道沟有机农场主 的红包 ​​​
Risa要多线程开工,20170131,0,0,0,#李准基的红包#Boomshakalaka！我在李准基 的红包中抽到了@粉丝夺宝 提供的“粉丝夺宝大礼包”，2017年的小惊喜！也许你的惊喜更大哦~李准基 的红包 ​​​
Risa要多线程开工,20170131,0,0,0,#聚美陈欧的红包#boom boom boom！我在聚美陈欧 的红包中抽到了“聚美百元礼包”！2017年的小惊喜！也许你的惊喜更大哦~聚美陈欧 的红包 ​​​
Risa要多线程开工,20170131,0,0,0,#BIGBIG张大大的红包#红包不停，好运连连！d(≧▽≦*d)我刚刚抢到了BIGBIG张大大 和@天猫 联手发出的现金红包！小心脏激动得扑通扑通哒~新的一年跟我一起抢红包吧！BIGBIG张大大 的红包 ​​​
Risa要多线程开工,20170131,0,0,0,#杨幂的红包#Boomshakalaka！我在杨幂 的红包中抽到了@滴滴出行 提供的“滴滴贺岁感恩券”，2017年的小惊喜！也许你的惊喜更大哦~杨幂 的红包 ​​​
Risa要多线程开工,20170131,0,0,0,#刘恺威的红包#Boomshakalaka！我在刘恺威 的红包中抽到了@理财平台 提供的“188元理财大礼包”，2017年的小惊喜！也许你的惊喜更大哦~刘恺威 的红包 ​​​
Risa要多线程开工,20170131,0,0,0,#刘诗诗的红包#Boomshakalaka！我在刘诗诗 的红包中抽到了@微博会员 提供的“50元会员红包”，2017年的小惊喜！也许你的惊喜更大哦~刘诗诗 的红包 ​​​
Risa要多线程开工,20170131,0,0,0,#M鹿M的红包#Boomshakalaka！我在M鹿M 的红包中抽到了@微博电影 提供的“电影代金券”，2017年的小惊喜！也许你的惊喜更大哦~M鹿M 的红包 ​​​
Risa要多线程开工,20170131,0,0,0,#吴尊的红包#Boomshakalaka！我在吴尊 的红包中抽到了@让红包飞 提供的“处女座财神卡”，2017年的小惊喜！也许你的惊喜更大哦~吴尊 的红包 ​​​
小百合的铝朋友,20170501,0,0,0,我在 @走啦旅行 领取了【泰国王权免税店(皇权)优惠券8折】，快来看看吧！#微博优惠#，总能帮我省钱！ 【走啦旅行】 泰国王权免税店(皇权)优惠券8折 ​​​
小百合的铝朋友,20160712,4529,3051,2310,《Pokemon Go》宣传视频，要爆炸的感觉，我就不信中国地区不开放，这市场的钱任天堂不可能不赚的，难得的翻身之作。 http://t.cn/R5BZiRk ​​​
小百合的铝朋友,20160224,1346,1381,1565,哎哟，怎么那么快一万粉丝啊？[喵喵][喵喵][喵喵][doge][doge][doge]从我的私房钱送一个耳机给你们，关注我微博转发评论@ 3个朋友，三天以后开奖@微博抽奖平台 嘿嘿，doubi老司机等会开车。链接：www.douyutv.com/qgdoinb ​​​
小百合的铝朋友,20151231,716,32,19,#别样最美唇妆# #众选# 恭喜这9位漂亮MM入围决赛啦！小编真是挑花了眼[泪]各个都是大美人来着。大家可以为自己喜欢的照片点赞哦！直接点在图片上就可以了。从现在起截止到2016年1月4日晚11:59分，获得最多赞的那位将会获得别样送出的一支Tom Ford唇膏以及一支MAC唇线笔。谁才是【最美唇】呢？[思考] ​​​
小百合的铝朋友,20151107,12,25,5,#自强之星#  梁媛，现就读于软件工程zy1201班。在校期间，曾任武汉理工大学益行人支教团负责人。曾获2014年4月荣获“创青春·精彩在沃”湖北省大学生创业大赛金奖。武汉理工大学校报第391期专访：益行人，脚步从未停止，介绍了团队的创业事迹。@大学生自强之星 @共青团中央学校部 @武汉理工大学团委 ​​​
小百合的铝朋友,20150916,0,0,0,#黑色919#@乐视商城 超级自行车全天开放购买，购乐视路由器送半年移动影视会员，这些还不够！设置提醒并分享，即可获得现金券，关注乐视商城还可获得抽乐1手机资格！太给力了，定好闹钟，go！@贾跃亭 @梁军微博 【黑色919，红色乐迷节】电视手机真降500元，全场免运费-乐视商城 ​​​
小百合的铝朋友,20150503,0,0,0,#快的打车#一号专车代金券来袭！妈妈的关心是一碗热粥，情人的关心是一束玫瑰。小快快的关心，是无论风雨，与你同行！善待自己在每一条路上，奉上贴心专车券礼包：http://t.cn/RA3dmpO  ​​​
小百合的铝朋友,20150503,1,0,0,#快的打车#一号专车代金券来袭！妈妈的关心是一碗热粥，情人的关心是一束玫瑰。小快快的关心，是无论风雨，与你同行！善待自己在每一条路上，奉上贴心专车券礼包：http://t.cn/RA3YbWI  ​​​
小百合的铝朋友,20150409,88,304,116,#研之有语、微之有理# 肩上的背包、耳机里的钢琴曲、相机里定格的画面，单行的火车把我们带到未知的远方。也许，生活会为我们的未来布下重重障碍，但青春的光芒一定会透过你我柔软透明的指尖传递给彼此，驱除心中的阴霾，映射明媚的春光。因为，青春的岁月里，一切的波澜不惊都是静好年华的酝酿。 ​​​
小百合的铝朋友,20150203,0,0,1,#快的打车红包#「快的小财神」送头彩啦！欢庆快的打车市场份额稳居第一！10个城市9个快，10张订单9张快，做快乐的大多数，打车就送超大红包！@快的打车 即刻领红包：http://t.cn/RZFRgjP  ​​​
善良的右席,20150704,0,0,1,#小米Note#刚刚成功预约了 @小米手机 ，喜欢它5.7寸超大屏、前后曲面玻璃和铝合金金属边框，机身只有6.95mm，超薄又漂亮，性能也超棒，1300万像素防抖相机，同时支持移动、联通、电信4G，2099元，希望7月7日可以入手一台，预约地址http://t.cn/RZWjGXo   ​​​
善良的右席,20150102,117,1921,727,#赵石陪你 许愿2015 # 贺新年，2015赵石限量台历来啦。说出你的新年心愿，转发本条微博并@ 三位好友，就有机会获得我们送出的赵石《#心灵的声音#》官方限量台历哦。快快来参与吧! 说出新年愿望赢限量台历 ​​​
善良的右席,20141212,2,21,13,"#微群长文本#我在微群""GreenTeaJUG""中，刚刚发布了一篇长文本《OpenJDK云化大讨论》，现在分享给大家，快来看看吧！原文地址：— GreenTeaJUG | 新浪微群—总有一群人和你一样 ​​​"
善良的右席,20141207,3,15,2,关于给java.util.List.toArray(T[] a)传一个new的0长度数组（例如new String[0]）时，这个0长度数组能否被优化掉的讨论 http://t.cn/RzNLgCh #HLLVM# #JVM# #HotSpot VM# 简单来说如果是java.util.ArrayList的话，优化不掉那个new。 ​​​
善良的右席,20141207,1,0,0,#大乐透免费分#淘宝双12前线报道，我正在参加大乐透免费分活动，100%中奖！速度来跟我一起变土豪！ #难以置信的1212# http://t.cn/RzNIySM ​​​
善良的右席,20141126,1,34,1,//「初中时，帮哥们给隔壁班女生送信，女生接到后看都不看就扔垃圾堆里。我连忙解释不是我写得，女生才重新捡起信来。」初中时，帮哥们给隔壁班女生送信，女生接到后看都不看就扔垃圾堆里。我连忙解释不是我写得，女生才重新捡起信来。（分享自#无秘#）[眼泪][眼泪]  ​​​
善良的右席,20141118,0,0,0,抱歉，此微博已被作者删除。查看帮助：http://t.cn/Rfd3rQV
善良的右席,20141101,0,0,0,抱歉，此微博已被作者删除。查看帮助：http://t.cn/Rfd3rQV
善良的右席,20141028,3,66,9,这几天一些lisp群有个小号在发消息说“上海人工智能公司”招“Common Lisp技术总监”，我朋友去和他聊：公司是不存在的，他想创业，创业项目是用CL造出能“统治全人类”和“毁灭人类”的超级AI，自己又一窍不通。@福尔摩喵42 @王四哥达家码 @善良的右席 @天王州Liutos @KimmyLeo ​​​
善良的右席,20141021,0,0,0,小伙伴们，快来围观！我已经升级为V6新版微博，简洁的界面带来更流畅的体验。准备好了吗？和我们一起发现新的世界吧！升级猛戳:http://t.cn/R7vgnNI http://t.cn/R7PW0Ng ​​​
董江鹏,20171021,3,0,2,尘世中一个迷途小书童。 ​​​
董江鹏,20171020,0,0,4,最近贼喜欢念李白的诗。可能是由于假期回来之后状态一直不怎么好。还好有《三体》做了个缓冲，但看完之后又觉得空荡荡的。如果每天都能有这么好看的故事让我沉浸其中，不再胡思乱想，多好。 ​​​
董江鹏,20171019,0,0,0,呼儿将出换美酒，人生得意须尽欢，仰天大笑出门去。 ​​​
董江鹏,20171015,1,0,0,发现《三体》里少了时间轴。我理解的当前太阳系是四维的，立体坐标系加时间轴。感觉时间轴在二向箔的攻击中是不会消失的，所以应该是变成平面坐标系加时间轴，从四维打击到三维。所以感觉「魔戒」那段故事里，应该是五维空间的气泡。联想到电影《星际穿越》中形象地展示了五维空间的实体，可以观察到四 ​​​ 全文
董江鹏,20171014,0,0,0,把《三体》刷完了。太牛逼了。「我需要一块二向箔，清理用。」「给。」 ​​​
董江鹏,20171014,4,0,1,有了点温暖的感觉。 ​​​
董江鹏,20171014,9452,14417,4589,敢在费玉清面前开车的人不多[下]林志炫算一个[允悲]#这才是老司机##谜之微笑# 海鲤叔的秒拍视频 ​​​
董江鹏,20171012,3,0,3,路过生命中漫无止境的寒冷和孤独。 ​​​
董江鹏,20171010,5,1,2,以前觉得汽车车标上写个「唐」字，丑炸了。但自从看了《三体》之后，居然有种莫名的亲切感。哈哈哈哈，有意思，难道这就是传说中的情怀加持。 ​​​
董江鹏,20171009,0,0,0,在公共场所放外音的基本上都是傻逼。 ​​​
张Welkin华,20171021,19116,14363,5515,明天下午三点左右 ​​​
张Welkin华,20171014,0,0,0,#英雄联盟S7#我已为WE电子竞技俱乐部送上奖杯！快来为你喜爱的战队加油吧！S7战队势力榜 ​​​
张Welkin华,20171007,55514,48800,12320,这是一个超级便.宜见效又快的美.白方法[哆啦A梦吃惊] ​​​​
张Welkin华,20170928,43279,16266,3522,明日，好运爆发，见到、得到。 ​​​
张Welkin华,20170927,0,0,0,#s7都让黄牛去看吧#唉，武汉站就很容易抢到票 ​​​
张Welkin华,20170920,28212,28474,1981,一只彩云喵٩꒰｡•◡•｡꒱۶  愿未来几天你担心的事情，会有奇迹般的转机。 ​​​
张Welkin华,20170920,59415,18904,3222,今后的你一定会有好事发生的。[心] ​​​
张Welkin华,20170914,32646,59202,2231,日常迷信：转走这条微博，这个秋天你将会有一笔意外之财！[笑而不语] ​​​
张Welkin华,20170913,224,2527,3827,我发起了一个投票 【iPhone X 大家觉得怎么样？】iPhone X 大家觉得怎么样？ ​​​
张Welkin华,20170912,160,915,401,【转发送出5枚#小米MIX2# 新品F码！】新品开售早知道→①#小米Note3# ，今晚8点全款预售 ，9月12日14点首发；②#小米MIX2# 今晚8点开启预约 ，9月15日早10点首发；③#小米笔记本Pro#  ，9月15日早10点首发 。记得来小米商城打卡，说说你最喜欢的新品是____，顺便带上理由，转发送出5枚小米MIX 2 F码[舔屏] ​​​
Zyon_TOKEN,20171016,2,10,28,投稿10.16问摄影器材过分吗 ​​​
Zyon_TOKEN,20171015,0,2,1,用心做动画，用脚做。。。飞机 没想到是这样的大疆。。。 ​​​
Zyon_TOKEN,20171014,109,191,462,#不爱拍车的飞机# #爱瞎扯的飞机# 装睡的人叫不醒，载重量的事先放放，我们来谈谈补贴问题。根据2017年的补贴规定，纯电动货车电池容量超过50kWh的，单位电量补助标准1000元/kWh，补贴最高上限是15万[doge]比亚迪T5的电池容量根据展牌数据是150kWh，意味着这辆车可以拿到最高15万的国家补贴，电池容量 ​​​ 全文
Zyon_TOKEN,20171010,41,34,25,#德段# 上海金山城际尝鲜（半预告）。这次歪打正着坐上了三门的金山6A。除了多了一对门，内饰和外观大致上和广珠的6A相同，倒是每一排椅子靠走道的一侧都有设置充电插座，室内车门上方设置了地铁一样的电水牌。国庆长假初，上午9点多来往于金山卫和上海市区的人数不算非常多，并未给体验带来不利因素。 ​​​ 全文
Zyon_TOKEN,20171008,4461,6201,571,吗格机我记得哪个微博工程师上个月还吹逼可以同时应付三对劈腿的？哪个工程师？谁 at 我一下我转出来供大家群嘲。 ​​​
Zyon_TOKEN,20171003,2730,1272,1114,到底是谁的国庆。。。[允悲][允悲] ​​​​（北京人不知道的北京事儿） ​​​
Zyon_TOKEN,20171001,52,366,136,#转发抽奖##返图大赛# （｡ò ∀ ó｡）/♡ 听说开博以来这里的各种照片 吸引了不少小伙伴们来咨询拍照的事情 这次官博要造福 穿着 LO/ JK /COS [蝴蝶结] 入园拍摄[相机]的小伙伴们  特别举办了这次10月返图大赛期待大家优质的返图   【关注+转发】 10月1号    抽20名每人送出1张花博汇门票[票] 10 ​​​ 全文
Zyon_TOKEN,20170927,4259,18764,3733,#转发抽奖平台# 这①亿播放里面有你们的吗？请举手让我看见🙋，谢谢[兔子][兔子][兔子]不太会表达自己的感激，也想做一点回应让大家也和我一样开心[心]转发这条微博，从关注里抽一位一直支持我的朋友送iPhoneX一台～爱你们[心]@转发抽奖平台 开始预售的时候抽 ​​​
Zyon_TOKEN,20170926,3,38,4,金山线好日子到头了[微笑][微笑][微笑] ​​​
Zyon_TOKEN,20170925,71,306,126,【中国光伏厉害了：最大项目每天产能，足够一个城市用一年！】在中国，每小时就有一座足球场面积大小的太阳能电池板被安装上。中国已成为世界节能和新能源利用第一大国。2016年，水电、风电、核电和天然气等清洁能源消费占比已达19.7%，没有哪个国家能在如此短时间、用如此大的魄力，兑现绿色发展承诺 ​​​ 全文
略略略丶略cc,20171012,93,39,27,#logo设计欣赏# 大学动态logo哪家强？[挤眼] ​​​
略略略丶略cc,20171011,94,81,236,[微笑] ​​​
略略略丶略cc,20171010,3,1,1,#v你而来##十月十日卖萌日##十月十日萌萌哒#早安，愿你们每天萌萌如我[嘿哈][嘿哈][嘿哈] ​​​
略略略丶略cc,20170915,17,18,5,#理工微课堂# 2017下半年的四六级考试已经开始报名了，跟着小微一起背200个四六级重点单词吧，大家一起相约十二月高分过！（via@人民日报 ） ​​​
略略略丶略cc,20170914,68294,488986,163931,不管了，我先送一部给大家吧，详情看图！ ​​​​
略略略丶略cc,20170913,0,0,0,逆光也清晰，照例你的美#v你而来# ​​​
略略略丶略cc,20170823,393,16,307,一个疑问：锤子发625手机，大家都在骂。为啥魅族一发625的手机，全场都在欢呼。这，这不公平。[泪] ​​​
略略略丶略cc,20170805,17047,113868,19465,东北话的可贵之处在于，说东北话的人都觉得自己说的是普通话，比如我。 ​​​
略略略丶略cc,20170804,2515,18122,7696,#小米AI音箱# 听音乐，语音遥控智能家电的人工智能音箱，小米官方价299元 ！①语音点播音乐；② 控制家用电器；③ 生活的好助理； ④宝宝的好老师；8月将启动1元公测领养计划！公测时间和报名方式请关注@小米探索实验室。转发说说你最喜欢小爱哪一点？！[太开心]【抽送10个新品】 ​​​
略略略丶略cc,20170803,3366,751,342,吴京，你终于火了！ ​​​
汤圆lxy,20170801,17,0,28,一条置顶微博不管你从哪里来给我打个招呼吧～故事才刚开始[心] ​​​
汤圆lxy,20171020,9,0,12,新刘海，晚安[月亮] ​​​
汤圆lxy,20171017,5980,10776,4107,蒲公英。 ​​​
汤圆lxy,20171015,4,0,1,请告诉我这是什么！这是什么！[微笑] ​​​
汤圆lxy,20171014,1,0,2,每天以站在我脑袋的方式叫我起床......yw：我饿了，给我吃的[微笑] 汤圆lxy的秒拍视频 ​​​
汤圆lxy,20171012,3,0,8,这是我的工作[doge]羡慕吗？ ​​​
汤圆lxy,20171011,10,0,8,别拦我，我去剪刘海了！ ​​​
汤圆lxy,20171008,7,0,0,可以说是很暴击了...多心疼下自己吧。 ​​​
汤圆lxy,20171007,4,0,1,我发现天津话很有意思，音调有趣，感觉说几句就觉得在怼人但是你知道这就是正常在说话，所以今天去天津玩学会了一句天津话——嘛玩意儿... ​​​
汤圆lxy,20171004,8,0,1,中秋快乐～两个女孩的中秋小团圆[心]越来越贤惠了[doge] ​​​
汤圆lxy,20171004,2,0,1,木木到我屋里睡后，鱼丸超级不爽，对着木木张牙舞爪，见我不管它就一个人跑到柜子待着...可能是占了它的位置。[笑cry][笑cry][笑cry] ​​​
雅洁crystal_,20171017,113,160,11,早安听说转发这条时空隧道就可以见到想见的人[心] ​​​
雅洁crystal_,20171014,2086,1410,415,手作咖啡，这拉花萌的也是很戏精了[二哈] ​​​
雅洁crystal_,20171011,60,34,3,日本插画师Ryo Takemasa的教科书封面插画设计，如果遇到这么好看的教科书封面，我一定好好学习[笑cry] ​​​
雅洁crystal_,20171007,406,192,513,夜深了 艾特一个好朋友让ta高兴一下 ​​​​[笑而不语] ​​​​
雅洁crystal_,20171005,0,0,6,这几年以来生了最严重的病，喉咙痛到无法说话，肺炸到无法呼吸，家里没有人。现在只能穿着厚厚的棉袄，坐在电脑面前做设计，听着PG One的歌是我的最后的精神支柱 ​​​
雅洁crystal_,20171004,437,269,26,【你会如何用插画来描绘一个城市的风物？】不同的城市总会有不同的特征，如何用插画来描绘一个城市的美好记忆，18个精美作品给你启发。#设计秀# ​​​
雅洁crystal_,20170930,3,0,1,谢谢迪迪陪我“做作业” 武汉·水果湖（商圈） ​​​
雅洁crystal_,20170923,1,0,0,[傻笑] 杭州 ​​​
雅洁crystal_,20170921,174,434,116,超长的#炸薯条#，吃起来一定超过瘾啊[馋嘴]美食的魔力的秒拍视频 ​​​
雅洁crystal_,20170905,5,0,0,谢谢迟来和早来的礼物，爱你们[可爱]最近很艰难，但还是要一如既往地好好生活 ​​​
熊十番cc,20171021,151,763,199,#谷主#每周来一场欢乐的#有奖转发#吧！长！期！有！效！对抗盗图不赔款的 @小龙坎老火锅 @小天鹅火锅 ​​​​（1.每周抽1名转发的同学送出签绘小卡。2.每月抽1名转发的同学送出签绘的《饿龙谷》。 3.赔偿款最终作为转发的现金红包。4.如遇我外出旅行回来会补上每周或每月转发的奖品）欢迎大家愉快的转 ​​​ 全文
熊十番cc,20171020,228,1324,109,#森雨文化周边#  由@美芽芽芽芽芽 绘制，@轻雾社 协力，@森雨文化 出品的<坠入>系列框画开始预售啦， 预售地址：森雨文化 轻雾社 miaaaaa插画师 原创周边 框画 装饰画 预售款 转抽3位幸运儿赠送框画一幅，双十一开奖。[二哈][二哈]森雨文化 轻雾社 miaaaaa插画师 原创周边 框画 装饰画 预售款 ​​​
熊十番cc,20171019,498,33,12,Mizuhara Kiko ​​​
熊十番cc,20171010,849,2313,179,万粉感谢，已经超过1万很长时间了，终于凑到九图来搞一发抽奖！转发抽奖！转发抽奖！转发抽奖！抽一个人送即将要出的个人本（可能要等比较久）抽俩人送手绘摸鱼原稿大礼包！（希望不要嫌弃！！！┌|◎o◎|┘）啦啦啦 ​​​
熊十番cc,20170909,117612,38358,16712,那么，贺  我  重  新  出  道！愿随鲲鹏起，长风浩荡几万里。 ​​​
熊十番cc,20170729,6707,8713,1290,从地球到半人马座α，有多远呢？沿途又有怎样的风景？任何人，在浩渺的宇宙与繁星面前，都不过是一沙一瞬，光所能到达的距离，对我们人类来说和“永远”几乎没有差别。但即便如此，穷尽韶华，跃过星海，也只不过是为了，到达那颗名为“我们的星星”的一瞬间。图太大了，为了达到每一截都能做壁纸的 ​​​ 全文
熊十番cc,20170729,58157,31852,4761,最近有幸为Dior绘制了一系列插画：为了爱，你将如何付出？ ​​​​
熊十番cc,20170625,57753,50017,8247,语拙，好在画笔不会说谎。 ​​​
腾云航拍Tech,20171020,3,1,1,哈哈，我拍你，你拍他[doge][doge][doge] 武汉·珞南街区 腾云航拍Tech的秒拍视频 ​​​
腾云航拍Tech,20171020,5,0,2,主席台视角看运动会开幕式 微博全景图片 ​​​
腾云航拍Tech,20171017,24,0,1,对称之美 武汉·武汉理工大学博学广场 ​​​
腾云航拍Tech,20171008,10,0,2,鹰还是隼？@博物杂志 ​​​
腾云航拍Tech,20170912,4,0,0,孝感金卉庄园 腾云航拍Tech的微博视频 ​​​
腾云航拍Tech,20170910,15,6,5,武汉理工大学2017年迎新航拍 腾云航拍Tech的微博视频 ​​​
腾云航拍Tech,20170909,9,0,3,武汉理工大学2017年迎新全景  祝愿17级的萌新们生活快乐、学业有成!  更多迎新全景图请点击http://t.cn/Rptu3Ps 微博全景图片 ​​​
腾云航拍Tech,20170816,143,243,57,美丽的武汉理工大学南湖校区 全景图片 ​​​
腾云航拍Tech,20170816,143,243,57,美丽的武汉理工大学南湖校区 全景图片 ​​​
腾云航拍Tech,20160909,20,1,4,#武汉理工我来啦# #航拍武汉理工大学# #拍不尽的理工#  航拍武汉理工大学2016年新生开学典礼，祝愿9000枚小鲜肉能在军训期间收获友谊收获爱情！   @武汉理工大学 @武汉理工大学团委 @武汉理工大学学生会  （via 秦煦森 & 腾云） 秒拍视频 . ​​​
__-Y-__,20171019,1,0,0,活在明天 活在期待 不如活得今天很自在 [十二点钟] 分享单曲第一天（@网易云音乐） ​​​
__-Y-__,20171019,0,0,0,♬我正在收听毛不易的单曲《像我这样的人 (Live)》♬像我这样的人（来自@QQ音乐） ​​​
__-Y-__,20171014,1,0,3,感受到了来自985朋友智商的碾压[微笑] 武汉·光谷软件园 ​​​
__-Y-__,20171013,0,0,3,又是背着电脑奔波了一天很饿 很累顺路想去M吃个饭坐一坐关门在打扫第一次看这家店关门那我去吃肠粉吧老板竟然说不做肠粉了做了这么多年不做了那我吃冷面吧不要放葱不要放葱不要放葱听不懂吗很气很丧但还是要耐心的#挑葱# ​​​
__-Y-__,20171007,1,0,0,武汉真冷 把短袖换成毛衣 又加了件毛衣外套 才感觉好些 一降温就感冒 温差换季就是这么令人惊喜 哦 讨厌冬天 十分的讨厌 ​​​
__-Y-__,20171004,0,0,1,又 中秋吃 柚子等 月亮 ​​​
__-Y-__,20171002,0,0,7,充分体现了 玩物丧志 一词玩了一把 王昭君 坐过站了补张票太刺激 广州·广州南站 ​​​
俩千万富嗡,20171020,0,0,0,怎么和RA快速熟悉？一天内多办几件自己解决不了的蠢事就可以了😀 ​​​
俩千万富嗡,20171016,3,0,2,连着刷了一个星期夜，交完作业老十岁 ​​​
俩千万富嗡,20171008,2423,4013,1059,“大猴儿卵”“大猴儿卵女朋关袄铜” ​​​
俩千万富嗡,20171004,7,0,12,我是造了什么孽换完专业还是得熬夜写代码 ​​​
俩千万富嗡,20170920,2,0,0,不追星都没有画画的动力了 ​​​
俩千万富嗡,20170912,2,0,1,我今天为了吃火锅错过了开学典礼[呵呵] ​​​
俩千万富嗡,20170908,3,0,6,今天搬新宿舍，储藏室包括冰箱十五个人共用，我发现了一张贴冰箱上的字条，然后突然get到生活的乐趣(留言的大哥真的太贱了哈哈哈) ​​​
俩千万富嗡,20170906,0,0,0,昨天才买的facetune今天手机就报废了，非常难过 ​​​
俩千万富嗡,20170818,1,0,2,想知道英国这边有没有把海鸥叫声当成被殴打的惨叫声然后报警的[小黄人无奈] ​​​
俩千万富嗡,20170813,5,0,0,要热爱生活 ​​​
丁丁没有毒,20171019,7898,11852,2113,Nature今天的新论文里，谷歌旗下人工智能公司Deepmind推出了一款新版的围棋AI，命名为“阿法狗·零”。这个AI当然意料之中地干掉了它的所有前辈，elo等级分抵达了5000的水平，超越了所有人类棋手——但最重要的是，它没看过任何人类棋谱。训练开始的时候，它只会随机走子，看到的全部信息就只有棋盘和黑 ​​​ 全文
丁丁没有毒,20171018,158,34,13,#他们一定喝过很多酒# 之二：一种灼伤公元前300年，住在埃及的马其顿人托勒密一世突然有个念头。他要在首都亚历山大里亚建一座图书馆。世界上最大的图书馆。这一年他67岁。五十多年前，他跟着亚里士多德听课；三十多年前，他跟着亚历山大东征；五年前，他当上了法老。“托勒密法老”，这是一个 ​​​ 全文
丁丁没有毒,20171018,426,130,43,#早安自然# 峭寒催换木棉裘，倚杖郊原作近游。最是秋风管闲事，红他枫叶白人头。——《野步》赵翼（清）早安，今天是想去看红叶的一天[心] ​​​
丁丁没有毒,20171018,2894,8234,5014,买车就得买奥迪，还得必须带天窗[允悲][允悲][二哈] FAST4WARD直线竞速赛的秒拍视频 ​​​
丁丁没有毒,20171014,105391,7962,13271,【北大“渐冻症”女孩留遗嘱死后捐献器官：愿医学早日攻克难题】“我走之后，头部可留给医学做研究。希望医学能早日攻克这个难题，让因为‘渐冻症’而饱受折磨的人，早日摆脱痛苦……”这就是29岁北大女博士娄滔在清醒时留下的“遗嘱”。2015年，娄滔发现患上“渐冻症”，发病进程十分迅速，为不拖累男 ​​​ 全文
丁丁没有毒,20171011,1063,7685,1602,祝贺@共青团中央 在推特上这场捍卫名誉争夺战中取得胜利。[笑cry]终于把一个唱反调的给灭口了[允悲]#警视听直播# ​​​
丁丁没有毒,20171008,0,0,0,大家好，给大家介绍一下，这是我女朋友@凉风起天末- ​​​
丁丁没有毒,20171005,2721,419,352,假如生活出卖了我，我希望是论斤卖。——lymikko ​​​
丁丁没有毒,20171004,0,0,3,祝你生日快乐 ​​​
_王_宇_翔_,20160528,119,44,67,每一步都见证着我的成长，每一滴汗水都不会白流……我准备参加@NikeRunning 的HOOD TO COAST，快来帮我一起完成这个伟大的梦想吧！It's now！！！#FREE革新# NIKE+个人账号：Zurkey733700203 秒拍视频 . ​​​
_王_宇_翔_,20160525,3,0,3,#最强审计大脑# @武汉理工会计协会 “瑞华杯”全国校园审计精英挑战赛开始啦～ ​​​
_王_宇_翔_,20151027,9,0,0,因为好友平安无事地回来了所以很高兴，因为女神对我挑了个眉所以很高兴，因为黑了朋友一把所以很高兴，因为被朋友黑了一把所以很高心，因为大家都很高兴所以很高兴。快乐好不简单[偷笑]，但是又好简单哦[偷笑] ​​​
_王_宇_翔_,20150731,265956,446402,6883,#北京张家口申冬奥#【央视快讯：我们申冬奥 成！功！了！[给力]】今天，17：57，国际奥委会主席宣布，北京正式获得2022年冬奥会举办权！2022年，你多大了？此刻，让我们约定，一起见证祖国的发展，2022年一起为运动员加油！愿外国友人更多地了解中国，祝福祖国越来越好！转发！传递下去！ ​​​
_王_宇_翔_,20150525,1,0,12,#梁静茹#为了不让它看起来那么搞笑，我重发。陪@不愿意透露姓名的文青 去看，开场就唱情歌，真是懂我啊。回来整理了几张感觉拍得还可以的图。 ​​​
_王_宇_翔_,20150505,3,0,30,哈哈哈哈，丰收啦，回家啦 ​​​
_王_宇_翔_,20150429,0,1,0,这会是真的吗？我们学校的人会疯吧[笑cry] ​​​
_王_宇_翔_,20150422,2,0,11,大家好，我叫张傻冒，我脑子不太好把自己微博的密码忘了，所以我用这个微博发，你们看我是不是很傻？ ​​​
_王_宇_翔_,20150403,2,0,5,寝室睡腻了，换换地方[呵呵][呵呵][呵呵] 武汉·华中科技大学同济医学院附属同济医院 ​​​
Gendaougy,20171021,2,0,2,吃擂茶 啦啦啦 ​​​
Gendaougy,20171014,2,0,9,希望，嗯，希望2022年的自己有了梦想。 ​​​
Gendaougy,20171010,3761,1363,811,心疼松重丰，上节目本来是宣传和北野武新拍的黑帮电影，不知为啥非要让他推荐好吃的饺子，还要现场吃给大家看...没有防备就变成了美食番[允悲][允悲][允悲] ​​​
Gendaougy,20171008,6,0,2,虚荣心爆棚的我决定再发一遍[二哈][二哈][二哈]也算是一个里程碑了哈哈哈哈哈哈 虽然这步我是跪着跑完的[允悲] 附上我抓的萤火虫～已经放了 没拍到好看的 ​​​
Gendaougy,20171001,149976,75497,16826,我觉得，有些家长管教小孩时候，给孩子的理由，经常是错的[二哈]。比如我上次坐高铁，一个6岁左右小朋友总是拿脚使劲踢我椅子，持续快上百下。我回头跟他妈妈说:“能不能请您，让孩子别踢我椅子了？” 他妈妈说:“别踢了，阿姨生气了”[二哈][doge]。首先，我真的没生气[笑cry]。其次，就算我生 ​​​ 全文
Gendaougy,20171001,1,0,4,直接看了昼颜的结局把我给气死了，怀疑人生[二哈][二哈][二哈] ​​​
Gendaougy,20170912,4,0,19,纪念我读大学以来第一次用尽全力拼成绩…无力感很重，也只能来微博发泄一下…仔细想想又有什么重要的呢，只是觉得这个成绩根本不是我努力的结果…别的导师实践都给90多，就我实验室全部85，还占了5个学分，什么破学分…冷静下来以后只希望自己不要再想这个事好好找工作，时间宝贵。第一次遇到付出与回 ​​​ 全文
Gendaougy,20170908,5061,2001,3256,35岁的Natasha Pearlman是一名资深的杂志编辑，她有一个三岁的女儿Rose，她说正是三年前选择自然分娩，让她直到今天身体和情感仍旧经受着伤害……现在她选择说出她的故事，希望大家能够更加理智的对待分娩的方式。 ​​​
Gendaougy,20170808,9,0,1,云和月亮，还有一条船～ ​​​
Gendaougy,20170806,36697,7138,4638,“她好像不太明白，我到底有多爱她”超级甜的直树湘琴每看一遍《恶作剧之吻》 都有新的感动[心] ​​​
abcdlmj,20170930,污,0,10,证件照get√ 天真蓝还是不错的，给小哥的化妆水平点赞[污]用的make up forever 的粉底液真的超好用！本来想入手一瓶，然后发现自己太穷了🙊 🙊 🙊 所以要好好学习努力赚钱然后买买买[憧憬][憧憬][憧憬]（刚好今天碰到周年庆全场五折[奥特曼]，然后就逛到现在[二哈]明天要闭关学习！ ​​​
abcdlmj,20170925,6,0,0,#给21岁的自己# ​​​
abcdlmj,20170901,3,0,1,一下变成阿姨粉[憧憬][污]🙊 ​​​
abcdlmj,20170901,0,0,1,分享 五月天 的MV《成名在望 (梦想小屋版...》http://t.cn/RNiCsID (分享自@虾米音乐) @从今以后抓住梦的娇小喵  ！！！[憧憬][憧憬][憧憬] ​​​
abcdlmj,20170825,6,0,5,这怕是因为七夕要来？我这三天收到的消息都是这样的？算了，我去听会歌，没事我还有小白呢🙊[doge][并不简单](哎呀妈呀，古装也这么好看，这泪痣可真太性感了) ​​​
abcdlmj,20170818,2,0,4,第一遍终于√ 可喜可贺可喜可贺🙊 也算是为学校做了点贡献[费解]那个风凉油真强，3天背完3000个[二哈]不过武大华科还是更强势，服气服气[草泥马] ​​​
abcdlmj,20170715,10,0,4,一个从北京回来一个从武汉回来的两个弟弟，还有一个回来一个多星期没有出过门的我，为了满足我妈的少女心，硬被拉着去看什么灯光节[允悲][允悲][允悲]好吧，我承认还可以啦[污]暗戳戳在这里放图（别问我为什么迷眼，眼镜摘了的我就是个瞎子[允悲]ps:特意鸣谢两个17岁的打光师🙊） ​​​
abcdlmj,20170701,6,0,2,早睡早起身体好[兔子][月亮][太阳] ​​​
Littleconan,20160322,0,0,0,"我在#微盘#找到了一个超赞的文件""Web Application Obfuscation.pdf""，我已经下载啦，你也看看吧？ Web Application Obfuscation.pdf ​​​"
Littleconan,20160205,0,0,0,#熊市猎人的红包#一不小心又中奖了！(≖ ‿ ≖)✧我在熊市猎人 的红包中抽到了@滴滴出行 提供的“滴滴百元礼包”，好实在的礼物，让宝宝心情美丽一整天～熊市猎人 的红包 ​​​
Littleconan,20160205,0,0,0,#三亚克洛伊婚纱摄影的红包#天上掉红包，不捡白不捡！ヽ(^。^)ノ我被@三亚克洛伊婚纱摄影 的红包砸中啦~ 不要太幸运！不信你试试~三亚克洛伊婚纱摄影 的红包 ​​​
Littleconan,20151211,611,2015,61,失恋时一定要看看这个视频：不要把时间浪费在其他人的生命中，坚持下去，不妥协，不放弃！http://t.cn/RUne3Fh ​​​
Littleconan,20151202,0,0,0,"我在#微盘#找到了一个超赞的文件""ThinkPHP3.2完全开发手册CHM[2014-01-15].z...""，我已经下载啦，你也看看吧？ ThinkPHP3.2完全开发手册CHM[2014-01-15].zip  ​​​"
Littleconan,20151202,583,856,68,#warm house#在我们走过的季节里，路旁盛开的花朵也在不断变化，轻轻摇曳着，靠近一闻，隐约有股青涩的阳光的气息。那气息渐渐地淡去，我们也在慢慢长大。可，那朵花一定还在某个地方盛开着。对，我们永远都会继续实现那朵花的愿望。北4-305花名未闻@武汉理工大学 @武汉理工大学管理学院学生会 ​​​
Littleconan,20150928,635,2369,377,小男孩这样描述他的初恋，没想到看到最后竟然。[可爱]http://t.cn/RyKjNjY ​​​
Littleconan,20150915,116684,1732643,661102,"校长福利：庆祝iG.LOL进入S5总决赛，转发并关注官博即可抽奖[礼物]一等奖1名，柏林头等舱往返机票加五星级酒店S5观战双人行。二等奖3名，外星人Alw17er(价值22999元)。三等奖5名，Macbook Pro15.4""(价值17488元)。安慰奖10名，简单粗暴，6666RMB直接转账！抽奖过程将在PandaTV直播。9.15截止，速转^_^ ​​​"
Littleconan,20150322,0,0,0,我要向全世界大声说：鱼C论坛是个学习编程的好地方^_^http://t.cn/anDbc1 ​​​
Littleconan,20141226,0,0,0,我是Littleconan，我来自湖北 武汉，我在23:27用《新浪微博开放平台API for .Net SDK》开发了一个小程序并发了这条微博，欢迎关注http://t.cn/zO1dPNF ​​​
psscar,20170125,0,0,0,ins发了一张图~ ​​​
psscar,20160625,0,0,0,ins发了一张图~ ​​​
psscar,20160331,23,33,28,#坛子说#从前，理工有一座图书馆，她，没装修完。年复一年，这座图书馆静静地伫立在南湖大草原上，等待着学子们揭开她的面纱。前天，Token团队的记者潜入新图书馆内部进行采访，并带出了最新谍照！来约自习吧[哈哈]（摄影：郭仰威 郭德森） ​​​
psscar,20160107,0,0,0,ins发了一张图~ ​​​
psscar,20160107,0,0,0,ins发了一张图~ ​​​
psscar,20151106,357,775,554,我们真的需要一个高级UI设计师， 不信你们看图[doge]急，在线等，简历请发送至job@guokr.com ​​​
psscar,20151021,0,0,0,ins发了一张图~ ​​​
psscar,20151001,551,3754,318,我也看过“谁谁谁赞过”的这个内容不经允许就随便出现在首页上，也觉得烦。随手关上而已。但从来没想过这也能做假的～[拜拜]你们不觉得这种广告手段过分了点吗？用别人做广告，给钱了吗请问？ ​​​
psscar,20150828,0,0,0,ins发了一张图~ ​​​
psscar,20150826,3170,2887,888,强迫症的最终归属，整个过程看着好爽！[笑cry]http://t.cn/RLFgYec ​​​
我是Tiphaine呀,20171020,43,31,22,“澳洲华裔老爸和他的傻儿子”合辑！这笑声有毒啊！专注坑爹一百年[笑cry]冷笑话精选的秒拍视频 ​​​
我是Tiphaine呀,20171011,2073,728,671,我没多少清晰的记忆 ，恰好每个片段都有你 。余周周和林杨的美好时光就像琥珀，凝结在一起。继网剧《最好的我们》之后，振华高中又要开学啦~#网剧你好旧时光#即将上线，还是那~青春的味道[嘿嘿] ​​​
我是Tiphaine呀,20170929,7917,775,648,【tvN】<三时三餐>哥哥们负责做饭~我们#李钟硕#宝宝负责吃吃喝喝~养的胖胖的回去就好~[哈哈][哈哈] ​​​
我是Tiphaine呀,20170921,4,0,1,很多话，在开口前就已经消化掉了 ​​​
我是Tiphaine呀,20170918,1,0,0,今天[下雨]，不用刷鞋🙊 ​​​
我是Tiphaine呀,20170918,4610,2858,2208,确！定！引！进！泰国电影《天才枪手》（又名《模犯生）内地过审，预计10月上映！该片改编自真实事件，讲述天才高中生小琳专出奇招帮同学在考试得高分来牟取暴利的故事。全程神经紧绷、快节奏、构思巧妙，看预告感觉很有好莱坞的拍摄风格。很期待了[憧憬]娱乐日爆社的微博视频 （视频cr:整点电影） ​​​
我是Tiphaine呀,20170912,609493,55227,63160,在#芭莎明星慈善夜# 碰到很多好朋友，很开心可以一起为慈善助力，尽心尽力！[爱心]️ ​​​
我是Tiphaine呀,20170815,38784,33944,8337,这个夏天已经热到产生幻觉了，诚邀您随着精分歌曲《水库》的节奏，一起蹦个野生迪[右抱抱][左抱抱][右抱抱][左抱抱]#亚洲新歌榜# #超级mv月# #与彩虹合唱# 秒拍视频 ​​​
我是Tiphaine呀,20170812,0,0,0,『很奇怪，我们不屑于与他人为伍，却又害怕自己与众不同』 ​​​
我是Tiphaine呀,20170812,0,0,0,抱歉，由于作者设置，你暂时没有这条微博的查看权限哦。查看帮助：http://t.cn/RfdBWwP ​​​
赵不赵要午睡,20170812,440,82,103,阚清子纪凌尘对视秀恩爱、甜蜜斗嘴互怼、随时亲亲喂食，满足所有你对情侣的日常想象！[憧憬]阚清子有一千个生气的理由，纪凌尘就有一万种哄她的方法…… 这大概就是爱情的模样了吧[心] 娱乐日爆社的秒拍视频 ​​​
赵不赵要午睡,20170812,10927,1263,2229,纪凌尘 烧烤 阚清子纪凌尘吵架 阚清子哭了~纪凌尘与阚清子矛盾再次激起，阚清子认为纪凌尘没能顾及别人的感受伤心落泪，纪凌尘立刻意识到自己的错误并且虚心接受她的建议，最后以阚清子落在纪凌尘怀里结尾，这才是爱情的模样[心]影视综艺君的秒拍视频 ​​​
赵不赵要午睡,20171021,4415,48520,10737,LAMY携手KUMAMON重磅来袭木质礼盒，专属笔套，全新定制双十一前预定，即可获得全套福利并享受LAMY预售史低价格活动转发关注，抽送20套，20套！！！#LAMY天猫双十一#  ​​​ ​​​lamy kumamon套装 ​​​
赵不赵要午睡,20171020,3,0,6,心难受是真难受 ​​​
赵不赵要午睡,20171020,55522,16377,11198,虎扑上有位网友的母亲去世了，丧葬期间他没流过几次泪，心里头也没有太悲伤的情绪。他很困惑，是不是自己骨子头是个冷血的人。于是他上论坛发了帖子说这个事。帖子里，有人安慰道：“至亲离去的那一瞬间通常不会使人感到悲伤，而真正会让你感到悲痛的是打开冰箱的那半盒牛奶、那窗台上随风微曳的 ​​​ 全文
赵不赵要午睡,20171019,324,871,86,看到了阿法狗零的新闻，配了这么一张图片。那么问题来了，这枚围棋棋子上的星空，是哪一段银河呢？[思考] ​​​
赵不赵要午睡,20171019,2,0,3,为了睡懒觉而睡懒觉的感觉不要太爽[允悲][允悲]就是任性醒了也不起床 继续睡继续睡[允悲][允悲] ​​​
赵不赵要午睡,20171018,100,13,0,#十九大# 一起来看十九大！重大师生热切关注十九大，在主教学楼、文字斋学术报告厅、图书馆会议室、虎溪校区学院楼、C区老年活动中心等四十余个观看点集中收听收看十九大开幕会现场直播，认真学习领会大会精神～还设置电子屏、海报、横幅、多媒体设备等，全方位感受十九大的浓厚氛围！你也在收看直播的 ​​​ 全文
赵不赵要午睡,20171018,2,0,1,大大大大清早来上课  老师没有来  现在也还没有来   可以回去睡回笼觉吗[小黄人高兴][小黄人高兴] ​​​
赵不赵要午睡,20171018,0,0,1,以后也不要过来了[微笑][微笑] ​​​
MissCrastal,20171020,0,0,0,钱老板跋山涉水过来寄过来的零食，开心一下～ ​​​
MissCrastal,20171015,0,0,0,和街道口纠缠的一天。 ​​​
MissCrastal,20171014,0,0,0,不管是写代码还是说话，坑都好多，什么时候这些坑能踩完[允悲] ​​​
MissCrastal,20171010,3020,737,260,我瞧那些侠士一个个拂袖打马走天涯，于是我披好了衣买好了马，却转身瞧见了你。完了，我心里哪还有什么天涯。 ​​​
MissCrastal,20170222,11441,20047,4310,这一刀砍下来，不仅江苏省医院，全国医务人员在号贩子面前，从此个个噤若寒蝉。再无人敢于和孙主任那样与他们进行针锋相对的斗争。而他们的代价，仅仅是让一个人进去做几年牢。发布了头条文章：《我看到了一幕最悲的悲剧，里面充满恶毒而愚蠢的笑声》 我看到了一幕最悲的悲剧，里面充满恶毒而愚蠢的笑声 ​​​
MissCrastal,20161204,336,861,69,一段视频，告诉你2016年都发生过什么事！[笑cry]  有片的秒拍视频 ​​​
MissCrastal,20160826,0,0,0,我家#叶修#正在跟#乐正绫# PK，竞争半次元2016 #中国萌战# 萌王宝座！我已经给#叶修#投了100票，目前支持率为58.156%！战况紧急，截止到08月26日23点，小伙伴们来帮我给#叶修#投票，还可能一起瓜分万元奖金哟[心]【投票戳】http://t.cn/R5WuxmE ​​​
MissCrastal,20160814,10936,7883,2721,去年11月4日，一位患癌晚期的DOTA2玩家在贴吧发帖，希望能看到TI6中国战队夺冠，在同年11月21日询问秋季赛战况后就再也没露面。284天后的今天，Wings战队成功夺得TI6冠军，数千条回复呼唤楼主“一个文艺小骚年”，希望你看得到，这块冠军盾，我们没丢！在此亮起一张TP：http://t.cn/RUa2Xbr ​​​
MissCrastal,20160517,1,0,0,大家好，我是一名被传销组织骗去的大学生，现在在外地流浪乞讨。请求大家能给我打162块钱，能让我吃个饱饭，买个车票回家。我不玩dota2，不知道什么TI6小红本。 ​​​
MissCrastal,20151229,345,1110,52,【北京的星期天】法国纪录片大师镜头下1955年的彩色北京，太罕见了，先马再看！http://t.cn/R45qdum ​​​
咿鸭咿鸭哦,20151229,0,0,0,相见不如怀恋。 ​​​
咿鸭咿鸭哦,20171021,1810,15620,4355,你基要来搞事情了！[二哈]选了总共五万的[礼物]，真心大出血有你们心心念的龙头包等等，前四张只送一个人，验证人品的时刻到了[doge]！！只要转+关注我和@爱上韩妃子 ，11月16日由平台开出。怕你们失望，还准备了20支[口红]瓜分～最后还有攻号only的彩蛋链条包！总之今年份的都给你了！ ​​​
咿鸭咿鸭哦,20171020,776,10603,2369,今晚凌晨#LAMY天猫双十一# 开启预定，预定即享受史低价更多活动等你发现转发此条，抽送布朗一套lamy kumamon套装 ​​​
咿鸭咿鸭哦,20171018,202,1217,374,2017/10/18今晚8点开拍 ，这次的预定场，给大家特别准备了几款对戒，其实也是听你们给我的反馈啦～每一款都很有特点，有的在款式上，有的在工艺上。另外还有日系的小戒指，适合平时单戴或者几个戒指叠戴，锁骨链增加了一个新款——星野，20分的钻石，背后是它的特色。每一款宝贝详情进店看，t ​​​ 全文
咿鸭咿鸭哦,20171017,2,0,2,(•̀ω•́)✧今日份的自拍 ​​​
咿鸭咿鸭哦,20171017,13397,12531,2583,中午发生的一件事，给各位提个醒吧~ ​​​
咿鸭咿鸭哦,20171017,6,9,1,黄金诞生的瞬间[憧憬] SUMOMOX的秒拍视频 ​​​
咿鸭咿鸭哦,20171017,0,0,0,志存高远。 ​​​
咿鸭咿鸭哦,20171016,0,0,0,🐈 ​​​
咿鸭咿鸭哦,20171015,0,0,0,汤汤和加一哦⊙∀⊙ ​​​
二十实纪飞猪流派,20171017,5,0,7,想了一下  最近可以接画头像免费的两周一张   随便画啥啥就当休息练笔想要的可以和我说[小黄人剪刀手] ​​​
二十实纪飞猪流派,20171021,0,0,0,每看完一本书就觉得自己又可爱了一分每做不起一道题就觉得自己又愚蠢了一吨 ​​​
二十实纪飞猪流派,20171021,1,0,0,分享单曲 エターナルポーズ (@网易云音乐) ​​​
二十实纪飞猪流派,20171021,4415,48520,10737,LAMY携手KUMAMON重磅来袭木质礼盒，专属笔套，全新定制双十一前预定，即可获得全套福利并享受LAMY预售史低价格活动转发关注，抽送20套，20套！！！#LAMY天猫双十一#  ​​​ ​​​lamy kumamon套装 ​​​
二十实纪飞猪流派,20171020,1,0,0,“离我们最近的是真实，离我们最远的是真相。” ​​​
二十实纪飞猪流派,20171019,1,0,4,桃花醉也可以点外卖哇！！！ ​​​
二十实纪飞猪流派,20171019,70540,47204,21399,虎扑上有位网友的母亲去世了，丧葬期间他没流过几次泪，心里头也没有太悲伤的情绪。他很困惑，是不是自己骨子头是个冷血的人。于是他上论坛发了帖子说这个事。帖子里，有人安慰道：“至亲离去的那一瞬间通常不会使人感到悲伤，而真正会让你感到悲痛的是打开冰箱的那半盒牛奶、那窗台上随风微曳的 ​​​ 全文
二十实纪飞猪流派,20171019,2,0,0,“艺术通过虚构手法来打破日常生活经验的合理性，向人们展示超越于现实的梦想世界，从而保护、激发人们的创造力和思想自由。” ​​​
二十实纪飞猪流派,20171019,2254,963,298,张震《GQ Taiwan》10月刊 太迷人了 ​​​
二十实纪飞猪流派,20171018,1033,3528,46,速写膝盖经常画的跟胡萝卜一样，是因为你对结构不够了解。 ​​​
杨峻YoungDream,20170924,182,157,22,夜夜夜 ​​​
杨峻YoungDream,20170924,14768,1633,813,这只汪星人，从出生起就被锁在了地下室，饱受虐待…幸好，一位帅气的小哥，成了她的超级英雄..... ​​​
杨峻YoungDream,20170922,168,87,122,还记得，俄罗斯那只坐在主人摩托车上的熊嘛？它最近又出来兜风了。这次还会学会了吹喇叭，带着机车队在前面开路...[跪了]#飞碟趣闻# 视频VIA YouTube精彩视频的秒拍视频 ​​​
杨峻YoungDream,20170921,137,123,2,漫画家 小林誠 Makoto Kobayashi ​​​
杨峻YoungDream,20170921,40321,32386,23258,一只鹅突然对生活失去了梦想[跪了]格鲁叔叔的秒拍视频 ​​​
杨峻YoungDream,20170921,15443,16450,9070,？？？姓杨的做错了什么 ​​​
杨峻YoungDream,20170920,20,7,0,像素艺术欣赏：夜景（图twi :1041uuu ‏） ​​​
杨峻YoungDream,20170919,170,1053,412,万众期待的《海伯利安四部曲》又能买到了！！！与《银河帝国》并称为科幻文学史上不可逾越的两座丰碑，横扫全球所有科幻重要奖项。全系列四本首度完整引进，黑盒豪华典藏版，赠送精美明信片4张+传说中的“海伯利安5”——轨迹奖最佳中篇小说《螺旋的遗孤》。随手转发，随机送书一套！ ​​​
杨峻YoungDream,20170918,33170,45876,23901,不是吹，这我能跟它们咩一天[doge] 我的朋友是个呆B的秒拍视频 ​​​
杨峻YoungDream,20170918,4686,1317,3072,【中国解封在飞机上用电子设备禁令：由航空公司评估】《大型飞机公共航空运输承运人运行合格审定规则》第五次修订发布，10月起实施。这次修订放宽了对于机上便携式电子设备的管理规定，允许航空公司为主体对便携式电子设备的影响进行评估，并制定相应的管理和使用政策。网友：以后坐飞机能玩手机啦！ ​​​
HiJackBauer,20171009,8,0,4,或许这是大学最骄傲的事，到今天欢乐斗地主已经拿下了100周的周冠军[doge] ​​​
HiJackBauer,20171004,0,0,4,"羞羞的铁拳[星星][星星]，感觉跟上一部比差了不止一个档次啊，很多时候不是好笑而是尴尬，最尬莫过于BGM“好运来”…一星给""夏洛特烦恼""的致敬，另一星给中秋佳节[doge] ​​​"
HiJackBauer,20171001,3,0,1,国庆陪侄子玩这个，一气之下…[doge] HiJackBauer的秒拍视频 ​​​
HiJackBauer,20170924,17,0,10,我爸妈说房子不能卖，怎样也是留给你[doge]我想说你们不嫌弃就拿这房子养老吧，我怕我买不起一套别墅给你们，我是不会要的，并不是嫌弃，而是希望独立后能够靠自己努力去买房，买不起深圳房又怎样，住的比你们差又怎样…你们说以后你到结婚年龄了还没房怎么办？我认为结婚不是必须的，既然结不起就别结 ​​​ 全文
HiJackBauer,20170919,1,0,4,#The Strain# #血族第四季# 对大结局表示强烈不满【慎点】[允悲][允悲][允悲] ​​​
HiJackBauer,20170913,63,231,44,洛杉矶湖人官宣，他们将在北京时间12月19日对阵金州勇士的比赛中场时间退役科比.布莱恩特8号和24号球衣！ ​​​​ 对于同时退役两个球衣号码，老板珍妮-巴斯表示：“科比的球衣找到了它们真正的归宿，那就是与湖人队史那些最伟大的球衣为邻。毫无疑问，这天一定会到来，一切只是时间问题。湖人的球迷 ​​​ 全文
HiJackBauer,20170908,1,0,0,蜘蛛侠：英雄归来[星星][星星][星星][星星][半星]，这种风格的小蜘蛛超喜欢，有所颠覆[抱抱][抱抱][抱抱] ​​​
HiJackBauer,20170901,403,1126,225,Netflix热门美剧#毒枭##Narcos#发布第三季正式预告！！！！巴勃罗死后，卡利集团成为头号公敌，发展成史上最大的可卡/因/贩毒集团，毒老大超级霸气，缉毒局又将面临新的挑战，9月1日回归，一次性放出！ 秒拍视频 ​​​
HiJackBauer,20170808,2,1,2,#冰与火之歌# 这一集就跟上厕所喷出来那般酸爽是一样的[二哈] ​​​
HiJackBauer,20170729,3,0,3,#家里有嘻哈# 日常撩妹，感觉这个梗还可以玩蛮久 ​​​
WF小飞,20170315,150,182,105,【金光御九界東皇戰影幕後花絮(下)】金光御九界之東皇戰影幕後花絮下集各位朋友下午好～說好的幕後花絮準時放送囉！希望這次的花絮能透過訪談與介紹讓各位更能深入的了解金光團隊也請大家期待金光御九界之魆妖紀的到來唷！ ​​​
WF小飞,20170308,175,166,91,【金光御九界東皇戰影幕後花絮(上)】東皇戰影幕後花絮上集各位朋友晚安，距離魆妖紀發片還有一段日子在新檔發片前我們準備了東皇戰影幕後花絮送給大家讓各位更能了解金光團隊的拍攝過程與更多內幕秘辛喔!!! ​​​
WF小飞,20160529,758,357,83,十六七岁爱上的那个人 一定是你最爱 却永远得不到的人 ​​​
WF小飞,20160527,0,0,0,外面的世界很精彩，Ta走了就再也不会回来 分享单曲外面（@网易云音乐） ​​​
WF小飞,20160523,0,0,0,苦练含笑半步癫，那我去给你煮碗面，更想再见你一面。 分享单曲正趣果上果 （@网易云音乐 ） ​​​
WF小飞,20160508,0,0,0,分享单曲假如爱有天意 (电影《太平轮·彼岸》推广曲) （@网易云音乐 ） ​​​
WF小飞,20160423,0,0,2,#云音乐三周年# 云音乐都三周年喽[开心]我居然也要毕业了。谢谢在这里发现我诗意的中国风，滋味的粤语，还有许许多多喜欢的歌曲。献给我仅用的音乐播放器 分享单曲胭脂雪 （@网易云音乐 ） ​​​
WF小飞,20151008,511,167,9,一位父亲用画笔，每天记录女儿的点滴，狠有爱，狠幸福。 ​​​
WF小飞,20150723,0,0,4,雨又玩笑般下大喽，明天我还要回家 分享周杰伦的单曲《听见下雨的声音》http://t.cn/RL6Gh8b （@网易云音乐 ） ​​​
WF小飞,20150721,0,0,0,淡淡的。。。 分享单曲If Only I Could See （@网易云音乐 ） ​​​
程序员吐槽师,20170831,267,294,81,【工作三年后，我选择离开腾讯】“你居然要从腾讯离职了！？”这是身边朋友得知我要离开后的反应，似乎大家都难以理解这样的决定。从行业环境来看，中国互联网正处于一派繁荣之境；从公司形势来看，也正要准备大刀阔斧地干一番大事业；从个人发展来看，自己在公司也会担任越来越重要的角色。 ​​​
程序员吐槽师,20170821,1180,1942,389,张雪峰老师告诉你：惹谁都不要惹知识分子！！！视频之家的秒拍视频 ​​​
程序员吐槽师,20170821,63,144,51,【deeplearning.ai深度学习课程字幕翻译项目】by GTC GitHub: https ://github .com/Yukong/Deeplearning.ai-Solutions ​​​
程序员吐槽师,20170705,0,1,0,猫宁[猫咪]努力的人，应该像好色那样好学。   [二哈]                                        ——老夫子《王者荣耀》 ​​​
程序员吐槽师,20170704,39,76,44,你们自己配字吧 ​​​
程序员吐槽师,20170620,362,235,432,娃娃机风靡背后套路多.但是用这个套路被看到会被打死吧！#逆天神技# 秒拍视频 ​​​
程序员吐槽师,20170607,0,0,3,送给正在高考的弟弟妹妹们 ​​​
程序员吐槽师,20170517,1125,219,232,公务员在工作中都碰到过哪些有意思的事情？ ​​​​
程序员吐槽师,20170509,154,250,145,#比惨大赛##洋葱新闻#1“这是一个看脸的行业”“读博也要长的好看?”“不，是看导师的脸”2我有一大堆朋友在读博他们还没来得及自杀就累死了[蜡烛]3“你们博士工资可高了吧？”我望着工资条上的“3000.0”如实答道：“三万多一点”4我问大师：“我是个博士生，压力大，吃不好，睡不好 ​​​ 全文
程序员吐槽师,20170505,1515,1317,5,【全国政协副主席罗富和：建议提高境外科研网站访问速度】他表示，在国内访问国外大学网站速度都很慢，打开一个网页至少需要10-20秒，有的半小时以上才能打开；很多国内专家学者和研究生为了科研需要，都要购买翻墙软件。这将给我国的经济社会发展和科学研究等方面造成极大影响。http://t.cn/RiXsnAG ​​​
果洛山事,20171008,0,1,0,大家好，给大家介绍一下，这是我的女朋友@果洛山事 [心][心][心] ​​​
果洛山事,20171005,374595,69580,39320,初识小贞那一年冬天杭州下起了雪，天好像还蒙蒙亮我就打电话给她：“下雪了下雪了，你快出来看雪”。小贞见到我就笑：“还以为什么事呢，下个雪你也大惊小怪的。”我有些难为情，嘿嘿一笑：“这可是我第一次看见雪，福建从来没下过雪的。”后来我们在雪地里牵着手走了好久好久，漫天飞雪和小贞低头抿笑 ​​​ 全文
果洛山事,20171002,27181,58978,7568,get 终于可以不用电脑换铃声了[ok] ​​​
果洛山事,20171002,179303,53835,33895,假期快乐~ ​​​
果洛山事,20171001,0,0,0,抱歉，此微博已被作者删除。查看帮助：http://t.cn/Rfd3rQV
果洛山事,20171001,76720,31614,18274,【抑郁症没有所谓的“模样”：他们笑着也想自杀】抑郁症的人并不像大家想的那样狼狈不堪；开朗微笑的人，内心也可能正在经历巨大的痛苦、绝望、无助和煎熬。其实抑郁症并没有所谓的“模样”，希望更多人能够正确看待抑郁症，希望每个抑郁症患者都能及时得到帮助。@人人视频app 人人视频app的秒拍视频 ​​​
果洛山事,20170930,87943,48948,9693,全景小院子，第一次玩这种，有点懵，但是很好玩……以后会熟练些。一直都没有正经感谢大家对山河人间的支持，真的谢谢大家。听说能混挂件@剑网3有爱同人秀 #剑网3八周年# 全景图片 ​​​
果洛山事,20170930,29819,5721,3276,百日祭杭州淅淅沥沥下起了小雨，老天又在哭泣了…哥哥执意要做轮椅为嫂子跟孩子们做最后一场超度…我还是不能相信这样的人间惨剧为什么会发生在我至亲的哥哥身上，人死不能复生，只求佛祖保佑我哥可以渡过这一劫，涅盘重生。哥哥不能久坐被我劝回去休息了，我们还在跟法师们一起为嫂子跟孩子们诵经 ​​​ 全文
果洛山事,20170928,0,1,0,想念洞子上面跟小次品一起吃的砂锅 ​​​
果洛山事,20170928,266139,25792,28434,去年五.一，我跟柽一参加了一个夏令营，形式上跟《爸爸去哪儿》很相仿。我们去了安徽的一个偏僻山村，这里只能坐船进去，大概只有30多户人家。在那里待的五天四夜，是我一辈子都不能忘掉的，独属于我跟柽一的回忆。   刚进村子要划皮艇到湖对岸，柽一怕我累，划一划就让我休息，还跟我说：“爸爸， ​​​ 全文
FranticPink,20171007,2617,2918,87,背完这100个句子，你已经背过7000个单词 ​​​​
FranticPink,20171003,2916,1104,1033,【从纽约至上海仅需39分钟？SpaceX称将研发新型火箭】29日，在第68届国际宇航大会上，美国太空技术公司SpaceX创办人埃隆•马斯克展示了一段视频，模拟地球一小时内旅行。乘坐SpaceX的火箭，以最高27000公里的时速，可在一小时内抵达地球上任何一点。预计从纽约至上海仅需39分钟。NASA中文的秒拍视频 ​​​
FranticPink,20171002,0,0,0,我分享了京东无人货车曝光：首次上路测试 ​​​
FranticPink,20171002,3335,2051,167,「情感贴​​​​」坚持一个月，每天每组20个休息一分钟!8块等着你！[doge][doge] ​ ​​​
FranticPink,20170930,17314,14821,2160,【明天，祖国生日，一起转，#我爱你中国# ！[心]】960万平方公里的广袤土地上，每一寸你所站立的国土，就是你的祖国。她曾积贫积弱，而今却重新焕发生机，掀起“中国浪潮”。无论你在哪里，当国旗升起，当国歌奏响，这是我们每个人共同的心愿：祝福你，这片我生长的土地！祝福你，我的祖国！ ​​​
FranticPink,20170927,415,781,45,【准研究生必备：读研常用的搜索文献的网站】 ​​​
FranticPink,20170924,4701,11736,361,#开学季#【[话筒]论文必备！40个全球免费电子图书馆名单，值得收藏！】又到了一年论文开题的时候，你准备好了吗？还在为找不到文献资料发愁？别着急，送你40个免费学术资源数据库↓↓中文、外文数据库，期刊、电子书、学位论文、会议资料…你想要的统统囊括！赶紧收藏，论文季用得上！ ​​​
FranticPink,20170924,1105,1532,59,学会背完这444句，你的口语水平提升一大截！[哆啦A梦微笑] ​​​​@微博教育 ​​​
FranticPink,20170922,3903,2768,998,情侣之间打发时间的一百种方式！[心] #情感# ​​​
FranticPink,20170921,0,0,0,#带着微博去旅行#就是这么lucky！我在@带着微博去旅行 的红包中抽到了“旅行家卡-乐”！集齐四张卡抢兑0元出境游，幸运周周送，你也来试试手气吧！带着微博去旅行 的红包 ​​​
开心皇happy,20170723,11172,92760,47174,【#MIUI9# 开启内测招募，欢迎报名！】MIUI 9将在7月26日正式发布，现在开始报名，申请MIUI 9内测资格。报名方法见图中步骤。报名审核通过后，7月27日将率先拿到MIUI 9开发版内测刷机包，抢先体验最新MIUI 9。转发微博抽送 6 台小米6，颜色任你选！ ​​​
开心皇happy,20170420,0,0,0,#小米6#有奖品这件事是要拿出来和大伙说说的，要不然心里堵得慌！我参加了活动“送10台小米6！4月28日小米商城首卖”，拼人品的时候到了！ 送10台小米6！4月28日小米商城首卖 ​​​
开心皇happy,20170322,5,2,0,小米宣布建造印度第二座手机厂 小米印度分公司副总裁兼总经理詹恩（Manu Jain）昨天在印度市场发表红米4A手机时表示，由于第一座工厂已经以100%的产能在运转，仍无法满足印度市场需求，小米已决定在印度开辟第二座工厂，委托由富士康经营与生产。小米透露，第二座工厂设立后，在印度制造的比例将达到95%。小米拒 ​​​ 全文
开心皇happy,20170203,134,83,47,看到自己表情包的那一刻 ​​​
开心皇happy,20170128,微笑,3548,3893,张若昀丽江被打，琳哒是我写遗书，诸多网友在丽江都有类似经历，建议大家能转发就别点赞[微笑] ​谢谢 ​​​
开心皇happy,20170108,0,0,0,我在东风日产2016#微博之夜#活动中，为#里约奥运#的丁宁投出了重要一票，小伙伴们谁才是你的真爱？别害羞，喜欢就要大胆喊出来！猛戳2016#微博之夜#投票，还能赢取红包和大奖哦！ ​​​
开心皇happy,20161107,0,0,0,我参与了@央视体育 发起的投票 【#体坛明星人气榜#投票活动】，我投给了“丁宁”这个选项。你也快来表态吧~#体坛明星人气榜#投票活动 ​​​
开心皇happy,20160903,1,0,0,#武汉理工我来啦#我来第四年了，看见小鲜肉觉得自己老了[泪] ​​​
开心皇happy,20160822,4942,11095,991,这位大爷，他叫王德顺。44岁学英语，49岁北漂研究哑剧，50岁开始健身，57岁创造“活雕塑”，65岁学骑马，70岁练成腹肌，78岁骑摩托，79岁上T台。2015年3月25日的时装周上他的走秀引爆全场，他征服了很多人。有人是80岁的长青藤，有人是18岁的朽木，生活态度决定人生，一切都还来得及，只要你有态度！有 ​​​ 全文
开心皇happy,20160612,833,467,797,1.魅族坚持不用高通芯片。2.小米坚持不用Super Amoled屏。3.乐视坚持窒息ID无边框设计。4.华为坚持不美化EMUI。5.苹果坚持不添加快充6.OPPO坚持不增加配置欢迎补充...... ​​​
喝露水的QAQ,20171006,3,0,11,对不起 没能生的漂亮 让您喜欢 ​​​
喝露水的QAQ,20171006,2,0,5,呜呜呜呜呜呜这也太帅了吧@费启鸣 ​​​
喝露水的QAQ,20171021,1,0,2,被偷拍的一张承包晚上的笑点哈哈哈哈哈哈 ​​​
喝露水的QAQ,20171021,392,4708,303,转发这条微博 等你喜欢的人跟你在一起了就删掉这条微博 ​​​
喝露水的QAQ,20171020,29,0,32,大学第一次和室友粗来玩敲开心٩̋(ˊ•͈ ꇴ •͈ˋ)و ​​​
喝露水的QAQ,20171020,6,0,7,香水褪去后的毛绒娃娃 是炸鸡味儿的 武汉·武汉理工大学升升学生公寓 ​​​
喝露水的QAQ,20171018,14,0,21,大佬一手提拔要上铂金了鸡冻大舅子真的好帅好帅俩flag在今天同时倒了还是要坚强的把他们扶起来 武汉·珞南街区 ​​​
喝露水的QAQ,20171017,4035,2920,1174,我想给你们说个故事。前几天看Signal，其中有一个案件特别触动我，看完难受了很久。这是一桩连环杀人案件，杀手是一个便利店的小哥，长得眉清目秀，说话声音软软的。他专挑来店里买东西的，看起来很忧郁的年轻女性下手。把她们绑架以后用黑色塑料袋盖住头，然后扼死。然后故事闪回，便利店小哥还 ​​​ 全文
喝露水的QAQ,20171016,5,0,6,嗯 武汉·珞南街区 ​​​
喝露水的QAQ,20171016,30378,194390,63423,[摊手][摊手]你们来评评理，哪有这样的男炮！居然说：没有100w粉丝就不跟我求婚？？[挖鼻][拜拜]呐，今天我决定把这个男炮@小兔兔不睡觉 和我娘给的400000嫁妆都送出去，一个不留！[互粉]条件就是：转发+关注我和男炮@小兔兔不睡觉 ★11月11日抽【奔驰smart汽车】简直丧心病狂你以为只有车吗 ​​​ 全文
喝露水的QAQ,20171016,106341,693853,192257,抽5台iPhone X！！！对的，五人每人一台！！再抽10台 kindle paperwhite！！！再再再抽 六万多现金！！！六万多抽总共六百多人！！9月28日开始抽，10月16日抽最大的，具体时间安排戳图~~~关注+转发我即可，@微博抽奖平台 监督评论和赞看我心情随机发小惊喜。 ​​​​
OnlyInMinda,20171021,0,0,1,年纪大了，总要想开一些事的[允悲][允悲][允悲] ​​​
OnlyInMinda,20170820,2,0,1,从来不觉得蠢是件值得被原谅的事，情商低的人换句话说就是自私到可以出卖智商 ​​​
OnlyInMinda,20170820,2,0,12,有个喜欢开着空调在房间里煮螺蛳粉的室友，简直跟生活在厕所管道里，分分钟想提刀砍人🙃 ​​​
OnlyInMinda,20170813,0,0,3,这个世界上真是有太多没智商没情商自我感觉良好的智障🙃🙃🙃🙃 ​​​
OnlyInMinda,20170609,8,0,2,四年，凑齐九宫格，还是有一丢丢感慨的 ​​​
OnlyInMinda,20170524,3,0,0,嗯 ​​​
OnlyInMinda,20170408,6,0,6,[太阳] ​​​
OnlyInMinda,20170330,715,224,55,【鄂霍次克的风】豆友树小喵的相册。→http://t.cn/R6C6w4X ​​​
OnlyInMinda,20170128,1,0,1,这要我怎么接[斜眼][斜眼] ​​​
OnlyInMinda,20170107,1,0,3,随手拍出大片的感觉，回家好多天终于晴天了[飞吻][飞吻]好久没见过这么干净的天了 钟祥市 ​​​
可疑的323,20171015,24,397,17,《无痛的增强学习入门：基本概念篇》by 冯超  via:@InfoQ http://t.cn/R9vJqKD ​​​
可疑的323,20171014,19,123,2,via：@proud_programmers  现状 ​​​
可疑的323,20171014,16,34,1,“NIPS Paper Implementation Challenge” http://t.cn/RO0EFjg ​​​
可疑的323,20171013,15,47,7,【Google Trends开源数据集集锦】’An index of all open-source data' by Google Trends GitHub: https ://github .com/GoogleTrends/data ​​​
可疑的323,20171012,385,189,0,沉痛哀悼沈祖炎院士[蜡烛][蜡烛]中国工程院院士、同济大学原副校长、著名土木工程专家沈祖炎教授因病医治无效，于2017年10月11日21 时06分在上海中山医院逝世，享年82岁。先生为人为师为学之精神品格、其一生创下的卓越功绩，将永远铭记在人们心中，激励一代代后学奋发有为！ 上海·同济大学 ​​​
可疑的323,20171011,228,276,52,开始担心IT尤其是AI领域的年轻人（包括号称做科研的）现在只关心学一些工具，不关心学研究方法了。现在还有多少研究生在认真从系统完整的书籍中去学习思考问题的方法？而只是寄希望从几篇近期发表的论文或发布的工具中获得全部所需？那样的人最多会成为IT行业的“蓝领工人”。 ​​​
可疑的323,20171008,410,244,46,小埋版.DVA[笑cry]毫无违和感（youtube:Glayer 视角姬的秒拍视频 ​​​
可疑的323,20171005,54,1312,211,#转发赠书# 携手 @东南大学出版社 送出5本《Scikit-Learn与TensorFlow机器学习实用指南(Hands-On Machine Learning with Scikit-Learn & TensorFlow 影印版)》 by Aurélien Géron  截止2017.10.06 12:00，转发即可参与 介绍利用神经网络解决问题的相关理论与实践，涵盖构建高效应用涉及的关键点以及理 ​​​ 全文
可疑的323,20171005,53,250,17,向大家介绍UCLA一篇有趣的文章：通过将传统CNN改造为可解释性CNN（Interpretable CNN），深层的卷积核便可对应到图像中的物体部件（object parts），为进一步理解CNN提供了一种有意思的新方式。文章链接戳：http://t.cn/ROvrp61 ​​​
可疑的323,20171004,14766,51031,7444,#撒贝宁#引起强烈不适[二哈][二哈][二哈] ​​​
武汉理工大学新闻经纬,20161212,2,1,0,"好久不见！这次重返微博新闻妞要向大家推荐小新——新闻经纬的官方QQ号。小新全名新闻经纬，主要负责接收大家的投诉，及时向大家推送新闻经纬的优秀稿件并发布重要通知速递。欢迎大家添加小新为好友,与小新分享发生在身边的事。小新也愿意聆听大家的每一句话，新闻经纬一直你身边。 ​​​"
武汉理工大学新闻经纬,20160626,14,4,11,【关于@武汉理工大学新闻经纬 微博停止运营的公告】武汉理工大学新闻经纬微博陪伴大家走过了四年的旅途，新闻妞一直在做实时转达校内动态的事情，由于团队新媒体工作调整，武汉理工大学新闻经纬微博将停止运营，新闻经纬上的新闻动态将于@武汉理工大学 官微上发布，新闻妞十分感谢大家一直以来的陪伴 ​​​ 全文
武汉理工大学新闻经纬,20160606,4,4,2,我爱学习，学习爱我，我们俩一生一起走。大家期末考加油！ ​​​
武汉理工大学新闻经纬,20160601,3,0,0,#新闻经纬##校园生活#【图】魔术进校园  魔协展风采(分享自@武汉理工大学新闻经纬)5月28日晚，魔术进校园武汉理工大学站暨I wonder魔术协会晚会于西院工会举行。此次晚会聚集了武汉各高校的顶尖魔术表演者，富有才艺的他们尽情地在舞台上释放魔力、展现奇迹。http://t.cn/R54XlwZ ​​​
武汉理工大学新闻经纬,20160601,4,0,0,#新闻经纬##校园生活#【图】别”菁华化苑” 忆点滴时光 (分享自@武汉理工大学新闻经纬）是热闹的狂欢，也是不舍的离别。新闻妞祝各位毕业生的明天更加美好！http://t.cn/R54V2BV ​​​
武汉理工大学新闻经纬,20160601,2,3,0,#新闻经纬##校园生活#【图】小邮票展出理工大青春  - 武汉理工大学新闻经纬 http://t.cn/R542R3A（分享自@武汉理工大学新闻经纬）小小邮票魅力大，方寸之间乐趣多。新闻妞从这次集邮展中学到不少东西呢！ ​​​
武汉理工大学新闻经纬,20160601,1,9,8,#经纬简讯#【城会玩】系列又出新招。今日狂风暴雨，电闪雷鸣，为了方便同学学习和生活，升升食堂是想出了妙招，一排椅子摆出来，这简直有走红地毯的节奏啊。当然大雨带来的不只是城会玩，还有诸多不便，书城路水过脚踝，有图有真相。另:qq小朋友:“我去，这水好臭！”[打脸]还有什么新鲜事~来和新闻妞 ​​​ 全文
武汉理工大学新闻经纬,20160531,15,14,37,#新闻经纬# 欢迎乘坐“图书馆520”号飞船[爱你]（摄影：郭德森 郭仰威 朱嘉琪）@武汉理工大学新闻经纬 ​​​
武汉理工大学新闻经纬,20160531,5,2,0,国旗人虽然走了，国旗心永远跳动。新闻妞不会忘记你们在博广上的飒爽英姿。@武汉理工大学国旗仪仗队 光与盐 ​​​
武汉理工大学新闻经纬,20160530,8,0,0,怎么总有人拆台！ ​​​
cogitopjq,20171011,872,11546,2951,答应你们的，别说话，吻我转发关注抽送二套#LAMY天猫双十一# LAMY凌美中国区官方微博的秒拍视频 ​​​
cogitopjq,20170914,19830,134783,35614,就转+关注我，送一台iPhone8和一台iPhone X分别给两位幸运的人，话不多说，出货那天开。（假如我没抢到就直接折现，你们自己买去吧） ​​​
cogitopjq,20170913,68294,488982,163931,不管了，我先送一部给大家吧，详情看图！ ​​​​
cogitopjq,20170908,1676,1261,249,推主_tabane在被电脑折磨后做出了蓝屏扇子和错误框风铃，感觉自己的内心一下子就变凉了呢[允悲] ​​​
cogitopjq,20170907,0,0,0,emmmmmmmmmmmmmm ​​​
cogitopjq,20170830,4,0,0,与原生家庭的斗争中没有赢家 ​​​
cogitopjq,20170802,22404,3063,9611,【慎点大图】岛国网友在静波海岸附近发现了一具被冲上岸的神秘干尸，现在推上都在讨论这到底是个啥...怀疑是哈利波特片场[允悲] ​​​
cogitopjq,20170802,6175,8156,2608,？？？？？？[费解] ​​​
cogitopjq,20170711,0,0,0,肝？不存在的，已经不存在了 ​​​
cogitopjq,20170705,313,1429,127,要不是有朋友私信官博这事还真是想不到，@上古情歌官微 ，你们这个地图显然是拿中洲地图P的吧！看到私信气得我都笑了，维基编辑群已炸……抄袭这个词用上都仿佛太对得起贵剧组的努力了，黑森林中间三个字涂掉了都不知道补上树的？ @HarperCollins @世纪文景 【中洲 http://t.cn/Rocv4Fe】 ​​​
Token团队,20170816,143,243,57,美丽的武汉理工大学南湖校区 全景图片 ​​​
Token团队,20170618,0,0,0,抱歉，由于作者设置，你暂时没有这条微博的查看权限哦。查看帮助：http://t.cn/RfdBJrG ​​​
Token团队,20170613,27,6,11,管理学院 “13有你，一生有你” 2017届毕业生文艺晚会。”多少人曾在你生命中来了又还，可知一生有你我都陪在你身边。”愿此去繁花似锦，再相逢依然如故[心] ​​​
Token团队,20170526,8,1,5,#小微在线# [话筒][话筒]5月21日下午4:30考完研究生英语期末考后在新1-105，或者从新1-105去图书馆的途中，有同学遗失一本研究生学生证，学生证里面夹着一张身份证，由于失主近期有身份证急用，若有同学拾到请联系电话13627228497 （洪同学）。[鲜花] ​​​
Token团队,20170526,4,5,3,在微信公众号席卷当下的时代，能触摸到一本实体杂志真的很感动。大概华师缺少这么一波有情怀的人吧。给武理的《吾理》杂志点赞@Token团队 顺便问一下，你们的杂志从哪里可以买到？以及你们要人不？[doge]——来自华大桂声的盆友 ​​​
Token团队,20170524,7,0,3,#小纬说#  又见AlphaGo? 柯洁不再是当年的柯洁，阿尔法狗也不再是当年的阿尔法狗。人机大战，阿尔法狗的彪悍，是人脑不如计算机？还是人类智慧的伟大？这一场战役，你怎么看？ ​​​
Token团队,20170523,7,1,2,#小纬提示# 三天小假期又双叒叕来啦，小纬不会破坏气氛的告诉你们期末考要来了[二哈]除了图书馆、自习教室，你们约total聚、出版城、奶茶店、省图书馆吗？想做网吧里的一股清流也是可以的[挖鼻] ​​​
Token团队,20170521,17,8,0,#校园新鲜事# 2016.05.20—2017.05.20遇见经典，邂逅国乐——民乐团快闪活动庆贺武汉理工大学南湖图书馆一岁生日！[心]反正小纬今天没人要表白，就表白wuli图书馆啦[喵喵] 秒拍视频 ​​​
Token团队,20170515,17,3,2,非一般的实验之#掌上理工大care+# 功能测评（楼主这么可爱，不来Token喝一杯吗？[挤眼]）原帖传送门：http://t.cn/RaW8YjN ​​​
Token团队,20170514,10,3,3,#小纬提示# 国内部分高校出现师生电脑被病毒攻击事件，攻击者利用Windows系统默认开放的445端口在高校校园网内进行传播，不需要用户进行任何操作即可感染。同学们请注意防范[思考]升级安装补丁网址：http://t.cn/RaSv6qq ​​​
半罐汽水i,20171018,1,0,0,当真以为设计和时间是一毛钱的价格......这个叫画画，远远称不上设计！！！ ​​​
半罐汽水i,20171009,4,0,2,我就觉得本科应该2-3年研究生应该4-5年匆匆忙忙俩年，太浮躁了，可不能沉下心做点事情 ​​​
半罐汽水i,20171007,0,1,0,你喜欢什么时候思考，答，此时 ​​​
半罐汽水i,20171004,1,0,0,♬《逃亡》♬逃亡 ​​​
半罐汽水i,20171002,3,0,2,今年国庆放8天，加上之前请假三天，其实是11天[跪了][跪了][跪了]11天呐，我才知道[跪了][跪了][跪了] ​​​
半罐汽水i,20170928,1,1,0,新婚快乐 堂哥 GoGO ​​​
半罐汽水i,20170927,17095,9154,1014,《银魂》里有一句台词说：“等你们长大成人了就会明白，人生还有眼泪也冲刷不干净的巨大悲伤，还有难忘的痛苦让你们即使想哭也不能流泪，所以真正坚强的人，都是越想哭反而笑得越大声，怀揣着痛苦和悲伤，即使如此也要带上它们笑着前行。” ​​​
半罐汽水i,20170926,2,0,2,我: 阿姨，一碗胡辣汤，一个鸡蛋，一根烤肠阿姨: 给，这是你的油条我: 我是烤肠不是油条阿姨: 这是你的烤肠，鸡蛋我: 我的胡辣汤呢？阿姨: 马上来………阿姨: 你的花生露来了……… ​​​
半罐汽水i,20170921,1,0,0,[脸红][脸红][脸红]一言难尽 ​​​
半罐汽水i,20170918,2,0,0,分享图片 ​​​
武理工土木zy1401团支部,20170909,203,2262,717,【答题赢咪咕Kindle】你现在的气质里藏着你坚持过的痕迹。#有些坚持，不为人知#能猜出以下9本书的也是坚持阅读的“老江湖”了[并不简单]带话题转评参与答题，9月15日抽出1位获得Kindle×咪咕阅读器1台，随机抽取5人各获得200元书券1张[二哈] ​​​
武理工土木zy1401团支部,20170330,13,5,0,#青年好声音# 【《平凡的世界》获茅盾文学奖】1991年3月29日，著名作家路遥的《平凡的世界》获得第3届茅盾文学奖。这是一部全景式地表现中国当代城乡社会生活的长篇小说。这部作品被誉为“茅盾文学奖皇冠上的明珠”。“即使没有月亮，心中也是一片皎洁。” ​​​
武理工土木zy1401团支部,20170330,56,8,5,#理工身边事# 有这么一群人，从盛夏到严冬，他们每天凌晨都用“平凡”的工作守候着校园的第一缕阳光。[心]向平凡而伟大的“后勤人”致敬！ ​​​
武理工土木zy1401团支部,20170330,19,10,10,#别人家的大学#【这个学校的男生宿舍火了！这一汪清流女同学都喊着要嫁[羞嗒嗒]】日前，中国人民公安大学的男生寝室照火了，和大家固有印象里的男生寝室不同，公大的男生寝室照干净整洁，简直就是一股清流。有图有真相↓↓↓同学，敢晒晒你的小屋吗？#公大男生寝室# ​ （中国青年报） ​ ​​​
武理工土木zy1401团支部,20170330,3746,1912,769,【纪念梵高】他流浪过、割过耳，作品一度不被世人接受，却始终“在绘画中与自己苦斗”；他去世时年仅37岁，留下《星夜》、《向日葵》《有乌鸦的麦田》等名作；他说：不少画家害怕空白画布，但空白画布也害怕敢冒风险的、真正热情的画家。1853年的今天，荷兰后印象派画家梵高出生。你最爱他的哪幅作品？ ​​​
武理工土木zy1401团支部,20170330,199,297,10,#团助学习#【四六级写作必备80个高频短语，转发学起来！[威武]】英语四六级、考研英语写作中的有一些短语经常会用到，如果能牢牢记住，作文一定会增色不少。那个比你成绩差的人都在努力，你还有什么理由不努力呢？加油！ ​​​
武理工土木zy1401团支部,20170330,1454,302,295,【Live 现场】华晨宇2014火星演唱会翻唱孙燕姿的《天黑黑》，静静聆听。http://t.cn/RMXPgak ​​​
武理工土木zy1401团支部,20170330,454,527,32,教你画一堆圆滚滚十二生肖小动物，马了画起来[哆啦A梦花心] ​​​
武理工土木zy1401团支部,20170330,559,1199,158,#涨姿势#【实用游泳教程，不会游泳的看过来！】近日，清华大学规定，游泳将与本科生毕业绑定，通过者才能获得毕业证。你会游泳吗？其实，游泳是项非常健康的运动，既能增强心肺功能，又能锻炼全身肌肉。一套极简游泳教程，蛙泳、仰泳、自由泳、蝶泳四种泳姿全覆盖↓↓转给想学游泳的TA！（人民日报） ​​​
武理工土木zy1401团支部,20170330,372,268,963,【韩方向中国发公函：请让乐天玛特恢复营业 利于中韩关系】韩国《中央日报》3月30日报道称，经确认，韩国驻华大使金章洙已向中国发送了请求让乐天玛特恢复营业的公函。韩媒援引所谓的北京外交消息灵通人士3月29日表示，“金章洙大使前一天下午向中国外交部、商务部和公安部发送了公函，公函内容为‘乐 ​​​ 全文
阿里影业广州站,20151215,515,6858,454,@派拉蒙电影《星际迷航》系列50周年钜献，《#星际迷航3#：超越星辰》首款中文预告正式发布！舰长、史波克等角色悉数回归，企业号疑遭重创转战新星球！影片由林诣彬执导，J·J·艾布拉姆斯监制，克里斯·派恩、扎克瑞·昆图、@SimonPeggCN 等主演，16年7月22日北美上映，内地有望引进！《星际迷航3》首曝预告 企业号遭重创或转战新星球 ​​​
阿里影业广州站,20151130,5,3,1,小门神★★★☆，追光动画《小门神》， 独出心裁妙横生； 团队制作巧亦精， 寓教于乐重传承。 与时俱进变革路， 凤凰涅槃再重生。 人间自有真情在， 影片大卖新年中！ ​​​
阿里影业广州站,20151127,15,12,6,#小门神众神危机# 小门神个人介绍之郁垒，一个不甘下岗与命运做抗争的斗士！#电影小门神# ​​​
阿里影业广州站,20151125,25,43,43,【路演播报[礼物]】#小门神私访记# 11月28日，天津、合肥、大连、东莞、呼和浩特五城路演同时开启！ #电影小门神# 粉丝征集令，戳图见规则[来][来]（具体路演时间场次，后续公布哦） ​​​
阿里影业广州站,20151124,18,4,7,#小门神私访记# 每次神荼、郁垒下凡都有好玩的事情发生，可是这一次竟然在引以为傲的颜值上受到了创伤[doge]#电影小门神# ​​​
阿里影业广州站,20151124,25,43,43,【路演播报[礼物]】#小门神私访记# 11月28日，天津、合肥、大连、东莞、呼和浩特五城路演同时开启！ #电影小门神# 粉丝征集令，戳图见规则[来][来]（具体路演时间场次，后续公布哦） ​​​
阿里影业广州站,20151124,23,10,10,#小门神# 周六幸运的参加了《小门神》的观影活动，能够在影片公映前享受到提前观影的待遇还是我们母女俩的第一次哈[好爱哦]影片开头就给人耳目一新的感觉，当时就听到周围各种[强]动画片给孩子们和我们大家普及了最最传统的东西，正所谓“不忘初心，芳得始终”！[给力][给力] 绍兴·鲁迅故里 ​​​
阿里影业广州站,20151123,24,11,9,#电影小门神# 听说，下雪天和火锅更配哦~小夜游，慢点好不好，台长真的不会和你们抢[嘻嘻] ​​​
阿里影业广州站,20151123,35,1060,112,@淘宝电影 联手新浪@微博电影 共同发布11月人气排行榜！！快来看看你剁手买过的那些预售票，经过大数据加持的战果！另外，不要再问官博娘为什么预售票不卖11.11元了[doge]#淘宝电影双11##双11电影节# ​​​
阿里影业广州站,20151123,0,0,0,抱歉，此微博已被作者删除。查看帮助：http://t.cn/Rfd3rQV
鱼叉斯基,20171018,51,7,1,【ins原宿风高腰显瘦毛呢阔版短裤】  我真的对这个短裤有太多的赞美 不知道从何说起了，首先来说下它的面料 呢料的选了高档呢料 不起球不变形哦，面料柔软 下面是机器切边设计 不用担心他会脱线的~  重点来了 重点来了哈哈哈，显瘦 显瘦 真心显瘦，可以搭配任何的毛衣卫衣 不挑人不挑身材 任何人都 ​​​ 全文
鱼叉斯基,20171015,0,0,0,该微博因被多人举报，根据《微博社区管理规定》，该微博无法被查看。
鱼叉斯基,20171013,4024,1196,692,#视野# 福原爱于今日上午顺利产下2995克的健康女宝宝！恭喜恭喜！[鼓掌][鼓掌]分享一段爱酱的童年珍贵影像！那时候，她还不是东北话十级的爱酱，镜头前的她超顽皮，被妈妈管束那段笑死啦！如今自己也贵为人妻、人母，感动！女儿一定跟她一样可爱！[心]@人人视频 人人视频app的秒拍视频 ​​​
鱼叉斯基,20170930,44,10,5,这妹子好可爱呀[爱你][爱你]#谜之微笑##冷笑话段子精选大全# 超污的视频的微博视频 ​​​
鱼叉斯基,20170930,316,86,76,这配音亮了。。。。。。。。。。。😙#搞笑合集##谜之微笑##搞笑湿哥# 奇贱君的秒拍视频 ​​​
鱼叉斯基,20170930,722,213,117,让我再尝一口秋天的酒……#谜之微笑##搞笑视频# 笑部长的秒拍视频 ​​​
鱼叉斯基,20170930,1470,325,203,心目中的女神就是这样的[爱你][爱你]#谜之微笑##冷笑话段子精选大全# 好看视频汇的秒拍视频 ​​​
鱼叉斯基,20170930,722,293,321,我怎么隐隐约约好像听到了 卖酱油那位大叔的声音了？？？#搞笑合集##谜之微笑##搞笑湿哥##幽默搞笑视频# 奇贱君的秒拍视频 ​​​
鱼叉斯基,20170930,7655,4621,2057,小时候的你哈哈哈哈哈哈[允悲]#谜之微笑# #微博搞笑排行榜# #搞笑红人周# 全都是搞笑的秒拍视频 ​​​
鱼叉斯基,20170916,842,365,233,半个屁股蛋子是认真的吗！[允悲]#谜之微笑# 全球猎奇视频的微博视频 ​​​
Tonio-Lyu,20171020,0,0,0,汪青，看着别扭，发现问题没有？[嘻嘻]@汪泽其 @华宝信托官方微博 ​​​
Tonio-Lyu,20170920,0,0,0,我免费围观了 @鲍迪克 的回答，问题价值 94.50 元，快来一起免费围观~ 微博问答:鲍老师，锂电池板块您是如何看的？其中的天齐锂业和雅化集团能否点评一下。另外，互联网彩票解禁的事鲍老师了解多少，可否说明一下？ ​​​
Tonio-Lyu,20170906,0,0,2,@阿里影业 @电影三生三世十里桃花电影  两美图，给 ​​​
Tonio-Lyu,20170805,0,0,0,今天我升级为VIP2了 ​​​
Tonio-Lyu,20170605,0,0,0,我分享了 @白衣山猫 的头条文章 http://t.cn/RSKaezx ​​​
Tonio-Lyu,20170530,0,0,0,我免费围观了 @科罗廖夫 的回答，问题价值 2.00 元，快来一起免费围观~ 微博问答:为什么北约要给世界主要国家的武器，单独设定代号？ ​​​
Tonio-Lyu,20170530,0,0,0,我围观了@白衣山猫 的回答，该问题价值138.00元，围观仅1元，快来一起围观~ http://t.cn/RSbRJrH ​​​
Tonio-Lyu,20170524,0,0,0,我围观了@营养医师王兴国 的回答，该问题价值40.00元，围观仅1元，快来一起围观~ 微博问答:王医生。这种肚子还有救吗？？有没有什么建议？？ ​​​
Tonio-Lyu,20170522,0,0,0,我围观了@汪泽其 的回答，该问题价值500.00元，围观仅1元，快来一起围观~ 微博问答:汪总您好，过年时您推荐过陶瓷新材料的板块让我收益不菲，现在股市行情不好除了指数类定投外，唯一的仓位就是2681了，想请问一下您今年奋达的股价是否还有投资机会？企业本 ​​​
Tonio-Lyu,20170521,0,0,0,我围观了@科罗廖夫 的回答，该问题价值333.00元，围观仅1元，快来一起围观~ 微博问答:科大，都说我们在两伊战争期间，一边向两边提供军火赚钱，一边又在两边战场上“捡破烂”，真实的情况是什么？我们主要提供了哪些军火？赚了多少钱？又得到了多少有用的技术？ ​​​
CostasLoop,20170908,20,21,12,食堂开发新菜中，敬请期待[可爱] 北京·人民大学北区食堂 ​​​
CostasLoop,20170903,36082,13735,23007,#地震快讯#中国地震台网正式测定：09月03日11时30分在朝鲜(疑爆)（北纬41.35度，东经129.11度）发生6.3级地震，震源深度0千米。（ @震长 @人民日报 @央视新闻 ） ​​​
CostasLoop,20170820,12344,11976,5606,笑疯。想去人大上学[哈哈] ​​​
CostasLoop,20170817,5235,3186,2807,【安倍内阁收到数万封神秘中文邮件 众议院决定彻查到底】8月15日，日本朝日电视台播报了一则扑朔迷离的新闻，许多日本内阁成员和众议院议员都收到了一封内容仅为一行字的中文神秘邮件，连野田总务大臣的事务所里也收到了删都删不完的中文邮件，而且仅在一天之内，邮件数量竟超过了5万封。这一事件惊动 ​​​ 全文
CostasLoop,20170811,15082,2998,6345,昨晚在家吃螺蛳粉，我妈？？？？？ ​​​
CostasLoop,20170809,4,0,1,灵魂画手！[二哈] ​​​
CostasLoop,20170726,3,0,4,失眠的人真是可怜啊，饿的从床上跳下来，转了一圈什么吃的都没有。回头发现桌上中午剩的珍珠奶茶，里面还有几粒珍珠，赶紧吃了充饥 [允悲][允悲][允悲] ​​​
CostasLoop,20170716,4,1,7,Token北京小分队来飙车了！@Token团队 北京·蟹岛 ​​​
CostasLoop,20170711,3,0,6,买了个垃圾桶，送过来发现是超大号的，感受一下 [允悲][允悲][允悲] ​​​
CostasLoop,20170618,7,0,17,不学无术不务正业系列之【芒果冰粉】，有生之年终于调对了冰粉和水的比例！怎么办做成这样已经不忍心吃了！而且感觉折腾完之后，已经对冰粉失去兴趣了[喵喵][喵喵]剩下的冰粉拿到品知上卖了好了[喵喵][喵喵] ​​​
李海仙_,20171001,22015,66157,9437,[祈祷]十月，关注转发这对阴阳锦鲤大王…… ​​​
李海仙_,20170917,4,0,0,这的蚊子战斗力真强，脚上都快没它下口的地方了[二哈] ​​​
李海仙_,20170904,3,0,6,到武汉了，却只是路过 ​​​
李海仙_,20170901,43,98,102,宝宝们陆续开学啦，都在问我啥时候做活 动[偷笑]听好啦～开学季的活 动在31号晚8点开始 ，持续3天[嘻嘻]期间还会有支付宝口令红 包发哦[笑而不语]同时上[爱心]日版苏菲娜妆前隔离控油版和芙丽芳丝滋润型水乳，有配套或者同品牌的小样送[兔子][兔子][兔子] ​​​
李海仙_,20170806,1148,939,763,"抽奖来啦！ 转发并@3个好友就来参加吧🤠之前在ins上送了兩张gd演唱会票，这次微博感谢@AeJa的草坪 提供5份热门得不要不要的单品- 奖品有哪些请看评论哦！OhEmma的秒拍视频 (Recorded with #Flash Show#,You can watch offline videos~) ​​​"
李海仙_,20170725,5607,28024,13703,关注【晚红组合】微博，转发本条微博并且@ 三个互相关注的好友（一定要互相关注的，不然不计入抽奖范畴）；8月7日中午12:00开奖（由于数量较多，所以开奖时间会较长，请耐心等待）；由@微博抽奖平台 抽取总共9个品牌103件正装产品（排名不分先后）：【植村秀/ Shu Uemura：琥珀臻萃/净透焕颜/绿茶新 ​​​ 全文
李海仙_,20170719,33197,4748,5887,最近，#我的前半生# 电视剧大热，#罗子君#的妈妈承包了全剧的笑点，被网友封为新晋女神[哈哈] 烈焰红唇、泡面卷、大嗓门…#薛甄珠#女士真是人群中最闪亮的星！宇宙最强丈母娘，你们被圈粉了没？[偷笑] ​​​
李海仙_,20170716,144,195,186,周五嘛，就要高兴点，所以这是一条会让你高兴点的微博[笑而不语]福利福利贴，具体看[下]一周后抽@微博抽奖平台 ​​​
李海仙_,20170711,19585,12873,2779,网上可以买到哪些令人惊艳的耳饰？ ​​​​
李海仙_,20170710,72,40,10,【惊艳！川大女生为成都写歌，这才是成都的freestyle~】川大研究生巨佳雯，一手包办词曲创作，一曲“表白”成都的舞曲——《享和成都在一起》，为成都送上了最特别的礼物。[心]写的、唱的、跳的，尽是爱成都的点滴。满屏都是一个现代、时尚又接地气的成都，这才是成都的freestyle~[鼓掌] ​​​ 全文
李鑫宇学习去了,20171020,17,43,7,流量洪峰下的服务重启 ​​​
李鑫宇学习去了,20171020,23251,6705,8622,如果你有了自己的猪猪[猪头]，你会给它取什么名字？ ​​​
李鑫宇学习去了,20171018,52393,12872,982,#直播十九大#习近平说，坚持房子是用来住的、不是用来炒的定位，加快建立多主体供给、多渠道保障、租购并举的住房制度，让全体人民住有所居。#十九大全民观察团# ​​​
李鑫宇学习去了,20171017,1933,7764,608,你的日常。[doge] ​​​​
李鑫宇学习去了,20171015,31416,25038,8625,小哥强势模仿：在国外上学时，外国同学怎么都念不对自己的中文名，才明白什么叫依萍听了想跳河[拜拜] 北美小桥段的秒拍视频 ​​​
李鑫宇学习去了,20171013,136,364,51,@寒冬winter 你们连失足少女也不放过啊....[吃瓜] ​​​
李鑫宇学习去了,20171013,10384,11649,2144,生日时想收到这样一个生日蛋糕。[小黄人高兴] ​​​
李鑫宇学习去了,20171013,19315,16634,2081,做了个这个东西出来[二哈] ​​​
李鑫宇学习去了,20171010,0,0,0,抱歉，此微博已被作者删除。查看帮助：http://t.cn/Rfd3rQV
李鑫宇学习去了,20171010,44,116,46,某些东西连不上的同学，试着把数字改小一些，比如小于等于 443。不要问我为什么，毕竟写策略的人会觉得简单粗暴。评论里不要出现关键字，出现就拉黑。[生病] ​​​
hyacz,20160820,0,0,0,抱歉，由于作者设置，你暂时没有这条微博的查看权限哦。查看帮助：http://t.cn/RfdBWwP ​​​
hyacz,20160820,0,0,0,抱歉，由于作者设置，你暂时没有这条微博的查看权限哦。查看帮助：http://t.cn/RfdBWwP ​​​
hyacz,20160811,733,914,9,《狼与香辛料》系列新作《狼与羊皮纸》封面和人设图公开，赫萝和罗伦斯的女儿缪莉的新物语，在罗伦斯经营旅馆工作的青年柯尔为实现圣职者梦想而决定旅行，有着和赫萝一样狼的耳朵和尾巴的缪莉竟偷偷藏进了柯尔的行李中，一场改变世界的新旅程从此展开... ​​​
hyacz,20160420,3,0,2,【鉴四众师生被锁】视频是今天十点多拍的，平常我十点多回去总要等大爷开门，有时候大爷查楼晚了我还回不了宿舍。为什么鉴四侧门和鉴主一样有电子的门禁不用呢？自己在门里面按一下就能出去了不好么？@雷五明 @武汉理工大学经纬论坛 秒拍视频 . ​​​
hyacz,20160402,1,1,0,[眼泪]哇，受宠若惊，被彭老师回粉了@搜不到微博 。 ​​​
hyacz,20160402,7,3,6,分享图片 ​​​
hyacz,20160315,12,17,3,#【Token春季招新】大梦想/小计划# WHUT唯一的互联网团队Token团队开始招新啦！我们有各种天马行空的想法，就差一个你来和我们一起实现[心] 经纬网、掌上理工大等产品都可以是你施展才华的平台，技术、内容、人力、运营…七大部门，总有适合你的天地。我有酒，你有想法吗？线上报名http://t.cn/RwesjAe ​​​
hyacz,20160208,668,1231,157,支仓冻砂10周年企划——《狼与香辛料》续篇决定！4月9号于《电击文库MAGAZINE》开始连载！ ​​​
hyacz,20160127,216,359,121,还记得我半年前说过什么话来着？？？腾讯游戏平台，中国人自己的STEAM！！ ​​​
hyacz,20160114,12,2,2,[Steam 疯狂周三] Jotun -42%   价格：¥ 28 （美区参考$8.99） Metascore：79； 上市日期：2015-09-29 http://t.cn/R4OAHnd 来自 [:|] ​​​
季槿phie,20171021,1,0,2,这个点和傻忆吃了两盒薯片[微笑]培训一整天面试一晚上选择了用这样的方式灭亡[喵喵]30页的paper没看14页的案例没看经济学的ppt没看，明天要听一整天的组会[摊手]我的下一周注定又是一个人间惨剧 ​​​
季槿phie,20171020,11,0,1,做许多事都建立在长辈 过来人觉得好不好的见解基础之上，看清了内心又被外界发生的事动摇，曾说羡慕从一而终方向清晰的人，大抵是因为自己从不够对自己的很多见解有足够的底气 但是仔细想又觉得总顺遂他人的意愿与建议，却忽略取悦自己，这本身就是一件非常拧巴的事情啊。 Try to enjoy everything yo ​​​ 全文
季槿phie,20171019,70541,47206,21400,虎扑上有位网友的母亲去世了，丧葬期间他没流过几次泪，心里头也没有太悲伤的情绪。他很困惑，是不是自己骨子头是个冷血的人。于是他上论坛发了帖子说这个事。帖子里，有人安慰道：“至亲离去的那一瞬间通常不会使人感到悲伤，而真正会让你感到悲痛的是打开冰箱的那半盒牛奶、那窗台上随风微曳的 ​​​ 全文
季槿phie,20171019,1,0,3,直击灵魂的拷问[喵喵]我真的纠结易动摇体质改不了了[泪][泪][泪] ​​​
季槿phie,20171016,5336,11006,3413,#转发锦鲤带着好运睡啦，众鱼美梦# 晚安周一 (庚戌月 丙子日)。愿望交给锦鲤们，你只管努力就行，握鳍。**。Ｏ。ｏ〇。〇Ｏｏ。*Ｏｏ。*。ｏｏ。*Ｏｏ。*。Ｏｏ。*。。*。Ｏｏｏ。*。ｏ〇Ｏｏ。*ｏ。*Ｏｏ。*。ｏｏＯｏＯ。*Ｏｏ。ｏ。*Ｏ*。ｏ。*。ｏＯｏ。ｏ。*Ｏ*。ｏ。*。ｏＯｏｏ。*。Ｏｏ。*。 ​​​ 全文
季槿phie,20171015,10409,20210,1882,一条写论文会需要的「文献网站」资源合集！ ​​​
季槿phie,20171013,2493,2190,118,鱼衔荷花，总觉得可以带来好运！ ​​​​
季槿phie,20171013,5,0,1,两个point:回避自己的弱点不如试着面对，面对弱点就是最好的锻炼机会开玩笑的话说多了也可能会给别人造成不必要的困扰，不能拿自以为的关心过多干扰别人的选择与做法----一次宣讲会打酱油后的醍醐灌顶的闲聊☻真的还是一个容易受别人影响的女孩子啊[猪头] ​​​
季槿phie,20171013,2,0,1,每天每天的熬夜写作业 觉得自己十月份能摆脱修仙生活实在是太天真了 ​​​
季槿phie,20171011,3,0,0,😑😑😑😑😑看破不说破 ​​​
waterxmz,20170611,44,76,6,无意间网上发现2013年许巍深圳演唱会时观众录的旅行这首歌的视频  视频里一个五六岁的小姑娘一直跟着许巍合唱 小孩子单纯的声音很适合旅行这首歌 真希望许巍能看见这个视频 @许巍音乐之旅 @李延亮 @许巍吧 秒拍视频 . ​​​
waterxmz,20170119,0,0,0,我围观了@纯银V 的回答，该问题价值199.00元，围观仅1元，快来一起围观~ 微博问答:纯银大大…想听听你对产品后台设计的思路，和方法。最近入了一个后台的坑…很痛苦。现状：刚入职，公司产品多（棋牌游戏）而杂，然而后台一团糟（一个游戏一个后台，而且每个 ​​​
waterxmz,20170116,2082,1803,1457,#中科院院士问懵柴静#【震撼视频】中科院院士问懵柴静：中国人是不是人？我们在漫天雾霾里痛苦不堪的苟且愤慨时，这位中科院院士从他的专业视角，一语道破问题的实质所在….. 关于减排、关于产生雾霾...........http://t.cn/RMO5H5n ​​​
waterxmz,20170106,12,0,11,时隔一年终于找回了微博，顺便给2017年第一周成功打卡[心] ​​​
waterxmz,20160206,42569,25792,14506,老奶奶见到偶像，这热情劲……整个蒙逼了！ ​​​
waterxmz,20151026,484937,27150,86534,其实呢 朋友之间有联系很正常 认识那么久了 早就习惯了互相挖苦的玩笑方式 没想到这次的玩笑激起了千层浪 事情远没有大家想得那么复杂 本来就是简单的人 纯粹的交情 只怪故事版本太多 彻底掩盖了真相 ​​​
waterxmz,20151020,12,0,8,始终觉得顺着本心去生活很重要，不投机取巧，不损人利己，不急功近利。专注自身，怀着一颗纯粹而真挚的心看世界。这样的在职人我见过两个，一个是某司的司机，一个是的某楼管，他们的共同点是认真快乐地做着世人眼里平凡的事情。而之所以会有这样的感动和震撼，只是因为所见之处，或多或少入目疮痍。 ​​​
waterxmz,20151014,37001,38817,17783,#琅琊榜大结局# 霓凰以林氏遗属的身份，恳求陛下，重审当年赤炎之案……臣附议……臣等附议……朕抱过你，带你骑过马，陪你放过风筝，你记得吗？逗笑的秒拍视频 ​​​
waterxmz,20150924,22185,42288,20971,分享一首充满魔性的《摩羯座之歌》，哈哈哈很多摩羯听完这首歌整个人都崩溃了！[笑cry][笑cry][笑cry] cr.星座不求人 微博搞笑排行榜的秒拍视频 ​​​
waterxmz,20150923,2,0,6,江左梅郎，麒麟之才。 ​​​
